DateKey,PlantKey,GrossGenerationMWh,NetGenerationMWh,EnergyExportedMWh,AvailabilityPct,CapacityFactorPct,CurtailmentPct,PlannedDowntimeHours,ForcedDowntimeHours,Scope1EmissionsTonnesCO2e,CO2AvoidedTonnes,IsSynthetic
20240101,1,302.368,297.833,296.344,95.94,19.897,0.0,0.0,0.0,0.0,222.258,1
20240102,1,259.652,255.306,254.03,97.692,16.779,0.176,0.0,0.0,0.0,190.522,1
20240103,1,327.758,317.156,315.57,98.667,20.971,1.761,0.0,0.0,0.0,236.678,1
20240104,1,273.467,266.294,264.962,98.053,17.607,1.14,0.0,0.0,0.0,198.722,1
20240105,1,288.74,282.458,281.046,96.479,18.894,0.686,0.0,0.0,0.0,210.784,1
20240106,1,289.006,273.938,272.569,98.298,18.561,3.77,0.304,0.0,0.0,204.427,1
20240107,1,282.656,271.303,269.946,96.732,18.447,2.555,0.0,0.0,0.0,202.46,1
20240108,1,289.666,279.352,277.956,96.24,19.001,2.092,0.0,0.0,0.0,208.467,1
20240109,1,309.649,300.544,299.041,96.502,20.257,1.462,0.0,0.0,0.0,224.281,1
20240110,1,323.61,312.516,310.953,97.835,20.882,1.958,0.0,0.184,0.0,233.215,1
20240111,1,252.123,246.181,244.95,97.02,16.406,0.87,0.0,0.0,0.0,183.713,1
20240112,1,336.337,328.647,327.004,96.201,22.072,0.798,0.0,0.0,0.0,245.253,1
20240113,1,304.07,297.168,295.683,98.379,19.513,0.782,0.0,0.0,0.0,221.762,1
20240114,1,286.552,282.254,280.843,98.787,18.313,0.0,0.0,0.0,0.0,210.632,1
20240115,1,271.347,265.44,264.112,98.246,17.436,0.687,0.0,0.0,0.0,198.084,1
20240116,1,304.203,298.424,296.932,98.438,19.509,0.406,0.0,0.0,0.0,222.699,1
20240117,1,284.219,278.173,276.782,96.927,18.512,0.637,0.0,0.0,0.0,207.587,1
20240118,1,299.328,291.648,290.19,98.221,19.239,1.082,0.0,0.0,0.0,217.642,1
20240119,1,283.956,279.697,278.299,97.38,18.409,0.0,0.0,0.0,0.0,208.724,1
20240120,1,269.031,257.685,256.396,98.1,17.313,2.759,0.0,0.0,0.0,192.297,1
20240121,1,289.826,285.308,283.881,98.606,18.556,0.06,0.0,0.0,0.0,212.911,1
20240122,1,290.972,282.351,280.939,98.76,18.6,1.485,0.0,0.0,0.0,210.704,1
20240123,1,273.634,265.543,264.215,95.331,18.121,1.479,0.0,0.0,0.0,198.161,1
20240124,1,305.764,296.915,295.431,99.903,19.322,1.415,0.0,0.0,0.0,221.573,1
20240125,1,310.927,297.21,295.724,99.539,19.72,2.956,0.0,0.0,0.0,221.793,1
20240126,1,260.223,256.319,255.038,96.54,17.017,0.0,0.0,0.0,0.0,191.278,1
20240127,1,316.429,306.77,305.236,97.167,20.559,1.576,0.0,0.0,0.0,228.927,1
20240128,1,332.212,327.188,325.552,100.0,20.973,0.013,0.0,0.0,0.0,244.164,1
20240129,1,236.368,231.739,230.58,97.902,15.242,0.465,0.0,0.0,0.0,172.935,1
20240130,1,300.162,295.659,294.181,99.099,19.122,0.0,0.0,0.0,0.0,220.636,1
20240131,1,247.813,235.988,234.808,96.771,16.167,3.322,0.0,0.0,0.0,176.106,1
20240201,1,308.809,304.049,302.529,98.974,19.698,0.042,0.0,0.0,0.0,226.897,1
20240202,1,286.052,281.433,280.026,100.0,18.059,0.116,0.0,0.0,0.0,210.02,1
20240203,1,331.145,324.827,323.203,98.077,21.315,0.414,0.0,0.0,0.0,242.402,1
20240204,1,312.843,303.815,302.296,96.818,20.399,1.407,0.0,0.0,0.0,226.722,1
20240205,1,350.629,335.813,334.134,97.74,22.648,2.767,0.0,0.0,0.0,250.6,1
20240206,1,307.246,293.428,291.961,96.884,20.021,3.043,0.0,0.0,0.0,218.971,1
20240207,1,302.817,288.526,287.083,95.663,19.984,3.268,0.0,0.0,0.0,215.312,1
20240208,1,296.403,283.53,282.112,96.925,19.306,2.886,0.0,0.0,0.0,211.584,1
20240209,1,279.692,272.731,271.367,98.465,17.933,1.004,0.0,0.0,0.0,203.525,1
20240210,1,321.848,317.02,315.435,99.611,20.398,0.0,0.0,0.0,0.0,236.576,1
20240211,1,299.903,293.044,291.579,96.235,19.674,0.799,0.0,0.0,0.0,218.684,1
20240212,1,327.151,316.488,314.906,95.51,21.624,1.786,0.0,0.0,0.0,236.179,1
20240213,1,290.262,277.889,276.499,97.008,18.89,2.805,0.0,0.0,0.0,207.375,1
20240214,1,299.242,294.753,293.279,96.456,19.586,0.0,0.253,0.0,0.0,219.959,1
20240215,1,311.773,306.556,305.023,97.842,20.117,0.176,0.0,0.0,0.0,228.767,1
20240216,1,292.968,287.636,286.197,95.305,19.407,0.325,0.0,0.385,0.0,214.648,1
20240217,1,279.509,273.762,272.393,94.279,18.717,0.565,0.0,0.0,0.0,204.295,1
20240218,1,282.421,267.739,266.4,97.359,18.313,3.755,0.0,0.0,0.0,199.8,1
20240219,1,266.181,262.189,260.878,95.855,17.531,0.0,0.0,0.0,0.0,195.658,1
20240220,1,301.623,294.408,292.936,98.012,19.428,0.906,0.0,0.0,0.0,219.702,1
20240221,1,338.823,333.74,332.072,98.152,21.793,0.0,0.0,0.0,0.0,249.054,1
20240222,1,304.381,294.521,293.048,97.1,19.79,1.766,0.0,0.0,0.0,219.786,1
20240223,1,346.518,337.224,335.538,97.733,22.384,1.2,0.0,0.0,0.0,251.654,1
20240224,1,293.443,278.313,276.921,97.975,18.908,3.712,0.0,0.0,0.0,207.691,1
20240225,1,367.396,356.401,354.619,98.079,23.649,1.515,0.0,0.0,0.0,265.964,1
20240226,1,322.731,317.89,316.3,94.883,21.473,0.0,0.0,0.0,0.0,237.225,1
20240227,1,303.58,295.81,294.33,97.896,19.577,1.076,0.0,0.0,0.0,220.748,1
20240228,1,310.919,303.451,301.933,97.729,20.085,0.916,0.0,0.0,0.0,226.45,1
20240229,1,326.23,316.216,314.634,97.944,21.028,1.594,0.0,0.0,0.0,235.976,1
20240301,1,366.468,356.905,355.12,95.199,24.302,1.126,0.0,0.0,0.0,266.34,1
20240302,1,285.708,272.195,270.834,96.998,18.595,3.279,0.0,0.0,0.0,203.125,1
20240303,1,362.271,349.01,347.265,98.159,23.3,2.194,0.0,0.0,0.0,260.448,1
20240304,1,313.648,308.943,307.399,97.6,20.288,0.0,0.0,0.0,0.0,230.549,1
20240305,1,348.201,331.369,329.712,97.214,22.612,3.385,0.0,0.0,0.0,247.284,1
20240306,1,340.192,333.153,331.487,95.142,22.573,0.578,0.0,0.0,0.0,248.615,1
20240307,1,378.821,368.515,366.672,98.456,24.29,1.239,0.0,0.0,0.0,275.004,1
20240308,1,284.179,272.677,271.313,96.493,18.593,2.586,0.0,0.0,0.0,203.485,1
20240309,1,335.651,325.007,323.382,94.063,22.528,1.697,0.0,0.0,0.0,242.537,1
20240310,1,370.042,364.492,362.669,94.405,24.746,0.0,0.0,0.0,0.0,272.002,1
20240311,1,380.923,367.042,365.207,98.053,24.526,2.177,0.0,0.0,0.0,273.905,1
20240312,1,367.828,361.716,359.908,97.849,23.732,0.164,0.0,0.0,0.0,269.931,1
20240313,1,326.549,321.651,320.043,97.271,21.194,0.0,0.0,0.0,0.0,240.032,1
20240314,1,336.65,326.816,325.182,99.722,21.312,1.443,0.0,0.0,0.0,243.886,1
20240315,1,362.724,349.386,347.639,97.517,23.482,2.21,0.0,0.0,0.0,260.729,1
20240316,1,363.213,346.584,344.851,100.0,22.93,3.125,0.0,0.0,0.0,258.638,1
20240317,1,321.792,316.965,315.38,97.662,20.802,0.0,0.0,0.0,0.0,236.535,1
20240318,1,280.248,271.816,270.457,96.309,18.37,1.532,0.0,0.0,0.0,202.843,1
20240319,1,280.723,271.67,270.312,94.035,18.847,1.751,0.0,0.0,0.0,202.734,1
20240320,1,364.76,352.692,350.928,97.707,23.568,1.836,0.0,0.0,0.0,263.196,1
20240321,1,316.352,309.34,307.793,97.231,20.541,0.728,0.0,0.0,0.0,230.845,1
20240322,1,358.827,353.445,351.677,97.101,23.329,0.0,0.429,0.0,0.0,263.758,1
20240323,1,282.195,275.576,274.198,94.0,18.953,0.858,0.0,0.0,0.0,205.649,1
20240324,1,357.541,351.203,349.447,99.134,22.769,0.277,0.0,0.0,0.0,262.086,1
20240325,1,393.422,387.52,385.583,97.638,25.438,0.0,0.0,0.0,0.0,289.187,1
20240326,1,314.652,309.932,308.382,96.963,20.487,0.0,0.0,0.0,0.0,231.287,1
20240327,1,356.337,342.871,341.156,95.939,23.448,2.314,0.141,0.0,0.0,255.867,1
20240328,1,325.813,315.427,313.85,96.699,21.271,1.713,0.0,0.0,0.0,235.388,1
20240329,1,345.993,338.115,336.425,97.993,22.29,0.789,0.0,0.0,0.0,252.318,1
20240330,1,305.048,295.485,294.007,99.101,19.433,1.66,0.0,0.0,0.0,220.505,1
20240331,1,350.599,340.909,339.204,98.023,22.58,1.283,0.0,0.0,0.0,254.403,1
20240401,1,366.25,356.54,354.757,99.114,23.328,1.169,0.0,0.0,0.0,266.068,1
20240402,1,362.317,356.882,355.098,96.25,23.765,0.0,0.0,0.0,0.0,266.323,1
20240403,1,339.187,333.947,332.278,97.06,22.062,0.045,0.0,0.0,0.0,249.208,1
20240404,1,368.497,355.917,354.138,96.889,24.011,1.943,0.0,0.0,0.0,265.603,1
20240405,1,353.104,332.792,331.128,99.096,22.495,4.317,0.0,0.0,0.0,248.346,1
20240406,1,377.066,367.207,365.371,99.65,23.888,1.132,0.0,0.0,0.0,274.028,1
20240407,1,351.707,339.507,337.809,96.331,23.049,1.999,0.0,0.0,0.0,253.357,1
20240408,1,405.127,395.74,393.761,98.05,26.085,0.83,0.0,0.0,0.0,295.321,1
20240409,1,387.566,370.924,369.069,94.753,25.823,2.837,0.0,0.0,0.0,276.802,1
20240410,1,394.303,386.261,384.33,96.421,25.817,0.548,0.0,0.0,0.0,288.247,1
20240411,1,459.167,452.279,450.018,98.152,29.533,0.0,0.0,0.0,0.0,337.513,1
20240412,1,358.095,345.662,343.934,97.649,23.151,2.002,0.417,0.0,0.0,257.95,1
20240413,1,349.081,343.381,341.664,98.847,22.295,0.135,0.0,0.0,0.0,256.248,1
20240414,1,419.381,400.921,398.916,97.213,27.235,2.946,0.0,0.0,0.0,299.187,1
20240415,1,378.724,372.779,370.916,97.887,24.425,0.071,0.0,0.0,0.0,278.187,1
20240416,1,359.329,351.98,350.22,98.179,23.106,0.553,0.0,0.0,0.0,262.665,1
20240417,1,402.513,395.649,393.671,93.909,27.059,0.209,0.0,0.0,0.0,295.253,1
20240418,1,384.404,373.17,371.304,97.231,24.959,1.444,0.0,0.0,0.0,278.478,1
20240419,1,343.047,331.59,329.932,98.56,21.973,1.868,0.0,0.0,0.0,247.449,1
20240420,1,399.913,392.749,390.785,100.0,25.247,0.296,0.0,0.0,0.0,293.089,1
20240421,1,334.211,328.759,327.115,95.633,22.063,0.133,0.0,0.0,0.0,245.336,1
20240422,1,380.473,366.22,364.389,98.001,24.51,2.28,0.0,0.0,0.0,273.292,1
20240423,1,409.753,397.853,395.864,97.261,26.597,1.426,0.0,0.0,0.0,296.898,1
20240424,1,327.825,318.297,316.705,97.398,21.249,1.428,0.0,0.0,0.0,237.529,1
20240425,1,335.745,325.298,323.671,99.504,21.302,1.636,0.0,0.0,0.0,242.753,1
20240426,1,287.944,277.79,276.401,95.765,18.982,2.057,0.0,0.0,0.0,207.301,1
20240427,1,456.462,435.527,433.349,95.735,30.101,3.133,0.0,0.0,0.0,325.012,1
20240428,1,342.515,335.045,333.369,97.874,22.093,0.691,0.0,0.0,0.0,250.027,1
20240429,1,319.13,307.506,305.968,95.578,21.079,2.175,0.0,0.0,0.0,229.476,1
20240430,1,389.699,373.377,371.51,94.838,25.941,2.729,0.0,0.0,0.0,278.633,1
20240501,1,364.179,352.483,350.721,96.545,23.814,1.738,0.0,0.0,0.0,263.041,1
20240502,1,329.984,325.034,323.409,98.307,21.191,0.0,0.0,0.0,0.0,242.557,1
20240503,1,407.337,395.249,393.273,96.29,26.707,1.49,0.0,0.0,0.0,294.955,1
20240504,1,380.019,372.61,370.747,99.677,24.069,0.456,0.0,0.179,0.0,278.06,1
20240505,1,412.531,406.343,404.311,96.7,26.932,0.0,0.0,0.0,0.0,303.233,1
20240506,1,309.779,305.132,303.607,99.916,19.573,0.0,0.0,0.0,0.0,227.705,1
20240507,1,385.483,372.503,370.641,97.071,25.07,1.895,0.0,0.0,0.0,277.981,1
20240508,1,412.087,400.198,398.197,95.258,27.311,1.406,0.0,0.0,0.0,298.647,1
20240509,1,387.519,381.706,379.797,97.287,25.147,0.0,0.0,0.0,0.0,284.848,1
20240510,1,334.16,325.886,324.257,97.747,21.582,0.991,0.0,0.0,0.0,243.192,1
20240511,1,463.629,450.222,447.971,95.844,30.539,1.413,0.0,0.0,0.0,335.978,1
20240512,1,452.236,444.931,442.706,97.014,29.429,0.117,0.0,0.0,0.0,332.03,1
20240513,1,392.064,379.315,377.419,97.378,25.418,1.778,0.0,0.0,0.0,283.064,1
20240514,1,371.037,364.216,362.395,93.653,25.012,0.343,0.0,0.0,0.0,271.796,1
20240515,1,359.43,348.154,346.413,98.754,22.978,1.662,0.0,0.0,0.0,259.81,1
20240516,1,429.538,414.844,412.77,98.082,27.648,1.95,0.0,0.0,0.0,309.577,1
20240517,1,458.57,448.631,446.388,96.718,29.932,0.678,0.0,0.0,0.0,334.791,1
20240518,1,396.952,388.299,386.357,98.686,25.394,0.69,0.0,0.0,0.0,289.768,1
20240519,1,424.329,416.873,414.788,97.131,27.58,0.261,0.0,0.0,0.0,311.091,1
20240520,1,313.231,300.71,299.206,96.055,20.587,2.536,0.0,0.0,0.0,224.405,1
20240521,1,398.446,392.356,390.394,95.954,26.215,0.029,0.0,0.0,0.0,292.796,1
20240522,1,381.417,371.249,369.393,98.338,24.486,1.184,0.0,0.0,0.0,277.045,1
20240523,1,439.21,432.622,430.458,95.947,28.899,0.0,0.117,0.0,0.0,322.844,1
20240524,1,444.297,426.457,424.325,96.974,28.924,2.554,0.0,0.0,0.0,318.243,1
20240525,1,316.001,306.471,304.938,95.255,20.943,1.539,0.0,0.0,0.0,228.704,1
20240526,1,444.268,432.047,429.886,95.79,29.28,1.27,0.0,0.0,0.0,322.415,1
20240527,1,442.735,426.637,424.504,97.218,28.75,2.168,0.0,0.291,0.0,318.378,1
20240528,1,341.293,336.173,334.492,94.129,22.89,0.0,0.0,0.0,0.0,250.869,1
20240529,1,344.661,333.314,331.647,97.649,22.283,1.82,0.0,0.0,0.0,248.735,1
20240530,1,402.31,396.275,394.294,96.16,26.413,0.0,0.0,0.0,0.0,295.72,1
20240531,1,524.642,505.269,502.743,100.0,33.121,2.226,0.0,0.0,0.0,377.057,1
20240601,1,455.707,439.499,437.301,98.164,29.307,2.088,0.0,0.0,0.0,327.976,1
20240602,1,455.792,448.955,446.711,98.011,29.359,0.0,0.0,0.0,0.0,335.033,1
20240603,1,511.724,489.831,487.381,100.0,32.306,2.821,0.0,0.0,0.0,365.536,1
20240604,1,429.772,417.938,415.849,97.804,27.741,1.272,0.0,0.0,0.0,311.886,1
20240605,1,372.579,362.536,360.724,97.423,24.144,1.214,0.719,0.0,0.0,270.543,1
20240606,1,440.49,429.462,427.315,97.566,28.502,1.019,0.0,0.0,0.0,320.486,1
20240607,1,390.51,384.652,382.729,95.625,25.781,0.0,0.0,0.0,0.0,287.047,1
20240608,1,432.254,420.462,418.36,98.994,27.566,1.247,0.0,0.0,0.0,313.77,1
20240609,1,388.677,372.338,370.477,95.874,25.594,2.745,0.0,0.0,0.0,277.857,1
20240610,1,479.059,464.98,462.655,97.302,31.082,1.461,0.0,0.0,0.0,346.991,1
20240611,1,420.633,412.474,410.412,96.633,27.48,0.446,0.0,0.0,0.0,307.809,1
20240612,1,444.581,437.913,435.723,96.897,28.966,0.0,0.0,0.0,0.0,326.792,1
20240613,1,422.733,416.392,414.31,99.657,26.78,0.0,0.0,0.0,0.0,310.732,1
20240614,1,333.204,324.731,323.107,94.707,22.211,1.059,0.0,0.0,0.0,242.331,1
20240615,1,468.567,461.538,459.231,93.491,31.641,0.0,0.0,0.0,0.0,344.423,1
20240616,1,414.918,396.789,394.805,96.371,27.181,2.913,0.0,0.0,0.0,296.104,1
20240617,1,514.542,490.077,487.626,96.996,33.49,3.304,0.0,0.0,0.0,365.72,1
20240618,1,434.287,418.27,416.179,97.697,28.064,2.222,0.0,0.0,0.0,312.134,1
20240619,1,413.124,397.607,395.619,98.953,26.357,2.29,0.0,0.0,0.0,296.715,1
20240620,1,441.807,427.739,425.6,97.918,28.485,1.71,0.0,0.0,0.0,319.2,1
20240621,1,357.646,348.301,346.559,98.5,22.923,1.13,0.0,0.0,0.0,259.92,1
20240622,1,438.504,428.852,426.708,96.46,28.699,0.712,0.0,0.0,0.0,320.031,1
20240623,1,413.971,402.56,400.547,97.43,26.824,1.276,0.0,0.0,0.0,300.41,1
20240624,1,346.353,337.487,335.8,94.562,23.123,1.076,0.0,0.0,0.0,251.85,1
20240625,1,441.155,434.537,432.365,97.838,28.466,0.0,0.0,0.0,0.0,324.273,1
20240626,1,394.764,388.843,386.899,97.933,25.448,0.0,0.0,0.0,0.0,290.174,1
20240627,1,361.689,351.824,350.065,96.25,23.723,1.246,0.0,0.0,0.0,262.548,1
20240628,1,435.131,420.998,418.893,99.074,27.727,1.775,0.0,0.0,0.0,314.17,1
20240629,1,376.651,359.478,357.681,98.085,24.243,3.106,0.0,0.0,0.0,268.261,1
20240630,1,425.75,413.979,411.909,100.0,26.878,1.284,0.0,0.0,0.0,308.932,1
20240701,1,390.698,383.093,381.178,96.372,25.594,0.453,0.0,0.0,0.0,285.883,1
20240702,1,495.648,479.254,476.857,99.236,31.532,1.835,0.0,0.0,0.0,357.643,1
20240703,1,489.346,475.532,473.154,94.679,32.629,1.343,0.0,0.0,0.0,354.866,1
20240704,1,417.269,404.037,402.017,97.251,27.087,1.697,0.0,0.0,0.0,301.512,1
20240705,1,434.095,416.473,414.391,97.614,28.075,2.598,0.0,0.0,0.0,310.793,1
20240706,1,519.709,506.31,503.778,97.964,33.492,1.095,0.0,0.0,0.0,377.834,1
20240707,1,492.498,476.432,474.05,98.799,31.47,1.789,0.0,0.0,0.0,355.538,1
20240708,1,499.949,492.45,489.988,97.934,32.228,0.0,0.0,0.0,0.0,367.491,1
20240709,1,435.627,421.485,419.378,92.027,29.884,1.773,0.0,0.0,0.0,314.533,1
20240710,1,388.624,367.898,366.059,96.432,25.442,3.892,0.0,0.0,0.0,274.544,1
20240711,1,447.394,440.683,438.48,98.112,28.788,0.0,0.0,0.0,0.0,328.86,1
20240712,1,439.622,431.688,429.53,97.447,28.481,0.309,0.0,0.0,0.0,322.147,1
20240713,1,486.148,471.828,469.468,97.552,31.461,1.468,0.0,0.0,0.0,352.101,1
20240714,1,464.959,454.755,452.482,96.0,30.576,0.705,0.0,0.0,0.0,339.361,1
20240715,1,384.365,373.014,371.149,98.166,24.719,1.475,0.0,0.0,0.0,278.362,1
20240716,1,480.208,469.046,466.701,98.062,30.915,0.837,0.0,0.0,0.0,350.026,1
20240717,1,428.888,410.72,408.666,98.806,27.403,2.778,0.0,0.0,0.0,306.499,1
20240718,1,442.119,429.578,427.43,98.029,28.473,1.357,0.0,0.0,0.0,320.573,1
20240719,1,480.691,464.197,461.876,97.411,31.153,1.961,0.0,0.0,0.0,346.407,1
20240720,1,446.852,430.873,428.719,98.01,28.783,2.107,0.0,0.0,0.0,321.539,1
20240721,1,452.321,445.536,443.309,95.648,29.855,0.0,0.0,0.0,0.0,332.482,1
20240722,1,391.43,382.491,380.578,95.968,25.75,0.796,0.0,0.0,0.0,285.434,1
20240723,1,473.874,457.714,455.425,98.01,30.524,1.939,0.0,0.0,0.0,341.569,1
20240724,1,348.201,338.882,337.187,96.953,22.673,1.194,0.0,0.0,0.0,252.89,1
20240725,1,498.779,482.542,480.129,99.281,31.716,1.782,0.0,0.0,0.0,360.097,1
20240726,1,419.806,404.549,402.526,97.498,27.183,2.167,0.0,0.0,0.0,301.895,1
20240727,1,465.999,452.939,450.675,96.068,30.623,1.322,0.0,0.0,0.0,338.006,1
20240728,1,403.499,397.234,395.248,96.211,26.477,0.053,0.0,0.0,0.0,296.436,1
20240729,1,452.866,427.631,425.493,95.637,29.894,4.134,0.0,0.0,0.0,319.12,1
20240730,1,389.751,378.753,376.859,99.708,24.678,1.342,0.0,0.0,0.0,282.644,1
20240731,1,460.19,441.689,439.481,97.269,29.868,2.559,0.0,0.0,0.0,329.61,1
20240801,1,412.446,394.339,392.367,97.41,26.731,2.934,0.0,0.0,0.0,294.275,1
20240802,1,436.127,429.585,427.437,97.205,28.325,0.0,0.0,0.0,0.0,320.578,1
20240803,1,401.632,393.645,391.677,97.84,25.915,0.496,0.0,0.0,0.0,293.758,1
20240804,1,505.043,491.128,488.672,97.866,32.579,1.274,0.0,0.0,0.0,366.504,1
20240805,1,441.602,426.349,424.217,96.888,28.775,1.984,0.0,0.0,0.0,318.163,1
20240806,1,422.996,410.75,408.696,96.606,27.643,1.416,0.0,0.0,0.0,306.522,1
20240807,1,417.518,401.515,399.507,99.339,26.534,2.368,0.0,0.0,0.0,299.63,1
20240808,1,501.001,484.487,482.064,99.195,31.885,1.824,0.0,0.0,0.0,361.548,1
20240809,1,393.686,377.061,375.176,98.551,25.219,2.764,0.0,0.0,0.0,281.382,1
20240810,1,484.484,472.867,470.503,99.731,30.669,0.911,0.0,0.0,0.0,352.877,1
20240811,1,441.341,427.667,425.529,97.618,28.542,1.622,0.0,0.0,0.0,319.147,1
20240812,1,395.393,385.649,383.721,98.175,25.426,0.979,0.0,0.0,0.0,287.791,1
20240813,1,434.233,427.72,425.581,100.0,27.414,0.0,0.0,0.0,0.0,319.186,1
20240814,1,394.04,384.24,382.319,97.105,25.618,1.002,0.0,0.0,0.0,286.739,1
20240815,1,490.198,477.029,474.644,97.593,31.71,1.205,0.0,0.0,0.0,355.983,1
20240816,1,489.496,476.284,473.903,94.021,32.868,1.217,0.0,0.0,0.0,355.427,1
20240817,1,465.674,447.514,445.277,98.21,29.935,2.436,0.0,0.0,0.0,333.958,1
20240818,1,446.21,430.563,428.41,98.944,28.471,2.037,0.0,0.0,0.0,321.307,1
20240819,1,435.797,429.26,427.114,97.502,28.217,0.0,0.0,0.0,0.0,320.335,1
20240820,1,377.076,371.354,369.497,96.955,24.553,0.018,0.0,0.0,0.0,277.123,1
20240821,1,402.596,396.557,394.574,100.0,25.416,0.0,0.0,0.04,0.0,295.931,1
20240822,1,346.291,341.097,339.391,97.325,22.463,0.0,0.0,0.0,0.0,254.543,1
20240823,1,396.217,390.273,388.322,97.723,25.597,0.0,0.0,0.0,0.0,291.242,1
20240824,1,457.897,447.328,445.091,96.3,30.018,0.821,0.0,0.0,0.0,333.818,1
20240825,1,446.007,428.733,426.59,98.419,28.609,2.409,0.0,0.0,0.0,319.942,1
20240826,1,419.279,412.99,410.925,98.625,26.839,0.0,0.0,0.0,0.0,308.194,1
20240827,1,394.011,385.708,383.78,99.727,24.942,0.617,0.0,0.0,0.0,287.835,1
20240828,1,440.771,432.661,430.498,97.346,28.585,0.345,0.0,0.0,0.0,322.873,1
20240829,1,395.468,387.148,385.212,100.0,24.966,0.613,0.0,0.0,0.0,288.909,1
20240830,1,409.46,403.318,401.301,96.43,26.807,0.0,0.0,0.0,0.0,300.976,1
20240831,1,320.222,306.749,305.215,95.707,21.123,2.749,0.0,0.0,0.0,228.911,1
20240901,1,442.499,433.647,431.479,98.674,28.311,0.508,0.337,0.0,0.0,323.609,1
20240902,1,446.315,439.62,437.422,98.349,28.649,0.0,0.0,0.0,0.0,328.067,1
20240903,1,423.779,409.556,407.508,97.991,27.302,1.885,0.0,0.0,0.0,305.631,1
20240904,1,453.408,432.225,430.064,99.828,28.674,3.22,0.0,0.0,0.0,322.548,1
20240905,1,400.294,394.29,392.318,99.067,25.509,0.0,0.0,0.0,0.0,294.239,1
20240906,1,398.131,391.203,389.247,95.161,26.413,0.244,0.0,0.0,0.0,291.935,1
20240907,1,421.752,410.633,408.579,96.412,27.617,1.154,0.0,0.0,0.0,306.435,1
20240908,1,481.214,463.782,461.463,96.777,31.392,2.155,0.0,0.0,0.0,346.097,1
20240909,1,393.196,379.574,377.676,97.426,25.479,1.994,0.0,0.0,0.0,283.257,1
20240910,1,441.561,431.676,429.517,98.39,28.332,0.75,0.0,0.0,0.0,322.138,1
20240911,1,420.981,407.881,405.842,96.565,27.523,1.636,0.0,0.0,0.0,304.381,1
20240912,1,407.114,392.366,390.404,99.29,25.885,2.155,0.0,0.0,0.0,292.803,1
20240913,1,411.628,390.84,388.886,97.876,26.551,3.604,0.0,0.0,0.0,291.664,1
20240914,1,441.122,434.506,432.333,97.755,28.488,0.0,0.0,0.0,0.0,324.25,1
20240915,1,421.202,414.884,412.81,98.768,26.923,0.0,0.0,0.0,0.0,309.607,1
20240916,1,365.498,353.041,351.276,97.58,23.647,1.937,0.0,0.0,0.0,263.457,1
20240917,1,431.788,413.915,411.846,97.123,28.067,2.679,0.0,0.0,0.0,308.884,1
20240918,1,288.719,283.279,281.863,96.979,18.795,0.39,0.0,0.0,0.0,211.397,1
20240919,1,420.58,414.272,412.2,98.348,26.998,0.0,0.0,0.203,0.0,309.15,1
20240920,1,441.931,435.302,433.125,96.359,28.954,0.0,0.0,0.0,0.0,324.844,1
20240921,1,413.596,403.109,401.094,98.951,26.388,1.051,0.0,0.0,0.0,300.82,1
20240922,1,414.377,401.94,399.931,94.683,27.629,1.524,0.0,0.0,0.0,299.948,1
20240923,1,422.924,398.03,396.04,100.0,26.7,4.453,0.0,0.0,0.0,297.03,1
20240924,1,381.649,373.789,371.92,96.303,25.019,0.568,0.0,0.0,0.0,278.94,1
20240925,1,362.038,352.795,351.031,100.0,22.856,1.069,0.0,0.0,0.0,263.273,1
20240926,1,385.794,372.155,370.294,98.343,24.766,2.066,0.0,0.0,0.0,277.721,1
20240927,1,469.361,459.049,456.754,98.199,30.175,0.708,0.0,0.0,0.0,342.565,1
20240928,1,377.846,363.862,362.043,96.933,24.609,2.234,0.0,0.0,0.0,271.532,1
20240929,1,376.133,360.507,358.705,98.065,24.214,2.695,0.0,0.0,0.0,269.029,1
20240930,1,414.771,408.549,406.507,95.228,27.497,0.0,0.0,0.0,0.0,304.88,1
20241001,1,387.463,375.737,373.858,98.047,24.948,1.549,0.0,0.0,0.0,280.394,1
20241002,1,450.056,438.861,436.667,99.339,28.602,1.002,0.0,0.0,0.0,327.5,1
20241003,1,316.962,307.201,305.665,97.641,20.494,1.604,0.0,0.0,0.0,229.249,1
20241004,1,343.861,332.76,331.096,96.492,22.498,1.755,0.0,0.0,0.0,248.322,1
20241005,1,317.831,307.145,305.609,100.0,20.065,1.891,0.0,0.0,0.0,229.207,1
20241006,1,332.328,325.695,324.067,99.274,21.134,0.503,0.119,0.0,0.0,243.05,1
20241007,1,406.591,393.22,391.254,97.884,26.224,1.816,0.0,0.0,0.0,293.44,1
20241008,1,370.885,354.941,353.167,100.0,23.414,2.841,0.0,0.0,0.0,264.875,1
20241009,1,352.919,343.337,341.621,100.0,22.28,1.234,0.0,0.0,0.0,256.215,1
20241010,1,365.553,354.966,353.191,97.186,23.746,1.418,0.0,0.0,0.0,264.893,1
20241011,1,343.859,331.607,329.949,98.737,21.986,2.095,0.0,0.0,0.0,247.461,1
20241012,1,357.065,346.488,344.756,96.107,23.455,1.484,0.0,0.0,0.0,258.567,1
20241013,1,365.467,350.824,349.07,96.84,23.825,2.545,0.0,0.0,0.0,261.802,1
20241014,1,347.118,338.399,336.707,98.041,22.352,1.027,0.0,0.0,0.0,252.53,1
20241015,1,388.915,381.212,379.306,100.0,24.553,0.488,0.0,0.0,0.0,284.479,1
20241016,1,358.062,342.249,340.538,98.265,23.004,2.961,0.0,0.0,0.0,255.404,1
20241017,1,371.053,359.535,357.737,100.0,23.425,1.629,0.0,0.0,0.0,268.303,1
20241018,1,395.346,380.123,378.222,96.413,25.887,2.386,0.0,0.0,0.0,283.667,1
20241019,1,357.656,352.292,350.53,95.57,23.626,0.0,0.0,0.0,0.0,262.898,1
20241020,1,372.448,363.299,361.483,99.188,23.706,0.971,0.0,0.0,0.0,271.112,1
20241021,1,364.109,347.002,345.267,100.0,22.987,3.247,0.0,0.0,0.0,258.95,1
20241022,1,379.057,365.407,363.58,98.345,24.333,2.133,0.0,0.0,0.0,272.685,1
20241023,1,333.8,324.142,322.521,98.817,21.325,1.414,0.0,0.0,0.0,241.891,1
20241024,1,334.979,327.395,325.758,97.466,21.697,0.776,0.0,0.0,0.0,244.318,1
20241025,1,318.138,313.366,311.799,97.984,20.498,0.0,0.0,0.0,0.0,233.85,1
20241026,1,331.309,323.252,321.636,96.563,21.66,0.946,0.0,0.0,0.0,241.227,1
20241027,1,358.958,348.769,347.026,94.339,24.021,1.359,0.0,0.0,0.0,260.269,1
20241028,1,357.506,352.143,350.382,98.322,22.955,0.0,0.0,0.0,0.0,262.787,1
20241029,1,354.331,349.016,347.271,96.428,23.198,0.0,0.0,0.0,0.0,260.453,1
20241030,1,292.412,286.037,284.607,93.375,19.77,0.691,0.0,0.0,0.0,213.455,1
20241031,1,393.158,380.033,378.132,99.298,24.996,1.866,0.0,0.0,0.0,283.599,1
20241101,1,363.382,357.757,355.968,98.972,23.179,0.049,0.0,0.0,0.0,266.976,1
20241102,1,362.297,353.697,351.929,94.969,24.084,0.887,0.0,0.0,0.0,263.946,1
20241103,1,375.153,366.141,364.311,97.855,24.203,0.916,0.0,0.0,0.0,273.233,1
20241104,1,278.953,274.769,273.395,96.295,18.288,0.0,0.0,0.0,0.0,205.046,1
20241105,1,314.805,308.7,307.156,96.627,20.568,0.446,0.0,0.0,0.0,230.367,1
20241106,1,320.168,313.064,311.499,98.657,20.488,0.73,0.0,0.0,0.0,233.624,1
20241107,1,340.538,333.96,332.29,96.275,22.33,0.438,0.0,0.0,0.0,249.218,1
20241108,1,300.264,292.122,290.662,97.743,19.394,1.23,0.0,0.0,0.0,217.996,1
20241109,1,332.112,327.131,325.495,98.012,21.392,0.0,0.0,0.0,0.0,244.121,1
20241110,1,343.003,328.98,327.335,99.043,21.863,2.628,0.0,0.0,0.0,245.502,1
20241111,1,333.202,328.204,326.563,98.325,21.394,0.0,0.0,0.0,0.0,244.922,1
20241112,1,259.735,255.839,254.56,98.914,16.577,0.0,0.0,0.0,0.0,190.92,1
20241113,1,285.553,276.367,274.985,97.239,18.539,1.743,0.0,0.0,0.0,206.239,1
20241114,1,344.136,335.13,333.455,97.858,22.201,1.134,0.0,0.0,0.0,250.091,1
20241115,1,375.813,359.701,357.902,99.397,23.87,2.83,0.0,0.0,0.0,268.427,1
20241116,1,347.873,337.357,335.671,97.793,22.457,1.546,0.0,0.0,0.0,251.753,1
20241117,1,320.487,309.876,308.326,97.436,20.765,1.839,0.0,0.0,0.0,231.245,1
20241118,1,411.946,398.086,396.096,94.835,27.423,1.893,0.0,0.0,0.0,297.072,1
20241119,1,332.287,318.929,317.334,98.643,21.266,2.558,0.0,0.0,0.0,238.001,1
20241120,1,255.598,251.764,250.505,99.886,16.155,0.0,0.0,0.0,0.0,187.879,1
20241121,1,298.561,286.726,285.293,97.719,19.289,2.501,0.0,0.0,0.0,213.97,1
20241122,1,270.709,266.648,265.315,98.961,17.27,0.0,0.0,0.0,0.0,198.986,1
20241123,1,326.551,317.587,315.999,93.879,21.96,1.264,0.0,0.0,0.0,236.999,1
20241124,1,323.822,317.077,315.491,99.254,20.597,0.592,0.0,0.0,0.0,236.618,1
20241125,1,364.824,359.352,357.555,98.304,23.429,0.0,0.0,0.0,0.0,268.166,1
20241126,1,323.474,305.672,304.143,94.86,21.528,4.064,0.0,0.0,0.0,228.108,1
20241127,1,283.562,278.291,276.899,97.346,18.39,0.365,0.0,0.0,0.0,207.674,1
20241128,1,325.346,316.964,315.379,97.503,21.066,1.093,0.0,0.0,0.0,236.534,1
20241129,1,267.161,263.154,261.838,97.703,17.263,0.0,0.0,0.0,0.0,196.379,1
20241130,1,349.669,344.424,342.702,98.047,22.515,0.0,0.0,0.0,0.0,257.026,1
20241201,1,304.248,298.024,296.534,99.343,19.335,0.554,0.0,0.0,0.0,222.4,1
20241202,1,321.833,317.006,315.421,97.288,20.884,0.0,0.0,0.0,0.0,236.566,1
20241203,1,268.309,262.59,261.277,96.702,17.516,0.641,0.0,0.0,0.0,195.958,1
20241204,1,377.079,366.336,364.504,94.893,25.087,1.37,0.0,0.0,0.0,273.378,1
20241205,1,240.548,233.358,232.191,97.855,15.519,1.512,0.0,0.0,0.0,174.144,1
20241206,1,342.58,330.796,329.142,97.254,22.238,1.969,0.0,0.0,0.0,246.857,1
20241207,1,302.454,296.231,294.75,95.981,19.894,0.566,0.0,0.0,0.0,221.063,1
20241208,1,322.041,315.926,314.347,95.492,21.291,0.405,0.0,0.0,0.0,235.76,1
20241209,1,375.161,367.447,365.609,99.191,23.878,0.565,0.0,0.0,0.0,274.207,1
20241210,1,311.025,303.471,301.954,97.556,20.127,0.943,0.0,0.0,0.0,226.466,1
20241211,1,261.405,254.979,253.704,96.725,17.062,0.973,0.0,0.0,0.0,190.278,1
20241212,1,282.525,273.256,271.89,97.667,18.262,1.808,0.0,0.0,0.0,203.917,1
20241213,1,269.11,260.894,259.59,98.507,17.247,1.577,0.0,0.0,0.0,194.692,1
20241214,1,294.896,289.275,287.828,98.839,18.836,0.412,0.0,0.0,0.0,215.871,1
20241215,1,292.933,277.225,275.839,99.149,18.652,3.921,0.0,0.0,0.0,206.879,1
20241216,1,273.625,268.324,266.983,97.606,17.698,0.444,0.0,0.0,0.0,200.237,1
20241217,1,267.608,257.767,256.479,95.922,17.613,2.211,0.0,0.0,0.0,192.359,1
20241218,1,282.818,276.742,275.358,100.0,17.855,0.658,0.0,0.0,0.0,206.518,1
20241219,1,299.177,290.103,288.652,95.557,19.766,1.556,0.0,0.0,0.0,216.489,1
20241220,1,262.662,253.105,251.84,97.816,16.952,2.171,0.0,0.0,0.0,188.88,1
20241221,1,293.521,281.441,280.034,93.845,19.746,2.655,0.0,0.0,0.0,210.026,1
20241222,1,326.841,321.939,320.329,95.112,21.694,0.0,0.0,0.0,0.0,240.247,1
20241223,1,302.172,295.231,293.755,97.911,19.484,0.809,0.0,0.0,0.0,220.316,1
20241224,1,290.204,282.557,281.144,97.278,18.834,1.152,0.0,0.0,0.0,210.858,1
20241225,1,312.115,307.434,305.896,97.043,20.305,0.0,0.0,0.0,0.0,229.422,1
20241226,1,314.21,309.497,307.949,97.499,20.345,0.0,0.0,0.0,0.0,230.962,1
20241227,1,241.425,236.269,235.087,97.911,15.567,0.645,0.0,0.0,0.0,176.316,1
20241228,1,323.641,318.787,317.193,98.899,20.659,0.0,0.0,0.0,0.0,237.894,1
20241229,1,327.897,316.492,314.909,99.333,20.84,2.009,0.0,0.0,0.0,236.182,1
20241230,1,332.019,320.182,318.581,99.838,20.995,2.097,0.0,0.0,0.0,238.935,1
20241231,1,294.822,286.608,285.175,95.824,19.424,1.306,0.0,0.0,0.0,213.882,1
20250101,1,303.533,297.5,296.012,97.112,19.732,0.495,0.0,0.0,0.0,222.009,1
20250102,1,302.3,297.766,296.277,98.818,19.313,0.0,0.0,0.0,0.0,222.208,1
20250103,1,293.537,284.862,283.438,95.823,19.339,1.478,0.378,0.0,0.0,212.578,1
20250104,1,291.566,284.327,282.906,98.508,18.686,0.998,0.0,0.0,0.0,212.179,1
20250105,1,330.31,325.355,323.728,98.09,21.259,0.0,0.0,0.0,0.0,242.796,1
20250106,1,344.432,332.432,330.77,99.036,21.956,2.014,0.0,0.074,0.0,248.077,1
20250107,1,286.995,281.389,279.982,97.853,18.516,0.461,0.0,0.0,0.0,209.986,1
20250108,1,257.107,244.714,243.491,95.903,16.925,3.371,0.0,0.0,0.0,182.618,1
20250109,1,330.548,321.286,319.68,95.061,21.952,1.322,0.607,0.0,0.0,239.76,1
20250110,1,238.059,234.488,233.315,97.9,15.351,0.0,0.0,0.0,0.0,174.986,1
20250111,1,317.616,312.851,311.287,99.037,20.247,0.0,0.0,0.0,0.0,233.465,1
20250112,1,286.062,279.912,278.512,96.628,18.69,0.66,0.0,0.0,0.0,208.884,1
20250113,1,262.37,255.737,254.458,96.668,17.135,1.044,0.0,0.0,0.0,190.843,1
20250114,1,309.263,299.377,297.88,95.759,20.389,1.723,0.224,0.0,0.0,223.41,1
20250115,1,275.554,264.287,262.965,98.265,17.703,2.628,0.0,0.0,0.0,197.224,1
20250116,1,204.253,201.189,200.183,96.576,13.352,0.0,0.0,0.0,0.0,150.138,1
20250117,1,268.395,261.372,260.065,99.04,17.108,1.134,0.0,0.0,0.0,195.049,1
20250118,1,259.029,249.839,248.59,96.625,16.924,2.079,0.0,0.0,0.0,186.443,1
20250119,1,244.308,240.644,239.44,96.895,15.918,0.0,0.0,0.0,0.0,179.58,1
20250120,1,344.476,338.501,336.808,97.45,22.316,0.238,0.0,0.0,0.0,252.606,1
20250121,1,259.663,253.864,252.595,97.642,16.789,0.744,0.0,0.0,0.0,189.446,1
20250122,1,240.913,228.754,227.61,96.372,15.782,3.601,0.0,0.0,0.0,170.707,1
20250123,1,300.347,291.527,290.069,97.868,19.374,1.458,0.0,0.0,0.0,217.552,1
20250124,1,270.987,265.596,264.268,98.862,17.305,0.497,0.0,0.0,0.0,198.201,1
20250125,1,299.914,294.474,293.002,96.539,19.613,0.319,0.0,0.0,0.0,219.751,1
20250126,1,313.882,302.508,300.996,97.858,20.25,2.156,0.0,0.0,0.0,225.747,1
20250127,1,290.135,279.714,278.315,97.04,18.875,2.124,0.689,0.0,0.0,208.736,1
20250128,1,243.089,236.079,234.899,97.826,15.688,1.405,0.0,0.0,0.0,176.174,1
20250129,1,282.554,275.944,274.564,97.547,18.287,0.852,0.0,0.0,0.0,205.923,1
20250130,1,301.872,292.382,290.92,96.349,19.78,1.669,0.0,0.0,0.0,218.19,1
20250131,1,317.388,307.405,305.868,97.847,20.478,1.67,0.0,0.0,0.0,229.401,1
20250201,1,308.986,302.349,300.838,97.363,20.035,0.658,0.0,0.0,0.0,225.628,1
20250202,1,282.56,271.232,269.876,98.151,18.174,2.547,0.0,0.0,0.0,202.407,1
20250203,1,293.207,288.809,287.365,95.834,19.315,0.0,0.0,0.0,0.0,215.524,1
20250204,1,358.794,342.427,340.715,98.488,22.999,3.108,0.0,0.0,0.0,255.536,1
20250205,1,306.748,296.793,295.309,97.458,19.871,1.772,0.0,0.0,0.0,221.482,1
20250206,1,299.325,294.835,293.36,96.315,19.62,0.0,0.0,0.0,0.0,220.02,1
20250207,1,260.717,255.198,253.922,98.348,16.736,0.626,0.0,0.0,0.0,190.442,1
20250208,1,340.725,328.619,326.976,96.76,22.231,2.084,0.0,0.145,0.0,245.232,1
20250209,1,294.544,283.432,282.015,98.995,18.784,2.307,0.0,0.0,0.0,211.511,1
20250210,1,333.183,328.162,326.522,100.0,21.034,0.007,0.0,0.0,0.0,244.891,1
20250211,1,327.991,316.221,314.64,98.247,21.076,2.12,0.0,0.0,0.0,235.98,1
20250212,1,273.262,265.76,264.431,99.238,17.384,1.265,0.0,0.0,0.0,198.323,1
20250213,1,321.993,317.163,315.577,96.761,21.008,0.0,0.0,0.0,0.0,236.683,1
20250214,1,269.509,263.265,261.949,100.0,17.014,0.829,0.0,0.0,0.0,196.462,1
20250215,1,307.064,300.07,298.57,98.947,19.592,0.789,0.339,0.0,0.0,223.927,1
20250216,1,257.101,253.244,251.978,94.533,17.17,0.0,0.0,0.0,0.0,188.984,1
20250217,1,308.479,298.721,297.227,97.581,19.958,1.689,0.0,0.0,0.0,222.92,1
20250218,1,316.299,304.911,303.386,95.769,20.85,2.132,0.0,0.0,0.0,227.54,1
20250219,1,305.581,296.68,295.197,96.798,19.93,1.434,0.0,0.0,0.0,221.398,1
20250220,1,331.797,319.82,318.221,97.698,21.44,2.142,0.0,0.0,0.0,238.666,1
20250221,1,335.289,325.279,323.653,96.293,21.982,1.508,0.0,0.0,0.0,242.74,1
20250222,1,256.563,245.433,244.206,96.429,16.797,2.881,0.096,0.0,0.0,183.155,1
20250223,1,277.577,268.504,267.161,96.303,18.197,1.796,0.0,0.0,0.0,200.371,1
20250224,1,344.46,334.966,333.291,97.798,22.236,1.275,0.0,0.0,0.0,249.968,1
20250225,1,320.026,311.275,309.719,97.823,20.653,1.253,0.0,0.0,0.0,232.289,1
20250226,1,291.137,275.736,274.357,97.602,18.832,3.848,0.0,0.0,0.0,205.768,1
20250227,1,302.649,286.169,284.738,98.133,19.47,4.005,0.0,0.0,0.0,213.554,1
20250228,1,307.706,298.548,297.055,97.986,19.825,1.499,0.0,0.0,0.0,222.792,1
20250301,1,347.824,339.861,338.162,97.979,22.412,0.801,0.0,0.0,0.0,253.622,1
20250302,1,409.047,402.634,400.621,98.091,26.326,0.069,0.0,0.0,0.0,300.466,1
20250303,1,349.076,336.695,335.012,96.953,22.73,2.078,0.0,0.0,0.0,251.259,1
20250304,1,289.8,280.888,279.484,95.887,19.08,1.599,0.0,0.0,0.0,209.613,1
20250305,1,299.859,295.163,293.687,98.516,19.216,0.067,0.0,0.0,0.0,220.265,1
20250306,1,369.596,347.396,345.659,98.45,23.7,4.575,0.0,0.0,0.0,259.244,1
20250307,1,266.293,262.299,260.987,96.392,17.441,0.0,0.0,0.0,0.0,195.74,1
20250308,1,310.21,300.126,298.626,95.675,20.469,1.777,0.0,0.0,0.0,223.969,1
20250309,1,346.701,336.441,334.759,98.405,22.243,1.481,0.0,0.0,0.0,251.069,1
20250310,1,262.755,256.087,254.806,95.996,17.28,1.054,0.0,0.0,0.0,191.105,1
20250311,1,321.629,316.543,314.96,100.0,20.305,0.083,0.0,0.0,0.0,236.22,1
20250312,1,297.251,289.913,288.463,97.555,19.236,0.984,0.0,0.0,0.0,216.347,1
20250313,1,330.502,322.329,320.717,97.177,21.471,0.988,0.0,0.0,0.0,240.538,1
20250314,1,338.354,331.104,329.448,98.407,21.706,0.653,0.0,0.0,0.0,247.086,1
20250315,1,351.172,337.687,335.999,98.416,22.527,2.376,0.0,0.0,0.0,251.999,1
20250316,1,387.301,376.862,374.978,100.0,24.451,1.214,0.0,0.0,0.0,281.233,1
20250317,1,328.93,323.096,321.48,96.526,21.513,0.278,0.0,0.0,0.0,241.11,1
20250318,1,335.415,325.821,324.192,96.309,21.987,1.381,0.0,0.0,0.0,243.144,1
20250319,1,366.538,361.04,359.235,100.0,23.14,0.0,0.0,0.0,0.0,269.426,1
20250320,1,302.526,294.552,293.079,99.874,19.123,1.153,0.0,0.0,0.0,219.809,1
20250321,1,332.364,326.617,324.983,96.146,21.824,0.233,0.0,0.0,0.0,243.738,1
20250322,1,297.974,293.505,292.037,98.914,19.018,0.0,0.0,0.0,0.0,219.028,1
20250323,1,316.686,308.509,306.967,97.418,20.523,1.099,0.0,0.0,0.0,230.225,1
20250324,1,353.398,342.533,340.82,93.928,23.753,1.598,0.0,0.0,0.0,255.615,1
20250325,1,359.23,352.928,351.163,99.127,22.878,0.258,0.0,0.0,0.0,263.372,1
20250326,1,349.757,337.861,336.172,97.208,22.715,1.93,0.0,0.0,0.0,252.129,1
20250327,1,330.141,318.823,317.229,94.73,22.002,1.958,0.0,0.0,0.0,237.922,1
20250328,1,380.841,362.136,360.326,97.69,24.611,3.463,0.0,0.0,0.0,270.244,1
20250329,1,320.466,307.685,306.147,94.524,21.404,2.526,0.0,0.0,0.0,229.61,1
20250330,1,363.155,343.639,341.921,98.188,23.35,3.933,0.0,0.0,0.0,256.441,1
20250331,1,376.924,361.456,359.649,95.129,25.014,2.643,0.0,0.0,0.0,269.737,1
20250401,1,344.35,338.167,336.477,99.247,21.904,0.3,0.0,0.0,0.0,252.357,1
20250402,1,335.027,330.001,328.351,97.041,21.796,0.0,0.0,0.0,0.0,246.263,1
20250403,1,342.317,333.082,331.417,98.054,22.04,1.216,0.0,0.0,0.0,248.563,1
20250404,1,404.828,387.421,385.484,97.892,26.108,2.843,0.0,0.0,0.0,289.113,1
20250405,1,363.114,351.637,349.879,98.244,23.334,1.686,0.0,0.0,0.0,262.409,1
20250406,1,438.141,420.485,418.382,97.094,28.488,2.568,0.0,0.0,0.0,313.787,1
20250407,1,348.056,332.674,331.01,93.925,23.394,2.964,0.0,0.0,0.0,248.258,1
20250408,1,373.948,362.766,360.952,99.0,23.846,1.513,0.0,0.0,0.0,270.714,1
20250409,1,359.454,346.268,344.537,96.763,23.452,2.201,0.0,0.0,0.0,258.403,1
20250410,1,408.19,402.067,400.057,98.766,26.092,0.0,0.0,0.0,0.0,300.043,1
20250411,1,363.539,356.762,354.978,98.718,23.249,0.37,0.0,0.0,0.0,266.233,1
20250412,1,427.259,415.988,413.908,98.624,27.35,1.155,0.0,0.0,0.0,310.431,1
20250413,1,368.932,357.625,355.837,95.722,24.332,1.589,0.0,0.0,0.0,266.878,1
20250414,1,424.516,414.898,412.823,99.857,26.839,0.777,0.0,0.0,0.0,309.617,1
20250415,1,398.849,389.98,388.03,100.0,25.18,0.735,0.0,0.0,0.0,291.022,1
20250416,1,343.565,334.817,333.143,98.683,21.979,1.062,0.0,0.0,0.0,249.857,1
20250417,1,430.753,422.759,420.645,96.968,28.044,0.361,0.0,0.0,0.0,315.484,1
20250418,1,375.974,370.334,368.483,97.37,24.377,0.0,0.0,0.0,0.0,276.362,1
20250419,1,360.457,347.941,346.201,98.526,23.097,2.002,0.0,0.0,0.0,259.651,1
20250420,1,419.519,413.226,411.16,97.433,27.183,0.0,0.0,0.0,0.0,308.37,1
20250421,1,385.054,375.561,373.683,96.169,25.277,0.98,0.0,0.0,0.0,280.262,1
20250422,1,358.699,347.887,346.147,98.383,23.017,1.537,0.0,0.0,0.0,259.61,1
20250423,1,349.904,341.986,340.276,96.201,22.962,0.774,0.0,0.0,0.0,255.207,1
20250424,1,289.344,285.004,283.579,96.696,18.891,0.0,0.0,0.0,0.0,212.684,1
20250425,1,334.036,327.573,325.935,99.165,21.266,0.441,0.0,0.0,0.0,244.451,1
20250426,1,394.083,376.294,374.413,94.009,26.464,3.06,0.0,0.0,0.0,280.81,1
20250427,1,369.984,362.584,360.771,97.651,23.919,0.508,0.0,0.0,0.0,270.578,1
20250428,1,396.751,390.8,388.846,100.0,25.047,0.0,0.0,0.0,0.0,291.634,1
20250429,1,391.242,385.373,383.446,97.136,25.428,0.0,0.0,0.0,0.0,287.585,1
20250430,1,353.116,343.353,341.636,97.915,22.767,1.284,0.0,0.0,0.0,256.227,1
20250501,1,407.348,383.887,381.968,96.043,26.776,4.324,0.0,0.0,0.0,286.476,1
20250502,1,374.989,367.303,365.466,96.813,24.453,0.558,0.0,0.0,0.0,274.1,1
20250503,1,380.9,370.281,368.429,98.312,24.46,1.308,0.0,0.0,0.0,276.322,1
20250504,1,430.118,423.666,421.548,96.593,28.112,0.0,0.0,0.0,0.0,316.161,1
20250505,1,343.211,337.146,335.461,97.268,22.276,0.271,0.0,0.0,0.0,251.595,1
20250506,1,387.458,379.177,377.281,99.484,24.588,0.647,0.0,0.0,0.0,282.961,1
20250507,1,383.077,372.638,370.775,97.992,24.68,1.244,0.0,0.0,0.0,278.081,1
20250508,1,319.449,314.209,312.638,97.818,20.617,0.143,0.0,0.52,0.0,234.478,1
20250509,1,409.253,394.175,392.204,97.446,26.514,2.218,0.146,0.0,0.0,294.153,1
20250510,1,457.284,440.879,438.675,97.497,29.61,2.119,0.0,0.0,0.0,329.006,1
20250511,1,378.61,372.931,371.067,99.136,24.11,0.0,0.0,0.0,0.0,278.3,1
20250512,1,389.305,376.635,374.752,99.348,24.739,1.781,0.255,0.0,0.0,281.064,1
20250513,1,461.143,443.841,441.622,98.879,29.443,2.286,0.0,0.0,0.0,331.216,1
20250514,1,390.343,376.16,374.279,96.598,25.511,2.166,0.0,0.0,0.0,280.71,1
20250515,1,408.904,395.253,393.277,96.62,26.718,1.866,0.0,0.0,0.0,294.958,1
20250516,1,337.617,326.393,324.761,97.177,21.933,1.852,0.0,0.0,0.0,243.571,1
20250517,1,389.904,379.769,377.871,94.799,25.966,1.116,0.0,0.0,0.0,283.403,1
20250518,1,402.178,388.814,386.87,99.124,25.615,1.851,0.0,0.0,0.0,290.152,1
20250519,1,422.939,415.945,413.865,97.718,27.324,0.156,0.0,0.0,0.0,310.399,1
20250520,1,367.82,355.867,354.088,95.067,24.426,1.776,0.0,0.0,0.0,265.566,1
20250521,1,428.765,419.734,417.636,97.019,27.9,0.615,0.0,0.0,0.0,313.227,1
20250522,1,412.403,406.217,404.186,100.0,26.036,0.0,0.0,0.0,0.0,303.139,1
20250523,1,408.804,399.676,397.678,96.85,26.648,0.744,0.0,0.0,0.0,298.258,1
20250524,1,333.762,323.394,321.777,98.759,21.336,1.631,0.0,0.0,0.0,241.333,1
20250525,1,428.548,421.824,419.715,99.492,27.193,0.07,0.0,0.0,0.0,314.786,1
20250526,1,430.342,407.238,405.202,98.159,27.678,3.928,0.0,0.0,0.0,303.902,1
20250527,1,456.979,442.664,440.45,99.71,28.934,1.658,0.0,0.0,0.0,330.338,1
20250528,1,380.848,375.095,373.219,96.054,25.031,0.011,0.0,0.0,0.0,279.915,1
20250529,1,462.065,444.242,442.02,97.37,29.959,2.393,0.0,0.0,0.0,331.515,1
20250530,1,435.508,428.118,425.977,99.615,27.6,0.2,0.0,0.0,0.0,319.483,1
20250531,1,518.841,509.971,507.421,98.205,33.354,0.213,0.0,0.0,0.0,380.566,1
20250601,1,479.206,469.434,467.087,97.93,30.892,0.547,0.0,0.0,0.0,350.315,1
20250602,1,484.798,476.938,474.554,97.368,31.433,0.123,0.0,0.0,0.0,355.915,1
20250603,1,382.783,377.042,375.156,97.205,24.86,0.0,0.0,0.0,0.0,281.367,1
20250604,1,457.994,449.386,447.139,96.596,29.933,0.385,0.0,0.0,0.0,335.354,1
20250605,1,433.716,425.593,423.465,98.896,27.687,0.379,0.0,0.0,0.0,317.599,1
20250606,1,408.882,398.666,396.672,99.806,25.863,1.014,0.0,0.0,0.0,297.504,1
20250607,1,498.619,484.715,482.291,99.699,31.573,1.308,0.0,0.0,0.0,361.718,1
20250608,1,387.504,371.581,369.723,97.416,25.112,2.649,0.0,0.0,0.0,277.292,1
20250609,1,415.459,401.426,399.418,97.179,26.99,1.906,0.0,0.0,0.0,299.564,1
20250610,1,421.574,411.047,408.991,96.046,27.71,1.012,0.0,0.0,0.0,306.744,1
20250611,1,499.426,491.935,489.475,96.73,32.595,0.0,0.0,0.0,0.0,367.107,1
20250612,1,357.901,350.781,349.027,99.43,22.724,0.497,0.0,0.0,0.0,261.77,1
20250613,1,438.956,432.371,430.209,96.074,28.844,0.0,0.0,0.0,0.0,322.657,1
20250614,1,401.916,390.572,388.619,96.979,26.164,1.343,0.0,0.0,0.0,291.465,1
20250615,1,416.003,397.785,395.796,97.093,27.049,2.923,0.0,0.0,0.0,296.847,1
20250616,1,418.619,399.644,397.645,98.228,26.905,3.079,0.0,0.0,0.0,298.234,1
20250617,1,446.038,435.243,433.067,94.84,29.691,0.934,0.0,0.0,0.0,324.8,1
20250618,1,475.336,468.206,465.865,96.465,31.108,0.0,0.0,0.0,0.0,349.398,1
20250619,1,435.459,428.927,426.783,99.43,27.649,0.0,0.0,0.0,0.0,320.087,1
20250620,1,432.814,418.672,416.579,96.951,28.183,1.794,0.0,0.0,0.0,312.434,1
20250621,1,447.637,440.922,438.718,98.09,28.81,0.0,0.0,0.0,0.0,329.038,1
20250622,1,484.42,469.135,466.79,99.279,30.804,1.68,0.0,0.0,0.0,350.092,1
20250623,1,315.225,304.138,302.617,97.953,20.316,2.048,0.0,0.0,0.0,226.963,1
20250624,1,429.052,416.962,414.877,95.79,28.277,1.338,0.0,0.0,0.0,311.158,1
20250625,1,454.731,435.602,433.424,99.059,28.98,2.748,0.0,0.0,0.0,325.068,1
20250626,1,365.397,359.505,357.708,97.769,23.594,0.114,0.0,0.0,0.0,268.281,1
20250627,1,444.903,438.229,436.038,100.0,28.087,0.0,0.0,0.0,0.0,327.028,1
20250628,1,514.245,506.194,503.663,96.806,33.536,0.067,0.0,0.0,0.0,377.747,1
20250629,1,442.67,427.409,425.272,100.0,27.946,1.977,0.0,0.0,0.0,318.954,1
20250630,1,394.469,379.012,377.117,94.835,26.26,2.455,0.0,0.0,0.0,282.838,1
20250701,1,420.767,407.535,405.497,97.25,27.315,1.67,0.0,0.0,0.0,304.123,1
20250702,1,414.907,408.683,406.64,95.071,27.552,0.0,0.0,0.0,0.0,304.98,1
20250703,1,473.929,465.109,462.783,97.997,30.531,0.367,0.0,0.0,0.0,347.087,1
20250704,1,368.706,361.842,360.033,96.7,24.071,0.367,0.0,0.0,0.0,270.025,1
20250705,1,372.186,357.946,356.157,100.0,23.497,2.361,0.0,0.0,0.0,267.117,1
20250706,1,467.736,440.625,438.421,97.134,30.4,4.362,0.0,0.0,0.0,328.816,1
20250707,1,465.429,444.669,442.446,96.804,30.353,3.005,0.0,0.0,0.0,331.834,1
20250708,1,418.081,406.401,404.369,98.252,26.864,1.313,0.0,0.0,0.0,303.277,1
20250709,1,444.486,424.792,422.668,97.415,28.806,2.976,0.0,0.0,0.0,317.001,1
20250710,1,434.373,419.254,417.158,96.321,28.47,2.011,0.0,0.0,0.0,312.869,1
20250711,1,467.664,456.557,454.274,97.114,30.402,0.888,0.0,0.0,0.0,340.706,1
20250712,1,494.376,480.482,478.079,98.811,31.586,1.33,0.0,0.0,0.0,358.559,1
20250713,1,506.143,494.748,492.275,94.627,33.768,0.763,0.0,0.0,0.0,369.206,1
20250714,1,422.574,407.345,405.309,96.699,27.588,2.136,0.019,0.0,0.0,303.981,1
20250715,1,484.478,477.211,474.825,98.765,30.968,0.0,0.0,0.269,0.0,356.119,1
20250716,1,444.388,437.722,435.533,97.326,28.826,0.0,0.0,0.0,0.0,326.65,1
20250717,1,547.835,539.59,536.892,96.127,35.979,0.005,0.0,0.0,0.0,402.669,1
20250718,1,465.852,446.77,444.536,97.339,30.214,2.636,0.0,0.0,0.0,333.402,1
20250719,1,446.807,430.959,428.804,97.248,29.006,2.078,0.0,0.0,0.0,321.603,1
20250720,1,408.298,393.553,391.586,95.932,26.869,2.143,0.0,0.0,0.0,293.689,1
20250721,1,486.601,472.15,469.789,97.267,31.583,1.492,0.0,0.0,0.0,352.342,1
20250722,1,417.62,410.812,408.758,99.863,26.401,0.132,0.218,0.0,0.0,306.568,1
20250723,1,382.555,376.817,374.932,98.449,24.532,0.0,0.0,0.0,0.0,281.199,1
20250724,1,391.131,377.995,376.105,98.265,25.129,1.887,0.0,0.0,0.0,282.079,1
20250725,1,358.124,348.024,346.284,96.484,23.433,1.34,0.0,0.0,0.0,259.713,1
20250726,1,337.005,326.388,324.756,95.517,22.274,1.676,0.0,0.0,0.0,243.567,1
20250727,1,463.038,450.63,448.376,98.841,29.575,1.198,0.0,0.0,0.0,336.282,1
20250728,1,459.975,449.445,447.198,98.267,29.551,0.801,0.0,0.0,0.0,335.399,1
20250729,1,409.095,402.959,400.944,98.132,26.318,0.0,0.0,0.0,0.0,300.708,1
20250730,1,486.218,476.398,474.016,97.618,31.445,0.527,0.0,0.0,0.0,355.512,1
20250731,1,385.798,375.263,373.386,99.032,24.594,1.249,0.0,0.0,0.0,280.04,1
20250801,1,492.253,481.872,479.463,97.53,31.864,0.618,0.0,0.0,0.0,359.597,1
20250802,1,524.559,498.434,495.942,97.498,33.966,3.534,0.0,0.0,0.0,371.956,1
20250803,1,523.425,513.853,511.284,100.0,33.044,0.334,0.0,0.0,0.0,383.463,1
20250804,1,441.502,424.972,422.847,95.591,29.158,2.278,0.0,0.0,0.0,317.136,1
20250805,1,477.258,468.667,466.324,97.915,30.771,0.305,0.0,0.0,0.0,349.743,1
20250806,1,486.427,479.131,476.735,99.267,30.935,0.0,0.0,0.0,0.0,357.551,1
20250807,1,369.386,352.307,350.545,99.632,23.406,3.171,0.0,0.0,0.0,262.909,1
20250808,1,494.229,479.647,477.249,97.537,31.989,1.473,0.0,0.0,0.0,357.936,1
20250809,1,511.427,503.756,501.237,98.134,32.901,0.0,0.0,0.0,0.0,375.928,1
20250810,1,468.388,461.362,459.055,97.058,30.466,0.0,0.0,0.0,0.0,344.291,1
20250811,1,460.95,454.036,451.766,97.671,29.794,0.0,0.0,0.0,0.0,338.824,1
20250812,1,437.194,430.636,428.483,97.957,28.176,0.0,0.0,0.0,0.0,321.362,1
20250813,1,491.976,479.091,476.695,96.478,32.193,1.136,0.0,0.346,0.0,357.522,1
20250814,1,429.897,422.352,420.241,96.624,28.088,0.259,0.0,0.0,0.0,315.181,1
20250815,1,425.034,405.871,403.842,96.585,27.782,3.054,0.0,0.0,0.0,302.881,1
20250816,1,427.046,408.413,406.371,97.889,27.541,2.907,0.0,0.0,0.0,304.779,1
20250817,1,453.071,437.488,435.301,99.879,28.638,1.969,0.0,0.0,0.0,326.476,1
20250818,1,502.388,493.465,490.998,97.411,32.559,0.28,0.0,0.0,0.0,368.248,1
20250819,1,389.238,375.635,373.757,100.0,24.573,2.025,0.0,0.395,0.0,280.318,1
20250820,1,503.483,495.931,493.451,95.178,33.396,0.0,0.0,0.0,0.0,370.088,1
20250821,1,473.915,463.183,460.867,97.094,30.814,0.776,0.0,0.0,0.0,345.65,1
20250822,1,412.167,404.187,402.166,97.678,26.639,0.443,0.0,0.0,0.0,301.624,1
20250823,1,476.806,469.654,467.305,98.068,30.694,0.0,0.0,0.0,0.0,350.479,1
20250824,1,384.154,373.791,371.922,99.752,24.312,1.216,0.0,0.0,0.0,278.942,1
20250825,1,448.943,437.432,435.245,95.463,29.689,1.08,0.0,0.0,0.0,326.433,1
20250826,1,442.118,427.716,425.578,95.656,29.179,1.784,0.0,0.0,0.0,319.183,1
20250827,1,430.696,412.732,410.668,97.356,27.929,2.712,0.0,0.0,0.0,308.001,1
20250828,1,413.751,404.481,402.458,96.165,27.162,0.752,0.0,0.0,0.0,301.844,1
20250829,1,447.797,430.516,428.363,98.284,28.764,2.395,0.0,0.0,0.0,321.272,1
20250830,1,377.94,372.271,370.409,96.145,24.817,0.0,0.0,0.0,0.0,277.807,1
20250831,1,400.273,383.962,382.042,96.788,26.108,2.614,0.0,0.0,0.0,286.532,1
20250901,1,440.313,428.483,426.34,100.0,27.798,1.205,0.0,0.0,0.0,319.755,1
20250902,1,433.631,417.598,415.51,98.153,27.891,2.231,0.0,0.0,0.0,311.632,1
20250903,1,417.382,410.417,408.364,95.143,27.695,0.171,0.0,0.0,0.0,306.273,1
20250904,1,406.582,397.918,395.929,94.912,27.044,0.64,0.0,0.0,0.0,296.947,1
20250905,1,372.12,358.888,357.093,97.844,24.01,2.087,0.0,0.0,0.0,267.82,1
20250906,1,362.596,347.565,345.827,96.142,23.81,2.686,0.0,0.0,0.0,259.37,1
20250907,1,393.022,387.127,385.191,98.906,25.086,0.0,0.0,0.0,0.0,288.894,1
20250908,1,464.273,457.309,455.022,96.515,30.368,0.0,0.0,0.0,0.0,341.267,1
20250909,1,396.106,381.932,380.022,98.672,25.343,2.11,0.0,0.13,0.0,285.017,1
20250910,1,409.039,392.192,390.231,95.56,27.023,2.659,0.0,0.0,0.0,292.674,1
20250911,1,482.966,473.819,471.45,98.669,30.901,0.4,0.0,0.0,0.0,353.588,1
20250912,1,398.378,386.82,384.886,96.264,26.126,1.423,0.0,0.0,0.0,288.664,1
20250913,1,440.457,428.866,426.722,98.319,28.282,1.149,0.0,0.0,0.0,320.041,1
20250914,1,419.671,411.737,409.679,96.411,27.481,0.396,0.0,0.0,0.0,307.259,1
20250915,1,404.659,387.752,385.813,96.565,26.456,2.719,0.0,0.0,0.0,289.36,1
20250916,1,452.257,423.92,421.801,98.306,29.044,4.838,0.0,0.0,0.0,316.351,1
20250917,1,396.572,382.019,380.109,97.883,25.578,2.203,0.0,0.0,0.0,285.082,1
20250918,1,408.702,402.132,400.122,100.0,25.802,0.109,0.0,0.0,0.0,300.091,1
20250919,1,417.882,393.478,391.51,97.299,27.114,4.406,0.0,0.0,0.0,293.633,1
20250920,1,381.458,368.763,366.919,95.315,25.266,1.856,0.0,0.0,0.0,275.189,1
20250921,1,426.154,419.138,417.042,98.515,27.309,0.149,0.0,0.0,0.0,312.781,1
20250922,1,368.452,355.571,353.793,96.123,24.199,2.026,0.0,0.0,0.0,265.345,1
20250923,1,436.289,420.137,418.037,97.559,28.233,2.236,0.0,0.0,0.0,313.527,1
20250924,1,406.938,399.449,397.452,98.441,26.098,0.346,0.0,0.0,0.0,298.089,1
20250925,1,421.567,413.864,411.795,98.535,27.01,0.332,0.0,0.0,0.0,308.846,1
20250926,1,371.606,361.261,359.455,95.457,24.577,1.304,0.0,0.0,0.0,269.591,1
20250927,1,345.464,337.042,335.357,97.326,22.409,0.952,0.0,0.0,0.0,251.518,1
20250928,1,428.498,418.557,416.464,96.873,27.925,0.833,0.0,0.0,0.0,312.348,1
20250929,1,435.886,418.936,416.842,98.143,28.039,2.425,0.0,0.19,0.0,312.631,1
20250930,1,367.641,362.127,360.316,97.562,23.79,0.0,0.0,0.0,0.0,270.237,1
20251001,1,429.954,407.068,405.033,98.199,27.641,3.881,0.0,0.0,0.0,303.775,1
20251002,1,434.264,427.75,425.611,99.64,27.515,0.0,0.0,0.0,0.0,319.208,1
20251003,1,391.216,377.877,375.988,96.612,25.564,1.939,0.0,0.0,0.0,281.991,1
20251004,1,325.725,313.641,312.072,96.827,21.237,2.244,0.0,0.0,0.0,234.054,1
20251005,1,366.997,353.21,351.444,98.319,23.565,2.291,0.0,0.0,0.0,263.583,1
20251006,1,343.099,332.849,331.185,99.17,21.841,1.51,0.0,0.0,0.0,248.389,1
20251007,1,400.454,385.585,383.657,98.005,25.796,2.247,0.0,0.0,0.0,287.743,1
20251008,1,392.548,377.537,375.65,99.224,24.976,2.359,0.0,0.0,0.0,281.737,1
20251009,1,365.355,359.342,357.545,98.013,23.533,0.148,0.0,0.0,0.0,268.159,1
20251010,1,364.059,347.358,345.622,97.661,23.534,3.134,0.0,0.0,0.0,259.216,1
20251011,1,358.659,350.367,348.615,98.093,23.083,0.824,0.0,0.0,0.0,261.461,1
20251012,1,348.732,340.934,339.229,99.122,22.211,0.747,0.0,0.0,0.0,254.422,1
20251013,1,295.72,290.467,289.015,95.802,19.487,0.28,0.0,0.0,0.0,216.761,1
20251014,1,365.357,349.924,348.175,100.0,23.065,2.765,0.0,0.0,0.0,261.131,1
20251015,1,347.712,340.056,338.355,99.014,22.17,0.713,0.0,0.0,0.0,253.767,1
20251016,1,329.499,318.504,316.912,97.174,21.407,1.865,0.0,0.0,0.0,237.684,1
20251017,1,349.121,341.579,339.871,98.431,22.392,0.67,0.0,0.0,0.0,254.904,1
20251018,1,374.647,360.277,358.476,98.325,24.055,2.371,0.0,0.0,0.0,268.857,1
20251019,1,481.107,473.89,471.521,98.274,30.906,0.0,0.0,0.0,0.0,353.641,1
20251020,1,344.578,334.774,333.1,96.741,22.487,1.366,0.0,0.0,0.0,249.825,1
20251021,1,406.86,392.227,390.266,98.795,25.999,2.129,0.0,0.0,0.0,292.699,1
20251022,1,301.455,290.127,288.676,97.03,19.614,2.292,0.0,0.0,0.0,216.507,1
20251023,1,373.158,364.302,362.481,98.378,23.946,0.886,0.0,0.0,0.0,271.861,1
20251024,1,358.848,348.986,347.241,97.448,23.248,1.267,0.0,0.0,0.0,260.43,1
20251025,1,345.738,340.552,338.849,97.13,22.472,0.0,0.0,0.0,0.0,254.137,1
20251026,1,347.5,342.287,340.576,98.646,22.239,0.0,0.0,0.0,0.0,255.432,1
20251027,1,347.732,342.175,340.464,97.885,22.427,0.1,0.0,0.0,0.0,255.348,1
20251028,1,357.957,349.817,348.068,98.13,23.029,0.786,0.0,0.0,0.0,261.051,1
20251029,1,254.46,247.137,245.902,96.568,16.635,1.399,0.0,0.0,0.0,184.426,1
20251030,1,336.802,325.835,324.206,94.111,22.593,1.783,0.0,0.0,0.0,243.155,1
20251031,1,304.985,296.356,294.874,97.545,19.739,1.35,0.0,0.0,0.0,221.156,1
20251101,1,331.53,322.671,321.058,95.196,21.986,1.19,0.0,0.0,0.0,240.793,1
20251102,1,329.25,321.502,319.894,98.438,21.116,0.866,0.0,0.0,0.0,239.921,1
20251103,1,355.611,346.382,344.65,97.987,22.911,1.112,0.0,0.0,0.0,258.488,1
20251104,1,359.392,351.923,350.164,97.465,23.279,0.587,0.0,0.0,0.0,262.623,1
20251105,1,298.592,288.523,287.081,94.91,19.861,1.901,0.0,0.0,0.0,215.311,1
20251106,1,357.989,350.48,348.727,96.144,23.507,0.607,0.0,0.0,0.0,261.545,1
20251107,1,359.398,354.007,352.237,98.737,22.979,0.0,0.0,0.0,0.0,264.178,1
20251108,1,300.928,286.913,285.479,98.564,19.275,3.205,0.0,0.0,0.0,214.109,1
20251109,1,355.458,345.381,343.654,97.439,23.03,1.355,0.0,0.0,0.0,257.741,1
20251110,1,320.169,308.008,306.468,95.841,21.09,2.333,0.0,0.0,0.0,229.851,1
20251111,1,347.716,342.412,340.7,99.343,22.097,0.026,0.145,0.0,0.0,255.525,1
20251112,1,432.458,411.264,409.208,98.063,27.841,3.453,0.0,0.0,0.0,306.906,1
20251113,1,352.013,342.126,340.415,95.092,23.37,1.329,0.0,0.0,0.0,255.311,1
20251114,1,293.028,286.153,284.723,98.289,18.821,0.859,0.0,0.0,0.0,213.542,1
20251115,1,406.329,397.225,395.239,100.0,25.652,0.752,0.0,0.0,0.0,296.429,1
20251116,1,365.897,358.411,356.619,97.007,23.812,0.554,0.0,0.0,0.0,267.464,1
20251117,1,320.815,309.476,307.929,95.128,21.291,2.065,0.0,0.0,0.0,230.947,1
20251118,1,372.185,363.205,361.389,96.231,24.417,0.927,0.0,0.0,0.0,271.041,1
20251119,1,353.829,348.522,346.779,97.653,22.875,0.0,0.0,0.0,0.0,260.085,1
20251120,1,351.776,336.433,334.75,100.0,22.208,2.905,0.0,0.0,0.0,251.063,1
20251121,1,347.936,336.34,334.659,95.182,23.077,1.861,0.0,0.0,0.0,250.994,1
20251122,1,285.005,273.528,272.16,98.416,18.282,2.566,0.0,0.0,0.0,204.12,1
20251123,1,321.991,308.369,306.828,96.752,21.01,2.772,0.0,0.0,0.0,230.121,1
20251124,1,356.978,347.026,345.291,99.122,22.736,1.307,0.0,0.0,0.0,258.968,1
20251125,1,308.435,299.282,297.786,95.681,20.351,1.49,0.0,0.0,0.0,223.34,1
20251126,1,366.993,358.154,356.363,97.437,23.778,0.922,0.0,0.0,0.0,267.272,1
20251127,1,337.805,332.737,331.074,97.135,21.955,0.0,0.0,0.0,0.0,248.305,1
20251128,1,332.495,321.432,319.825,99.972,20.997,1.855,0.0,0.0,0.0,239.869,1
20251129,1,287.464,276.099,274.718,98.266,18.468,2.491,0.0,0.0,0.0,206.039,1
20251130,1,327.097,318.275,316.684,97.043,21.279,1.215,0.0,0.0,0.0,237.513,1
20251201,1,333.449,328.133,326.493,96.409,21.835,0.095,0.086,0.0,0.0,244.87,1
20251202,1,367.226,357.864,356.075,98.077,23.638,1.065,0.0,0.0,0.0,267.056,1
20251203,1,362.821,351.069,349.314,97.22,23.56,1.766,0.0,0.0,0.0,261.985,1
20251204,1,275.897,271.152,269.796,98.906,17.61,0.223,0.0,0.0,0.0,202.347,1
20251205,1,320.359,312.776,311.212,98.028,20.632,0.88,0.0,0.0,0.0,233.409,1
20251206,1,299.239,289.202,287.756,99.908,18.909,1.882,0.0,0.0,0.0,215.817,1
20251207,1,283.126,272.431,271.069,95.723,18.673,2.312,0.0,0.0,0.0,203.301,1
20251208,1,301.918,291.26,289.803,97.183,19.613,2.061,0.354,0.0,0.0,217.352,1
20251209,1,307.471,293.132,291.666,95.616,20.301,3.212,0.0,0.0,0.0,218.749,1
20251210,1,325.407,313.889,312.319,95.714,21.463,2.071,0.0,0.0,0.0,234.239,1
20251211,1,334.667,328.098,326.457,98.045,21.549,0.47,0.0,0.0,0.0,244.843,1
20251212,1,250.763,247.002,245.767,98.009,16.153,0.0,0.0,0.0,0.0,184.325,1
20251213,1,335.429,325.208,323.582,100.0,21.176,1.571,0.0,0.0,0.0,242.687,1
20251214,1,363.074,355.684,353.905,95.965,23.885,0.544,0.0,0.0,0.0,265.429,1
20251215,1,310.738,303.787,302.268,99.521,19.712,0.748,0.0,0.0,0.0,226.701,1
20251216,1,378.935,362.518,360.706,96.859,24.698,2.875,0.0,0.0,0.0,270.529,1
20251217,1,342.816,333.337,331.67,100.0,21.642,1.284,0.0,0.0,0.0,248.753,1
20251218,1,320.352,311.907,310.348,95.028,21.282,1.153,0.0,0.0,0.0,232.761,1
20251219,1,319.391,310.324,308.772,96.352,20.927,1.359,0.041,0.0,0.0,231.579,1
20251220,1,250.199,242.459,241.247,98.793,15.988,1.618,0.0,0.0,0.0,180.935,1
20251221,1,296.016,284.396,282.974,97.992,19.071,2.462,0.0,0.0,0.0,212.23,1
20251222,1,307.836,295.115,293.639,100.0,19.434,2.672,0.0,0.0,0.0,220.23,1
20251223,1,324.205,315.998,314.418,98.59,20.76,1.047,0.0,0.0,0.0,235.813,1
20251224,1,290.101,281.507,280.1,95.564,19.165,1.485,0.0,0.0,0.0,210.075,1
20251225,1,254.003,249.134,247.889,95.166,16.85,0.423,0.0,0.0,0.0,185.917,1
20251226,1,285.431,273.163,271.797,95.284,18.912,2.841,0.0,0.0,0.0,203.848,1
20251227,1,308.085,297.204,295.717,99.644,19.519,2.063,0.0,0.0,0.0,221.788,1
20251228,1,319.909,314.758,313.185,98.022,20.604,0.112,0.0,0.0,0.0,234.888,1
20251229,1,299.384,290.241,288.79,97.522,19.381,1.578,0.0,0.0,0.0,216.592,1
20251230,1,286.662,282.362,280.95,95.127,19.024,0.0,0.0,0.0,0.0,210.713,1
20251231,1,304.91,300.336,298.834,98.232,19.596,0.0,0.0,0.0,0.0,224.126,1
20240101,2,65.368,64.146,63.825,100.0,24.761,0.376,0.0,0.0,0.0,47.869,1
20240102,2,73.687,72.101,71.74,96.55,28.909,0.662,0.0,0.0,0.0,53.805,1
20240103,2,66.384,62.542,62.23,97.902,25.684,4.352,0.0,0.0,0.0,46.672,1
20240104,2,84.817,83.545,83.127,98.578,32.591,0.0,0.0,0.0,0.0,62.345,1
20240105,2,82.421,81.185,80.779,96.315,32.415,0.0,0.0,0.0,0.0,60.584,1
20240106,2,64.857,63.716,63.398,97.424,25.217,0.263,0.0,0.0,0.0,47.548,1
20240107,2,77.602,75.651,75.273,97.152,30.257,1.03,0.0,0.0,0.0,56.455,1
20240108,2,72.502,70.489,70.136,98.206,27.965,1.297,0.0,0.0,0.0,52.602,1
20240109,2,67.371,65.34,65.014,96.209,26.525,1.537,0.0,0.22,0.0,48.76,1
20240110,2,75.225,73.297,72.931,98.545,28.915,1.079,0.0,0.0,0.0,54.698,1
20240111,2,84.676,82.158,81.747,97.843,32.782,1.496,0.0,0.0,0.0,61.311,1
20240112,2,69.403,67.483,67.146,98.552,26.675,1.285,0.0,0.0,0.0,50.359,1
20240113,2,70.285,68.794,68.45,96.768,27.512,0.631,0.0,0.0,0.0,51.337,1
20240114,2,61.635,57.942,57.652,96.364,24.227,4.56,0.0,0.0,0.0,43.239,1
20240115,2,69.582,66.647,66.314,95.0,27.744,2.759,0.0,0.0,0.0,49.735,1
20240116,2,71.338,69.617,69.269,96.552,27.987,0.927,0.0,0.0,0.0,51.952,1
20240117,2,70.226,69.173,68.827,97.202,27.367,0.0,0.0,0.0,0.0,51.62,1
20240118,2,71.651,69.784,69.435,98.639,27.515,1.122,0.0,0.0,0.0,52.076,1
20240119,2,83.948,80.951,80.547,98.887,32.156,2.101,0.0,0.0,0.0,60.41,1
20240120,2,69.365,68.273,67.931,95.484,27.517,0.076,0.344,0.0,0.0,50.948,1
20240121,2,67.828,65.709,65.38,98.19,26.166,1.65,0.0,0.0,0.0,49.035,1
20240122,2,59.449,58.557,58.264,96.082,23.437,0.0,0.0,0.0,0.0,43.698,1
20240123,2,71.623,68.391,68.049,97.564,27.807,3.058,0.0,0.015,0.0,51.037,1
20240124,2,72.002,69.543,69.195,98.583,27.665,1.944,0.0,0.0,0.0,51.896,1
20240125,2,60.675,59.276,58.98,95.917,23.961,0.817,0.0,0.0,0.0,44.235,1
20240126,2,68.144,67.122,66.787,97.169,26.564,0.0,0.0,0.0,0.0,50.09,1
20240127,2,67.891,65.855,65.526,97.739,26.311,1.521,0.0,0.0,0.0,49.144,1
20240128,2,70.993,69.444,69.097,96.71,27.806,0.691,0.0,0.0,0.0,51.823,1
20240129,2,68.308,66.719,66.385,97.406,26.563,0.84,0.0,0.0,0.0,49.789,1
20240130,2,82.322,80.434,80.032,99.348,31.387,0.805,0.0,0.0,0.0,60.024,1
20240131,2,72.725,71.634,71.276,98.781,27.887,0.0,0.0,0.0,0.0,53.457,1
20240201,2,68.19,65.208,64.882,100.0,25.83,2.917,0.0,0.0,0.0,48.661,1
20240202,2,76.289,74.396,74.024,98.367,29.377,0.996,0.0,0.0,0.0,55.518,1
20240203,2,63.231,62.283,61.972,97.368,24.599,0.0,0.735,0.0,0.0,46.479,1
20240204,2,74.582,72.06,71.7,100.0,28.251,1.909,0.0,0.0,0.0,53.775,1
20240205,2,66.478,65.481,65.154,95.469,26.376,0.0,0.0,0.0,0.0,48.865,1
20240206,2,64.849,63.876,63.557,97.516,25.19,0.0,0.0,0.0,0.0,47.668,1
20240207,2,76.974,75.82,75.441,95.724,30.459,0.0,0.0,0.0,0.0,56.581,1
20240208,2,78.093,75.983,75.603,99.996,29.582,1.221,0.0,0.0,0.0,56.702,1
20240209,2,65.019,62.966,62.651,96.765,25.452,1.682,0.0,0.0,0.0,46.989,1
20240210,2,65.044,63.676,63.357,97.979,25.146,0.614,0.0,0.0,0.0,47.518,1
20240211,2,83.479,81.185,80.779,97.986,32.271,1.267,0.0,0.0,0.0,60.584,1
20240212,2,65.173,64.196,63.875,96.88,25.482,0.0,0.0,0.0,0.0,47.906,1
20240213,2,60.115,59.213,58.917,93.99,24.227,0.0,0.0,0.0,0.0,44.188,1
20240214,2,64.205,61.996,61.686,100.0,24.32,1.971,0.0,0.0,0.0,46.264,1
20240215,2,75.405,74.274,73.903,95.217,29.997,0.0,0.0,0.0,0.0,55.427,1
20240216,2,63.693,60.161,59.86,95.939,25.147,4.107,0.0,0.0,0.0,44.895,1
20240217,2,67.362,65.807,65.478,95.519,26.713,0.82,0.0,0.0,0.0,49.109,1
20240218,2,67.613,66.052,65.722,97.832,26.178,0.821,0.0,0.0,0.0,49.291,1
20240219,2,64.687,62.348,62.037,98.499,24.876,2.148,0.0,0.0,0.0,46.527,1
20240220,2,60.264,58.109,57.819,95.349,23.941,2.106,0.0,0.0,0.0,43.364,1
20240221,2,75.486,72.391,72.03,99.149,28.839,2.64,0.0,0.0,0.0,54.022,1
20240222,2,75.025,73.283,72.916,97.602,29.117,0.835,0.0,0.0,0.0,54.687,1
20240223,2,66.175,63.377,63.06,98.555,25.434,2.769,0.0,0.0,0.0,47.295,1
20240224,2,57.221,54.074,53.804,97.417,22.249,4.061,0.0,0.0,0.0,40.353,1
20240225,2,70.269,69.215,68.869,96.888,27.472,0.0,0.0,0.0,0.0,51.651,1
20240226,2,66.639,63.82,63.501,98.975,25.503,2.771,0.0,0.0,0.0,47.626,1
20240227,2,81.045,79.641,79.243,98.275,31.237,0.235,0.0,0.0,0.0,59.432,1
20240228,2,62.695,61.755,61.446,95.933,24.755,0.0,0.0,0.0,0.0,46.084,1
20240229,2,72.42,70.224,69.873,97.852,28.034,1.555,0.0,0.0,0.0,52.405,1
20240301,2,72.38,70.159,69.808,97.119,28.23,1.593,0.0,0.0,0.0,52.356,1
20240302,2,68.134,66.808,66.474,96.964,26.616,0.454,0.0,0.0,0.0,49.855,1
20240303,2,62.69,60.798,60.494,98.16,24.191,1.54,0.0,0.0,0.0,45.371,1
20240304,2,62.463,61.289,60.982,97.043,24.381,0.385,0.0,0.0,0.0,45.737,1
20240305,2,76.61,74.326,73.955,97.131,29.876,1.504,0.0,0.0,0.0,55.466,1
20240306,2,76.23,74.463,74.09,97.91,29.491,0.831,0.0,0.0,0.0,55.568,1
20240307,2,67.785,65.677,65.349,98.205,26.145,1.634,0.0,0.0,0.0,49.011,1
20240308,2,71.872,70.04,69.69,98.53,27.63,1.064,0.0,0.0,0.0,52.268,1
20240309,2,80.794,78.441,78.049,98.951,30.928,1.434,0.0,0.0,0.0,58.536,1
20240310,2,70.006,68.927,68.582,95.465,27.777,0.042,0.0,0.0,0.0,51.437,1
20240311,2,65.026,64.05,63.73,98.452,25.018,0.0,0.0,0.0,0.0,47.798,1
20240312,2,66.075,64.177,63.856,98.381,25.44,1.394,0.0,0.0,0.0,47.892,1
20240313,2,83.509,81.178,80.772,97.474,32.452,1.311,0.0,0.0,0.0,60.579,1
20240314,2,67.231,65.546,65.218,97.453,26.132,1.021,0.0,0.0,0.0,48.914,1
20240315,2,66.405,64.702,64.378,96.651,26.025,1.081,0.198,0.0,0.0,48.284,1
20240316,2,70.053,67.457,67.12,96.688,27.444,2.239,0.0,0.0,0.0,50.34,1
20240317,2,73.236,71.836,71.477,98.383,28.197,0.418,0.253,0.0,0.0,53.608,1
20240318,2,63.49,61.843,61.534,97.772,24.597,1.11,0.0,0.0,0.0,46.15,1
20240319,2,64.462,61.654,61.346,94.177,25.927,2.899,0.133,0.0,0.0,46.01,1
20240320,2,58.263,56.973,56.688,96.263,22.926,0.725,0.0,0.0,0.0,42.516,1
20240321,2,64.655,63.204,62.888,99.162,24.697,0.755,0.0,0.0,0.0,47.166,1
20240322,2,73.626,72.035,71.675,97.47,28.612,0.67,0.0,0.0,0.0,53.756,1
20240323,2,73.461,72.36,71.998,100.0,27.826,0.0,0.0,0.0,0.0,53.998,1
20240324,2,68.166,65.986,65.656,94.853,27.221,1.724,0.0,0.0,0.0,49.242,1
20240325,2,65.313,62.133,61.823,98.347,25.156,3.42,0.0,0.0,0.0,46.367,1
20240326,2,64.445,61.597,61.289,98.664,24.741,2.963,0.0,0.0,0.0,45.967,1
20240327,2,66.569,64.353,64.032,98.338,25.642,1.857,0.0,0.0,0.0,48.024,1
20240328,2,59.734,58.631,58.338,96.587,23.426,0.352,0.0,0.0,0.0,43.753,1
20240329,2,60.002,58.14,57.849,96.532,23.545,1.628,0.0,0.0,0.0,43.387,1
20240330,2,69.972,68.272,67.931,97.368,27.221,0.943,0.0,0.0,0.0,50.948,1
20240331,2,59.559,58.012,57.722,99.026,22.782,1.114,0.0,0.0,0.0,43.292,1
20240401,2,57.423,56.562,56.279,96.586,22.52,0.0,0.0,0.0,0.0,42.209,1
20240402,2,66.403,64.398,64.076,97.281,25.856,1.542,0.0,0.0,0.0,48.057,1
20240403,2,63.276,60.087,59.787,99.63,24.057,3.593,0.0,0.0,0.0,44.84,1
20240404,2,61.728,60.685,60.382,94.9,24.639,0.193,0.616,0.0,0.0,45.286,1
20240405,2,59.061,56.742,56.458,96.66,23.144,2.463,0.0,0.0,0.0,42.344,1
20240406,2,65.288,64.309,63.987,95.503,25.895,0.0,0.0,0.0,0.0,47.991,1
20240407,2,62.394,60.79,60.486,97.956,24.127,1.087,0.0,0.0,0.0,45.365,1
20240408,2,67.602,66.385,66.053,99.092,25.841,0.305,0.0,0.0,0.0,49.54,1
20240409,2,55.913,54.933,54.658,96.734,21.894,0.257,0.281,0.0,0.0,40.994,1
20240410,2,70.566,68.698,68.354,97.619,27.382,1.165,0.0,0.0,0.0,51.266,1
20240411,2,65.501,62.102,61.791,98.099,25.292,3.746,0.0,0.0,0.0,46.344,1
20240412,2,69.617,66.699,66.365,98.733,26.708,2.733,0.0,0.0,0.0,49.774,1
20240413,2,57.266,55.515,55.237,97.925,22.151,1.582,0.0,0.0,0.0,41.428,1
20240414,2,55.289,52.898,52.633,94.516,22.158,2.867,0.0,0.0,0.0,39.475,1
20240415,2,60.259,58.888,58.593,97.513,23.408,0.788,0.0,0.0,0.0,43.945,1
20240416,2,62.127,60.548,60.246,97.951,24.025,1.056,0.0,0.0,0.0,45.184,1
20240417,2,71.193,69.608,69.26,99.314,27.153,0.736,0.0,0.0,0.0,51.945,1
20240418,2,71.732,70.393,70.041,98.314,27.637,0.373,0.0,0.0,0.0,52.531,1
20240419,2,63.936,61.537,61.229,98.096,24.688,2.286,0.0,0.0,0.0,45.922,1
20240420,2,68.582,65.746,65.417,98.557,26.358,2.675,0.0,0.0,0.0,49.063,1
20240421,2,64.403,62.652,62.338,97.807,24.942,1.237,0.156,0.0,0.0,46.754,1
20240422,2,54.345,52.905,52.64,95.927,21.459,1.168,0.0,0.0,0.0,39.48,1
20240423,2,61.915,60.451,60.149,98.251,23.87,0.879,0.0,0.0,0.0,45.111,1
20240424,2,57.764,55.545,55.267,98.224,22.276,2.377,0.0,0.0,0.0,41.451,1
20240425,2,50.198,48.679,48.435,99.176,19.172,1.55,0.0,0.0,0.0,36.326,1
20240426,2,65.703,64.311,63.99,96.8,25.71,0.627,0.0,0.0,0.0,47.992,1
20240427,2,54.856,54.033,53.763,98.014,21.2,0.0,0.0,0.0,0.0,40.322,1
20240428,2,53.022,51.842,51.583,98.092,20.475,0.736,0.0,0.0,0.0,38.687,1
20240429,2,63.172,60.426,60.124,97.141,24.633,2.89,0.0,0.0,0.0,45.093,1
20240430,2,44.323,42.248,42.036,98.697,17.011,3.231,0.0,0.0,0.0,31.527,1
20240501,2,53.738,52.577,52.314,96.48,21.098,0.67,0.0,0.0,0.0,39.236,1
20240502,2,48.452,46.894,46.659,96.201,19.078,1.741,0.0,0.0,0.0,34.995,1
20240503,2,55.982,53.756,53.487,96.511,21.972,2.515,0.0,0.022,0.0,40.115,1
20240504,2,53.201,51.61,51.352,96.608,20.859,1.512,0.0,0.0,0.0,38.514,1
20240505,2,70.095,68.183,67.843,98.004,27.092,1.245,0.0,0.0,0.0,50.882,1
20240506,2,57.939,56.757,56.473,97.869,22.425,0.55,0.164,0.0,0.0,42.355,1
20240507,2,53.174,52.377,52.115,100.0,20.142,0.0,0.0,0.0,0.0,39.086,1
20240508,2,56.911,55.003,54.728,96.1,22.432,1.882,0.494,0.0,0.0,41.046,1
20240509,2,48.005,46.138,45.907,100.0,18.184,2.426,0.0,0.0,0.0,34.431,1
20240510,2,59.169,57.757,57.468,96.218,23.294,0.9,0.039,0.0,0.0,43.101,1
20240511,2,45.752,44.828,44.604,99.183,17.473,0.528,0.0,0.0,0.0,33.453,1
20240512,2,57.517,55.622,55.344,96.159,22.657,1.823,0.0,0.0,0.0,41.508,1
20240513,2,54.02,53.21,52.944,95.778,21.364,0.0,0.0,0.0,0.0,39.708,1
20240514,2,52.397,49.781,49.532,98.766,20.095,3.546,0.0,0.0,0.0,37.149,1
20240515,2,58.002,57.132,56.847,98.008,22.417,0.0,0.0,0.0,0.0,42.635,1
20240516,2,61.354,59.175,58.879,98.172,23.673,2.083,0.0,0.0,0.0,44.159,1
20240517,2,46.337,44.615,44.392,96.615,18.167,2.251,0.0,0.0,0.0,33.294,1
20240518,2,42.03,41.4,41.193,95.229,16.718,0.0,0.0,0.0,0.0,30.895,1
20240519,2,66.024,63.69,63.371,97.969,25.528,2.067,0.0,0.0,0.0,47.529,1
20240520,2,52.517,50.117,49.867,97.075,20.492,3.116,0.0,0.0,0.0,37.4,1
20240521,2,56.752,55.901,55.621,99.421,21.622,0.0,0.0,0.0,0.0,41.716,1
20240522,2,55.906,55.068,54.792,97.599,21.698,0.0,0.0,0.0,0.0,41.094,1
20240523,2,53.665,52.278,52.016,96.802,20.999,1.101,0.0,0.0,0.0,39.012,1
20240524,2,60.523,59.615,59.317,96.7,23.708,0.0,0.0,0.0,0.0,44.488,1
20240525,2,61.563,60.032,59.732,97.297,23.967,1.002,0.0,0.0,0.0,44.799,1
20240526,2,50.087,47.939,47.7,99.354,19.096,2.83,0.0,0.0,0.0,35.775,1
20240527,2,60.565,59.657,59.358,98.648,23.256,0.0,0.0,0.0,0.0,44.519,1
20240528,2,57.54,56.677,56.393,97.756,22.296,0.0,0.0,0.0,0.0,42.295,1
20240529,2,51.706,50.208,49.957,95.017,20.613,1.417,0.0,0.0,0.0,37.468,1
20240530,2,64.16,63.169,62.853,98.772,24.605,0.045,0.425,0.0,0.0,47.14,1
20240531,2,52.982,51.498,51.24,94.263,21.29,1.322,0.0,0.0,0.0,38.43,1
20240601,2,47.494,46.652,46.419,98.136,18.332,0.278,0.6,0.0,0.0,34.814,1
20240602,2,50.374,49.393,49.146,95.484,19.984,0.454,0.357,0.0,0.0,36.86,1
20240603,2,50.734,49.405,49.158,96.636,19.886,1.136,0.0,0.0,0.0,36.869,1
20240604,2,57.602,56.065,55.785,96.575,22.593,1.186,0.0,0.0,0.0,41.838,1
20240605,2,51.969,51.036,50.78,100.0,19.685,0.3,0.0,0.0,0.0,38.085,1
20240606,2,62.338,60.477,60.174,98.83,23.893,1.509,0.0,0.0,0.0,45.131,1
20240607,2,49.936,48.621,48.378,98.637,19.176,1.15,0.0,0.0,0.0,36.284,1
20240608,2,54.349,51.803,51.544,97.844,21.04,3.233,0.0,0.0,0.0,38.658,1
20240609,2,46.657,45.904,45.675,98.141,18.008,0.116,0.0,0.0,0.0,34.256,1
20240610,2,47.156,46.158,45.927,96.045,18.598,0.626,0.0,0.0,0.0,34.445,1
20240611,2,40.603,38.993,38.798,97.861,15.716,2.503,0.0,0.0,0.0,29.099,1
20240612,2,45.253,43.639,43.421,98.695,17.368,2.099,0.0,0.0,0.0,32.565,1
20240613,2,45.492,44.363,44.141,96.124,17.927,0.997,0.0,0.0,0.0,33.106,1
20240614,2,57.054,54.978,54.703,96.377,22.424,2.171,0.0,0.0,0.0,41.028,1
20240615,2,50.057,48.25,48.009,97.067,19.534,2.142,0.0,0.0,0.0,36.006,1
20240616,2,45.828,44.036,43.816,97.978,17.718,2.447,0.0,0.0,0.0,32.862,1
20240617,2,44.684,42.729,42.516,97.146,17.423,2.918,0.0,0.0,0.0,31.887,1
20240618,2,55.652,54.164,53.894,97.935,21.525,1.191,0.0,0.0,0.0,40.42,1
20240619,2,51.812,49.999,49.749,96.128,20.416,2.029,0.0,0.0,0.0,37.312,1
20240620,2,56.189,54.307,54.036,97.909,21.738,1.878,0.0,0.0,0.0,40.527,1
20240621,2,48.522,47.69,47.452,93.459,19.666,0.217,0.0,0.0,0.0,35.589,1
20240622,2,54.867,52.24,51.979,96.484,21.54,3.337,0.0,0.0,0.0,38.984,1
20240623,2,58.843,57.96,57.67,98.04,22.735,0.0,0.0,0.0,0.0,43.253,1
20240624,2,52.9,51.407,51.15,96.399,20.786,1.342,0.112,0.0,0.0,38.362,1
20240625,2,34.862,34.298,34.126,97.768,13.507,0.122,0.0,0.0,0.0,25.595,1
20240626,2,52.27,51.486,51.229,97.346,20.339,0.0,0.0,0.0,0.0,38.422,1
20240627,2,51.955,51.113,50.858,98.157,20.05,0.122,0.0,0.0,0.0,38.143,1
20240628,2,37.519,36.157,35.977,96.784,14.684,2.161,0.0,0.0,0.0,26.983,1
20240629,2,51.669,49.974,49.725,99.432,19.683,1.807,0.0,0.0,0.0,37.293,1
20240630,2,55.846,53.788,53.519,94.94,22.281,2.218,0.0,0.0,0.0,40.14,1
20240701,2,57.722,55.926,55.646,97.86,22.343,1.636,0.0,0.0,0.0,41.735,1
20240702,2,54.241,52.03,51.77,98.803,20.795,2.617,0.0,0.0,0.0,38.827,1
20240703,2,59.784,57.787,57.498,98.614,22.964,1.869,0.0,0.0,0.0,43.123,1
20240704,2,49.236,48.497,48.255,97.784,19.072,0.0,0.0,0.0,0.0,36.191,1
20240705,2,47.553,46.652,46.419,97.646,18.447,0.401,0.0,0.0,0.0,34.814,1
20240706,2,48.054,45.214,44.988,99.988,18.204,4.478,0.0,0.0,0.0,33.741,1
20240707,2,51.592,49.692,49.444,95.841,20.39,2.215,0.0,0.0,0.0,37.083,1
20240708,2,58.988,57.893,57.603,98.083,22.781,0.362,0.0,0.0,0.0,43.202,1
20240709,2,43.184,42.536,42.324,94.86,17.244,0.0,0.0,0.0,0.0,31.743,1
20240710,2,50.087,49.023,48.778,95.701,19.825,0.634,0.0,0.0,0.0,36.583,1
20240711,2,47.552,46.287,46.055,99.779,18.052,1.177,0.0,0.0,0.0,34.542,1
20240712,2,48.603,47.202,46.966,96.247,19.128,1.404,0.0,0.0,0.0,35.224,1
20240713,2,47.564,46.54,46.308,96.083,18.751,0.662,0.0,0.0,0.0,34.731,1
20240714,2,50.08,49.296,49.05,97.374,19.481,0.066,0.0,0.0,0.0,36.787,1
20240715,2,41.173,38.842,38.648,96.962,16.085,4.225,0.0,0.0,0.0,28.986,1
20240716,2,54.878,53.916,53.647,99.456,20.901,0.256,0.0,0.0,0.0,40.235,1
20240717,2,36.516,34.966,34.791,96.831,14.284,2.785,0.0,0.181,0.0,26.094,1
20240718,2,51.95,49.566,49.318,98.698,19.938,3.137,0.0,0.0,0.0,36.989,1
20240719,2,49.462,48.55,48.307,96.565,19.402,0.349,0.0,0.0,0.0,36.23,1
20240720,2,42.115,40.434,40.232,95.249,16.748,2.529,0.0,0.0,0.0,30.174,1
20240721,2,51.131,49.542,49.294,97.898,19.784,1.633,0.0,0.0,0.0,36.971,1
20240722,2,52.963,51.046,50.791,97.359,20.606,2.151,0.0,0.0,0.0,38.093,1
20240723,2,45.781,44.242,44.021,94.781,18.296,1.89,0.0,0.0,0.0,33.016,1
20240724,2,51.364,49.727,49.479,96.977,20.062,1.712,0.0,0.0,0.0,37.109,1
20240725,2,47.599,45.402,45.175,99.164,18.182,3.164,0.0,0.0,0.0,33.881,1
20240726,2,53.63,52.766,52.502,96.963,20.951,0.112,0.0,0.0,0.0,39.377,1
20240727,2,49.133,48.002,47.762,96.965,19.194,0.814,0.0,0.0,0.0,35.822,1
20240728,2,44.665,43.621,43.403,97.987,17.266,0.85,0.0,0.0,0.0,32.552,1
20240729,2,58.799,57.765,57.476,94.139,23.659,0.263,0.0,0.0,0.0,43.107,1
20240730,2,54.957,53.551,53.283,98.72,21.087,1.074,0.0,0.095,0.0,39.962,1
20240731,2,49.317,48.577,48.334,97.218,19.215,0.0,0.0,0.0,0.0,36.251,1
20240801,2,43.463,42.037,41.827,94.877,17.352,1.806,0.0,0.0,0.0,31.37,1
20240802,2,43.924,42.302,42.091,100.0,16.638,2.225,0.0,0.0,0.0,31.568,1
20240803,2,44.716,43.357,43.141,96.681,17.519,1.561,0.0,0.0,0.0,32.355,1
20240804,2,59.227,56.897,56.612,99.309,22.591,2.472,0.0,0.0,0.0,42.459,1
20240805,2,43.706,41.584,41.376,99.901,16.572,3.406,0.0,0.0,0.0,31.032,1
20240806,2,49.024,48.202,47.961,98.481,18.856,0.18,0.0,0.0,0.0,35.971,1
20240807,2,43.704,41.898,41.689,97.393,16.998,2.673,0.0,0.0,0.0,31.267,1
20240808,2,46.343,45.648,45.42,97.97,17.918,0.0,0.0,0.0,0.0,34.065,1
20240809,2,51.847,51.07,50.814,100.0,19.639,0.0,0.0,0.0,0.0,38.111,1
20240810,2,54.207,52.528,52.266,97.356,21.091,1.62,0.0,0.0,0.0,39.199,1
20240811,2,54.58,52.853,52.588,96.829,21.351,1.69,0.0,0.0,0.0,39.441,1
20240812,2,53.509,52.706,52.443,97.478,20.793,0.0,0.0,0.0,0.0,39.332,1
20240813,2,60.353,58.686,58.393,96.593,23.667,1.281,0.0,0.0,0.0,43.794,1
20240814,2,48.981,48.246,48.005,97.474,19.034,0.0,0.0,0.0,0.0,36.004,1
20240815,2,60.537,59.251,58.955,97.279,23.572,0.635,0.0,0.0,0.0,44.216,1
20240816,2,48.816,47.882,47.642,99.705,18.546,0.419,0.0,0.0,0.0,35.732,1
20240817,2,48.782,48.05,47.81,97.132,19.024,0.0,0.0,0.0,0.0,35.857,1
20240818,2,40.7,39.961,39.762,95.869,16.081,0.319,0.0,0.0,0.0,29.821,1
20240819,2,40.495,39.319,39.122,95.973,15.983,1.425,0.0,0.0,0.0,29.342,1
20240820,2,45.363,43.662,43.444,95.196,18.05,2.283,0.0,0.311,0.0,32.583,1
20240821,2,54.402,53.072,52.806,96.394,21.378,0.959,0.0,0.0,0.0,39.605,1
20240822,2,60.765,59.853,59.554,94.857,24.265,0.0,0.0,0.0,0.0,44.666,1
20240823,2,48.272,46.638,46.404,96.706,18.908,1.914,0.0,0.0,0.0,34.803,1
20240824,2,56.058,55.15,54.875,98.263,21.61,0.121,0.0,0.0,0.0,41.156,1
20240825,2,51.84,51.062,50.807,100.0,19.636,0.0,0.0,0.0,0.0,38.105,1
20240826,2,45.396,43.868,43.649,95.938,17.924,1.894,0.0,0.0,0.0,32.737,1
20240827,2,54.374,53.32,53.053,95.852,21.488,0.446,0.0,0.0,0.0,39.79,1
20240828,2,51.584,49.23,48.984,98.162,19.905,3.111,0.0,0.0,0.0,36.738,1
20240829,2,52.883,52.09,51.83,99.269,20.179,0.0,0.0,0.0,0.0,38.872,1
20240830,2,47.941,45.944,45.714,96.218,18.873,2.706,0.0,0.0,0.0,34.285,1
20240831,2,54.41,52.935,52.67,96.831,21.284,1.231,0.0,0.0,0.0,39.502,1
20240901,2,55.668,54.808,54.534,100.0,21.087,0.046,0.0,0.0,0.0,40.901,1
20240902,2,50.641,49.069,48.824,97.358,19.703,1.628,0.0,0.0,0.0,36.618,1
20240903,2,48.661,47.385,47.148,99.295,18.563,1.138,0.0,0.0,0.0,35.361,1
20240904,2,56.116,54.487,54.215,98.959,21.48,1.425,0.0,0.0,0.0,40.661,1
20240905,2,45.827,44.423,44.2,95.377,18.2,1.587,0.0,0.0,0.0,33.15,1
20240906,2,63.209,60.22,59.919,99.085,24.164,3.278,0.0,0.0,0.0,44.939,1
20240907,2,56.844,55.992,55.712,96.921,22.216,0.0,0.0,0.0,0.0,41.784,1
20240908,2,57.398,56.038,55.758,96.07,22.631,0.883,0.0,0.0,0.0,41.818,1
20240909,2,50.356,48.795,48.551,97.258,19.612,1.625,0.0,0.0,0.0,36.413,1
20240910,2,55.361,53.927,53.657,98.766,21.232,1.107,0.0,0.0,0.0,40.243,1
20240911,2,45.728,45.042,44.817,99.185,17.464,0.0,0.0,0.0,0.0,33.613,1
20240912,2,57.688,55.967,55.687,96.144,22.728,1.505,0.0,0.0,0.0,41.766,1
20240913,2,52.098,51.317,51.06,96.526,20.444,0.0,0.0,0.0,0.0,38.295,1
20240914,2,53.941,51.864,51.604,98.009,20.847,2.387,0.0,0.0,0.0,38.703,1
20240915,2,40.16,38.817,38.623,96.83,15.71,1.874,0.0,0.0,0.0,28.967,1
20240916,2,61.491,58.461,58.168,96.431,24.154,3.481,0.0,0.0,0.0,43.626,1
20240917,2,48.308,47.294,47.058,98.129,18.647,0.607,0.0,0.0,0.0,35.293,1
20240918,2,59.445,58.326,58.035,95.159,23.662,0.387,0.0,0.0,0.0,43.526,1
20240919,2,59.84,58.2,57.909,99.116,22.869,1.26,0.0,0.0,0.0,43.432,1
20240920,2,51.376,49.738,49.489,97.113,20.039,1.714,0.0,0.0,0.0,37.117,1
20240921,2,56.741,55.766,55.487,95.114,22.597,0.222,0.0,0.0,0.0,41.615,1
20240922,2,59.455,56.683,56.4,98.671,22.824,3.209,0.0,0.0,0.0,42.3,1
20240923,2,58.853,57.97,57.68,96.871,23.013,0.0,0.0,0.0,0.0,43.26,1
20240924,2,61.747,60.821,60.517,96.335,24.279,0.0,0.0,0.0,0.0,45.388,1
20240925,2,52.938,51.002,50.747,93.564,21.432,2.19,0.0,0.0,0.0,38.06,1
20240926,2,47.753,46.502,46.27,99.243,18.226,1.137,0.0,0.0,0.0,34.702,1
20240927,2,62.46,61.523,61.216,95.293,24.828,0.0,0.0,0.0,0.0,45.912,1
20240928,2,51.686,50.91,50.656,97.508,20.078,0.0,0.0,0.0,0.0,37.992,1
20240929,2,46.973,46.269,46.037,99.559,17.872,0.0,0.0,0.0,0.0,34.528,1
20240930,2,59.538,58.455,58.163,99.029,22.773,0.323,0.224,0.0,0.0,43.622,1
20241001,2,59.009,57.376,57.089,97.473,22.931,1.287,0.0,0.0,0.0,42.817,1
20241002,2,58.296,56.883,56.599,95.927,23.019,0.938,0.0,0.0,0.0,42.449,1
20241003,2,57.824,56.736,56.452,98.037,22.341,0.388,0.0,0.0,0.0,42.339,1
20241004,2,66.229,64.67,64.346,96.783,25.921,0.867,0.0,0.0,0.0,48.26,1
20241005,2,67.107,64.635,64.312,97.559,26.056,2.217,0.0,0.0,0.0,48.234,1
20241006,2,54.934,53.0,52.735,96.024,21.67,2.052,0.0,0.071,0.0,39.551,1
20241007,2,66.915,63.514,63.197,96.036,26.393,3.636,0.0,0.0,0.0,47.398,1
20241008,2,62.601,60.545,60.243,98.22,24.142,1.811,0.0,0.0,0.0,45.182,1
20241009,2,59.963,59.063,58.768,99.114,22.916,0.0,0.0,0.0,0.0,44.076,1
20241010,2,56.766,55.219,54.943,99.909,21.522,1.244,0.0,0.0,0.0,41.207,1
20241011,2,56.73,54.8,54.526,98.835,21.742,1.931,0.0,0.0,0.0,40.895,1
20241012,2,59.785,57.018,56.733,97.148,23.311,3.176,0.0,0.0,0.0,42.55,1
20241013,2,65.76,63.488,63.17,98.705,25.236,1.985,0.0,0.0,0.0,47.378,1
20241014,2,61.26,59.987,59.687,95.366,24.332,0.587,0.0,0.0,0.0,44.765,1
20241015,2,71.469,69.483,69.136,98.22,27.562,1.298,0.0,0.0,0.0,51.852,1
20241016,2,56.205,55.056,54.781,97.518,21.832,0.553,0.0,0.0,0.0,41.086,1
20241017,2,60.586,58.625,58.332,98.12,23.389,1.763,0.0,0.0,0.0,43.749,1
20241018,2,58.584,56.935,56.65,93.196,23.811,1.335,0.504,0.0,0.0,42.488,1
20241019,2,71.719,68.416,68.074,96.359,28.193,3.153,0.0,0.0,0.0,51.056,1
20241020,2,62.372,61.344,61.038,97.57,24.214,0.149,0.0,0.0,0.0,45.778,1
20241021,2,59.429,57.873,57.584,98.242,22.914,1.136,0.0,0.0,0.0,43.188,1
20241022,2,55.248,54.223,53.951,99.924,20.943,0.362,0.0,0.0,0.0,40.464,1
20241023,2,50.619,48.826,48.582,95.851,20.004,2.072,0.0,0.0,0.0,36.437,1
20241024,2,62.689,61.147,60.842,96.852,24.518,0.974,0.0,0.0,0.0,45.631,1
20241025,2,79.084,77.588,77.2,99.59,30.079,0.397,0.0,0.0,0.0,57.9,1
20241026,2,63.542,62.589,62.276,97.41,24.709,0.0,0.0,0.0,0.0,46.707,1
20241027,2,66.418,64.55,64.228,98.425,25.561,1.332,0.0,0.0,0.0,48.171,1
20241028,2,57.882,55.363,55.086,97.66,22.45,2.895,0.278,0.0,0.0,41.314,1
20241029,2,70.879,69.162,68.816,97.607,27.506,0.936,0.0,0.0,0.0,51.612,1
20241030,2,66.09,65.099,64.774,96.783,25.867,0.0,0.0,0.0,0.0,48.58,1
20241031,2,62.178,61.245,60.939,95.296,24.715,0.0,0.0,0.0,0.0,45.704,1
20241101,2,68.605,66.329,65.997,98.61,26.353,1.845,0.0,0.0,0.0,49.498,1
20241102,2,60.14,58.099,57.809,96.326,23.649,1.922,0.0,0.0,0.0,43.357,1
20241103,2,69.657,66.956,66.621,94.534,27.911,2.413,0.0,0.0,0.0,49.966,1
20241104,2,68.561,66.975,66.64,97.573,26.616,0.826,0.0,0.0,0.0,49.98,1
20241105,2,70.142,68.78,68.436,95.12,27.932,0.449,0.0,0.0,0.0,51.327,1
20241106,2,63.89,62.317,62.005,96.176,25.163,0.977,0.0,0.0,0.0,46.504,1
20241107,2,71.423,68.617,68.274,96.452,28.049,2.466,0.0,0.0,0.0,51.205,1
20241108,2,69.419,68.276,67.934,100.0,26.295,0.149,0.0,0.0,0.0,50.951,1
20241109,2,67.744,65.299,64.972,99.639,25.754,2.142,0.0,0.0,0.0,48.729,1
20241110,2,59.142,57.389,57.102,98.231,22.806,1.487,0.0,0.0,0.0,42.826,1
20241111,2,71.829,70.739,70.385,98.855,27.523,0.018,0.0,0.0,0.0,52.789,1
20241112,2,65.254,64.085,63.764,95.239,25.953,0.296,0.0,0.0,0.0,47.823,1
20241113,2,74.861,73.438,73.071,99.163,28.596,0.407,0.0,0.0,0.0,54.803,1
20241114,2,55.459,52.677,52.413,97.685,21.505,3.57,0.0,0.0,0.0,39.31,1
20241115,2,58.022,56.261,55.98,98.074,22.409,1.558,0.0,0.0,0.0,41.985,1
20241116,2,69.81,66.476,66.144,96.083,27.521,3.325,0.0,0.0,0.0,49.608,1
20241117,2,70.727,68.744,68.401,96.154,27.862,1.323,0.0,0.0,0.0,51.301,1
20241118,2,77.742,76.361,75.98,96.39,30.551,0.28,0.366,0.0,0.0,56.985,1
20241119,2,64.177,61.088,60.782,98.982,24.56,3.365,0.0,0.0,0.0,45.587,1
20241120,2,69.552,68.494,68.152,97.033,27.151,0.021,0.0,0.0,0.0,51.114,1
20241121,2,62.454,59.987,59.687,98.238,24.081,2.487,0.0,0.0,0.0,44.765,1
20241122,2,76.086,73.42,73.053,99.495,28.967,2.034,0.0,0.0,0.0,54.79,1
20241123,2,58.27,55.314,55.037,96.518,22.868,3.627,0.0,0.478,0.0,41.278,1
20241124,2,64.481,62.447,62.135,98.29,24.849,1.679,0.0,0.0,0.0,46.601,1
20241125,2,73.759,71.088,70.732,100.0,27.939,2.155,0.0,0.0,0.0,53.049,1
20241126,2,76.568,74.333,73.961,97.972,29.603,1.441,0.0,0.0,0.0,55.471,1
20241127,2,68.761,67.729,67.391,94.473,27.57,0.0,0.0,0.0,0.0,50.543,1
20241128,2,80.97,78.515,78.122,98.256,31.215,1.555,0.0,0.0,0.0,58.592,1
20241129,2,76.42,74.422,74.05,96.26,30.072,1.131,0.44,0.0,0.0,55.538,1
20241130,2,67.405,64.064,63.744,97.299,26.241,3.508,0.0,0.0,0.0,47.808,1
20241201,2,68.737,65.42,65.092,97.938,26.585,3.378,0.0,0.0,0.0,48.819,1
20241202,2,72.722,71.308,70.952,100.0,27.546,0.451,0.0,0.106,0.0,53.214,1
20241203,2,72.535,69.399,69.052,98.846,27.796,2.866,0.0,0.0,0.0,51.789,1
20241204,2,68.63,67.331,66.994,97.124,26.766,0.399,0.0,0.0,0.0,50.246,1
20241205,2,66.908,65.905,65.575,98.069,25.843,0.0,0.0,0.0,0.0,49.181,1
20241206,2,68.539,67.511,67.173,96.104,27.014,0.0,0.0,0.0,0.0,50.38,1
20241207,2,59.204,57.31,57.023,96.257,23.298,1.725,0.0,0.0,0.0,42.768,1
20241208,2,77.935,75.171,74.795,94.855,31.122,2.078,0.0,0.0,0.0,56.096,1
20241209,2,62.308,61.373,61.066,97.507,24.205,0.0,0.0,0.0,0.0,45.8,1
20241210,2,70.945,67.963,67.623,95.872,28.03,2.745,0.0,0.0,0.0,50.717,1
20241211,2,69.166,66.81,66.476,98.891,26.493,1.935,0.0,0.0,0.0,49.857,1
20241212,2,78.767,77.585,77.197,97.112,30.723,0.0,0.0,0.0,0.0,57.898,1
20241213,2,70.945,69.617,69.268,97.44,27.579,0.378,0.0,0.0,0.0,51.951,1
20241214,2,74.236,71.969,71.609,99.01,28.401,1.578,0.0,0.0,0.0,53.707,1
20241215,2,65.632,64.329,64.007,99.028,25.104,0.493,0.0,0.0,0.0,48.005,1
20241216,2,72.405,69.84,69.491,97.985,27.99,2.073,0.178,0.0,0.0,52.118,1
20241217,2,73.608,71.664,71.305,99.243,28.095,1.159,0.0,0.0,0.0,53.479,1
20241218,2,82.436,78.513,78.12,97.741,31.947,3.309,0.0,0.0,0.0,58.59,1
20241219,2,64.658,61.95,61.64,96.412,25.403,2.73,0.0,0.0,0.0,46.23,1
20241220,2,78.612,76.634,76.251,98.849,30.124,1.032,0.0,0.0,0.0,57.188,1
20241221,2,66.439,64.365,64.043,98.229,25.62,1.646,0.0,0.0,0.0,48.032,1
20241222,2,79.555,77.784,77.395,97.054,31.049,0.736,0.0,0.0,0.0,58.047,1
20241223,2,73.981,71.221,70.865,95.908,29.219,2.264,0.0,0.0,0.0,53.149,1
20241224,2,66.77,63.861,63.542,98.506,25.675,2.9,0.0,0.0,0.0,47.656,1
20241225,2,80.286,79.069,78.673,98.694,30.814,0.017,0.0,0.0,0.0,59.005,1
20241226,2,67.888,65.439,65.112,97.118,26.478,2.141,0.0,0.0,0.0,48.834,1
20241227,2,75.415,74.078,73.707,96.599,29.572,0.278,0.0,0.0,0.0,55.28,1
20241228,2,67.568,65.696,65.368,94.162,27.181,1.289,0.0,0.0,0.0,49.026,1
20241229,2,66.162,64.055,63.734,96.73,25.909,1.711,0.0,0.0,0.0,47.801,1
20241230,2,76.689,75.539,75.161,97.519,29.788,0.0,0.0,0.0,0.0,56.371,1
20241231,2,68.755,65.753,65.424,96.889,26.88,2.911,0.0,0.0,0.0,49.068,1
20250101,2,78.554,77.196,76.81,96.019,30.989,0.233,0.0,0.0,0.0,57.607,1
20250102,2,79.893,77.545,77.157,97.259,31.115,1.46,0.0,0.0,0.0,57.868,1
20250103,2,72.145,70.248,69.896,97.444,28.045,1.148,0.0,0.0,0.0,52.422,1
20250104,2,75.554,74.42,74.048,98.036,29.192,0.0,0.0,0.0,0.0,55.536,1
20250105,2,76.668,74.066,73.696,95.682,30.352,1.923,0.0,0.0,0.0,55.272,1
20250106,2,65.01,62.508,62.196,97.402,25.282,2.385,0.0,0.0,0.0,46.647,1
20250107,2,75.329,73.872,73.503,95.992,29.725,0.441,0.0,0.243,0.0,55.127,1
20250108,2,72.945,71.488,71.131,97.746,28.268,0.505,0.0,0.0,0.0,53.348,1
20250109,2,65.719,64.733,64.41,99.937,24.909,0.0,0.0,0.0,0.0,48.307,1
20250110,2,68.893,67.146,66.81,98.264,26.557,1.051,0.0,0.0,0.0,50.108,1
20250111,2,76.559,73.943,73.574,98.797,29.353,1.945,0.0,0.0,0.0,55.18,1
20250112,2,82.346,80.961,80.556,97.376,32.032,0.185,0.0,0.0,0.0,60.417,1
20250113,2,82.219,80.986,80.581,98.081,31.753,0.0,0.0,0.0,0.0,60.436,1
20250114,2,70.207,68.48,68.138,97.737,27.209,0.975,0.0,0.0,0.0,51.103,1
20250115,2,66.841,64.738,64.414,97.599,25.942,1.672,0.0,0.0,0.0,48.311,1
20250116,2,77.93,75.574,75.196,97.98,30.127,1.547,0.0,0.0,0.0,56.397,1
20250117,2,73.492,71.192,70.836,100.0,27.838,1.654,0.0,0.0,0.0,53.127,1
20250118,2,72.038,69.91,69.561,95.608,28.54,1.475,0.0,0.0,0.0,52.17,1
20250119,2,78.681,75.221,74.845,98.882,30.14,2.941,0.0,0.0,0.0,56.134,1
20250120,2,79.318,77.161,76.775,96.914,31.001,1.238,0.0,0.0,0.0,57.581,1
20250121,2,79.555,78.362,77.97,100.0,30.135,0.0,0.0,0.0,0.0,58.478,1
20250122,2,71.783,69.031,68.686,99.343,27.37,2.37,0.0,0.0,0.0,51.514,1
20250123,2,61.495,58.742,58.448,98.511,23.646,3.023,0.0,0.0,0.0,43.836,1
20250124,2,54.247,52.506,52.244,98.907,20.775,1.735,0.0,0.0,0.0,39.183,1
20250125,2,82.921,81.677,81.269,98.046,32.035,0.0,0.0,0.0,0.0,60.951,1
20250126,2,81.051,79.835,79.436,100.0,30.701,0.0,0.0,0.0,0.0,59.577,1
20250127,2,65.963,64.973,64.648,95.111,26.27,0.0,0.0,0.0,0.0,48.486,1
20250128,2,80.296,79.092,78.696,98.402,30.909,0.0,0.0,0.0,0.0,59.022,1
20250129,2,71.331,69.212,68.866,97.511,27.709,1.493,0.0,0.0,0.0,51.65,1
20250130,2,72.089,69.885,69.536,97.929,27.884,1.581,0.0,0.0,0.0,52.152,1
20250131,2,71.575,69.329,68.982,96.53,28.087,1.663,0.0,0.0,0.0,51.737,1
20250201,2,73.469,72.367,72.006,97.044,28.677,0.0,0.0,0.0,0.0,54.004,1
20250202,2,76.632,72.86,72.495,97.847,29.666,3.474,0.0,0.0,0.0,54.371,1
20250203,2,69.735,66.602,66.269,96.187,27.462,3.039,0.0,0.0,0.0,49.701,1
20250204,2,84.243,82.334,81.922,98.401,32.429,0.778,0.0,0.0,0.0,61.442,1
20250205,2,72.939,70.768,70.414,99.656,27.724,1.498,0.0,0.0,0.0,52.811,1
20250206,2,69.686,66.874,66.54,96.582,27.33,2.574,0.0,0.0,0.0,49.905,1
20250207,2,77.583,74.573,74.201,97.53,30.132,2.415,0.0,0.0,0.0,55.65,1
20250208,2,76.437,75.29,74.914,97.75,29.62,0.0,0.0,0.0,0.0,56.185,1
20250209,2,77.745,76.085,75.704,100.0,29.449,0.645,0.0,0.118,0.0,56.778,1
20250210,2,81.058,78.868,78.473,98.209,31.264,1.22,0.0,0.0,0.0,58.855,1
20250211,2,96.202,94.24,93.769,97.727,37.288,0.548,0.0,0.0,0.0,70.327,1
20250212,2,79.404,75.988,75.608,95.497,31.496,2.845,0.0,0.0,0.0,56.706,1
20250213,2,72.556,70.043,69.693,96.996,28.335,1.994,0.0,0.0,0.0,52.27,1
20250214,2,60.641,58.596,58.303,99.202,23.155,1.9,0.0,0.0,0.0,43.727,1
20250215,2,77.767,76.601,76.218,98.281,29.973,0.0,0.0,0.0,0.0,57.163,1
20250216,2,66.85,64.175,63.854,97.305,26.023,2.541,0.0,0.0,0.0,47.89,1
20250217,2,79.404,77.452,77.064,96.191,31.268,0.974,0.0,0.0,0.0,57.798,1
20250218,2,70.495,69.101,68.756,92.387,28.903,0.485,0.0,0.0,0.0,51.567,1
20250219,2,85.369,81.412,81.005,96.979,33.344,3.182,0.0,0.0,0.0,60.754,1
20250220,2,71.246,69.381,69.034,97.724,27.616,1.135,0.0,0.0,0.0,51.776,1
20250221,2,81.718,79.361,78.964,100.0,30.954,1.405,0.0,0.0,0.0,59.223,1
20250222,2,80.218,79.015,78.62,96.601,31.455,0.0,0.0,0.0,0.0,58.965,1
20250223,2,67.695,66.609,66.276,97.416,26.322,0.106,0.0,0.0,0.0,49.707,1
20250224,2,67.527,66.069,65.738,99.562,25.691,0.669,0.0,0.0,0.0,49.304,1
20250225,2,77.981,76.119,75.739,96.01,30.766,0.901,0.0,0.0,0.0,56.804,1
20250226,2,71.638,70.564,70.211,96.337,28.168,0.0,0.0,0.0,0.0,52.658,1
20250227,2,77.178,75.985,75.605,99.177,29.477,0.046,0.0,0.0,0.0,56.704,1
20250228,2,69.094,66.86,66.525,96.656,27.077,1.76,0.0,0.0,0.0,49.894,1
20250301,2,75.667,73.394,73.027,98.825,29.002,1.527,0.0,0.0,0.0,54.77,1
20250302,2,69.028,67.992,67.652,98.158,26.638,0.0,0.0,0.0,0.0,50.739,1
20250303,2,71.112,68.394,68.052,97.194,27.714,2.358,0.0,0.0,0.0,51.039,1
20250304,2,87.361,84.803,84.379,96.913,34.145,1.45,0.0,0.0,0.0,63.284,1
20250305,2,70.521,67.857,67.518,96.283,27.744,2.312,0.0,0.0,0.0,50.638,1
20250306,2,64.419,62.905,62.59,97.448,25.04,0.864,0.0,0.0,0.0,46.943,1
20250307,2,70.109,67.431,67.094,98.22,27.038,2.355,0.0,0.0,0.0,50.32,1
20250308,2,80.258,77.088,76.702,98.355,30.909,2.488,0.0,0.0,0.0,57.527,1
20250309,2,72.187,69.586,69.238,95.318,28.687,2.136,0.0,0.0,0.0,51.928,1
20250310,2,70.233,67.348,67.011,99.205,26.816,2.647,0.0,0.0,0.0,50.259,1
20250311,2,62.305,60.846,60.542,98.224,24.027,0.855,0.0,0.0,0.0,45.406,1
20250312,2,78.499,74.122,73.751,98.191,30.282,4.137,0.0,0.0,0.0,55.314,1
20250313,2,69.895,68.436,68.094,97.534,27.145,0.597,0.0,0.0,0.0,51.07,1
20250314,2,65.307,63.835,63.516,99.422,24.881,0.765,0.0,0.0,0.0,47.637,1
20250315,2,67.885,65.769,65.44,97.41,26.398,1.642,0.0,0.0,0.0,49.08,1
20250316,2,82.692,78.806,78.412,98.846,31.688,3.247,0.0,0.0,0.0,58.809,1
20250317,2,82.993,80.202,79.801,99.28,31.665,1.891,0.0,0.0,0.0,59.851,1
20250318,2,79.614,77.631,77.243,98.151,30.725,1.005,0.0,0.048,0.0,57.932,1
20250319,2,70.229,69.064,68.719,100.0,26.602,0.162,0.0,0.0,0.0,51.539,1
20250320,2,73.716,71.872,71.513,99.55,28.049,1.016,0.0,0.246,0.0,53.635,1
20250321,2,71.068,68.783,68.439,97.971,27.477,1.742,0.0,0.0,0.0,51.329,1
20250322,2,64.774,63.803,63.484,97.136,25.259,0.0,0.0,0.0,0.0,47.613,1
20250323,2,57.522,55.577,55.299,96.064,22.681,1.91,0.0,0.0,0.0,41.474,1
20250324,2,68.296,66.481,66.148,98.293,26.319,1.176,0.0,0.0,0.0,49.611,1
20250325,2,54.885,53.253,52.987,95.758,21.711,1.494,0.0,0.0,0.0,39.74,1
20250326,2,68.262,67.238,66.902,94.741,27.292,0.0,0.0,0.0,0.0,50.177,1
20250327,2,72.011,69.187,68.841,94.765,28.784,2.459,0.0,0.0,0.0,51.631,1
20250328,2,83.877,82.238,81.827,94.09,33.767,0.461,0.0,0.0,0.0,61.37,1
20250329,2,68.186,65.728,65.4,97.19,26.575,2.137,0.0,0.0,0.0,49.05,1
20250330,2,56.997,54.394,54.122,99.362,21.728,3.114,0.0,0.0,0.0,40.592,1
20250331,2,66.419,64.705,64.381,100.0,25.159,1.098,0.0,0.0,0.0,48.286,1
20250401,2,67.324,65.678,65.349,99.789,25.555,0.96,0.0,0.0,0.0,49.012,1
20250402,2,65.754,64.42,64.098,99.457,25.043,0.535,0.062,0.0,0.0,48.074,1
20250403,2,54.885,53.462,53.195,96.374,21.572,1.109,0.0,0.0,0.0,39.896,1
20250404,2,66.28,64.88,64.555,93.782,26.771,0.622,0.0,0.0,0.0,48.416,1
20250405,2,64.828,62.903,62.589,96.756,25.379,1.492,0.0,0.0,0.0,46.941,1
20250406,2,61.028,58.227,57.936,96.051,24.067,3.136,0.0,0.0,0.0,43.452,1
20250407,2,63.658,61.301,60.994,95.426,25.269,2.237,0.0,0.0,0.0,45.746,1
20250408,2,64.296,63.332,63.015,93.021,26.182,0.0,0.0,0.0,0.0,47.261,1
20250409,2,62.525,60.284,59.983,98.116,24.139,2.116,0.0,0.0,0.0,44.987,1
20250410,2,62.565,61.627,61.318,96.199,24.635,0.0,0.0,0.0,0.0,45.989,1
20250411,2,69.423,67.681,67.343,97.252,27.039,1.024,0.0,0.0,0.0,50.507,1
20250412,2,65.17,63.918,63.599,95.495,25.85,0.427,0.0,0.0,0.0,47.699,1
20250413,2,65.522,62.649,62.336,94.197,26.348,2.928,0.0,0.0,0.0,46.752,1
20250414,2,64.394,62.253,61.942,97.047,25.134,1.853,0.0,0.0,0.0,46.457,1
20250415,2,57.71,56.845,56.56,98.636,22.162,0.0,0.0,0.0,0.0,42.42,1
20250416,2,54.166,53.055,52.789,98.665,20.795,0.56,0.0,0.0,0.0,39.592,1
20250417,2,66.586,65.588,65.26,97.263,25.932,0.0,0.0,0.0,0.0,48.945,1
20250418,2,73.526,70.994,70.639,97.355,28.607,1.973,0.0,0.0,0.0,52.979,1
20250419,2,56.982,55.804,55.525,95.922,22.502,0.575,0.0,0.0,0.0,41.644,1
20250420,2,55.816,53.99,53.72,97.733,21.633,1.799,0.0,0.0,0.0,40.29,1
20250421,2,71.151,70.084,69.734,98.031,27.493,0.0,0.0,0.0,0.0,52.3,1
20250422,2,53.822,52.194,51.933,95.874,21.264,1.548,0.0,0.0,0.0,38.949,1
20250423,2,58.411,55.428,55.151,93.611,23.635,3.662,0.0,0.0,0.0,41.363,1
20250424,2,50.787,50.026,49.775,96.281,19.981,0.0,0.0,0.0,0.0,37.332,1
20250425,2,52.375,49.849,49.6,95.441,20.787,3.374,0.0,0.0,0.0,37.2,1
20250426,2,55.818,54.664,54.39,97.828,21.613,0.577,0.0,0.0,0.0,40.793,1
20250427,2,63.256,60.813,60.509,99.026,24.196,2.398,0.0,0.0,0.0,45.382,1
20250428,2,58.752,55.967,55.687,97.013,22.94,3.291,0.0,0.0,0.0,41.765,1
20250429,2,61.081,58.501,58.208,97.762,23.667,2.766,0.0,0.0,0.0,43.656,1
20250430,2,54.417,53.409,53.142,97.09,21.23,0.359,0.0,0.0,0.0,39.856,1
20250501,2,62.631,61.309,61.003,99.678,23.801,0.62,0.0,0.0,0.0,45.752,1
20250502,2,57.362,56.002,55.722,100.0,21.728,0.883,0.0,0.0,0.0,41.792,1
20250503,2,55.345,53.019,52.754,95.322,21.993,2.743,0.0,0.0,0.0,39.566,1
20250504,2,56.726,55.875,55.596,97.287,22.086,0.0,0.0,0.0,0.0,41.697,1
20250505,2,62.112,60.547,60.244,97.469,24.138,1.036,0.0,0.0,0.0,45.183,1
20250506,2,67.713,65.931,65.602,100.0,25.649,1.148,0.0,0.0,0.0,49.201,1
20250507,2,62.513,61.575,61.268,96.823,24.456,0.0,0.0,0.0,0.0,45.951,1
20250508,2,64.006,62.444,62.132,96.538,25.114,0.955,0.0,0.0,0.0,46.599,1
20250509,2,68.862,67.829,67.49,100.0,26.084,0.0,0.0,0.0,0.0,50.618,1
20250510,2,62.777,61.447,61.14,97.93,24.282,0.627,0.0,0.0,0.0,45.855,1
20250511,2,66.39,64.661,64.338,98.32,25.577,1.12,0.0,0.0,0.0,48.254,1
20250512,2,69.654,68.609,68.266,99.489,26.519,0.0,0.0,0.0,0.0,51.199,1
20250513,2,66.182,65.008,64.683,97.866,25.616,0.279,0.0,0.0,0.0,48.512,1
20250514,2,54.044,52.055,51.794,93.589,21.874,2.215,0.0,0.0,0.0,38.846,1
20250515,2,44.803,43.48,43.262,96.928,17.508,1.475,0.0,0.0,0.0,32.447,1
20250516,2,57.543,55.418,55.141,100.0,21.797,2.226,0.0,0.0,0.0,41.356,1
20250517,2,48.021,46.251,46.02,97.169,18.72,2.218,0.0,0.0,0.0,34.515,1
20250518,2,57.765,56.783,56.5,96.377,22.703,0.202,0.0,0.0,0.0,42.375,1
20250519,2,55.824,53.396,53.129,97.21,21.752,2.893,0.0,0.0,0.0,39.847,1
20250520,2,51.552,50.243,49.992,99.039,19.717,1.053,0.0,0.0,0.0,37.494,1
20250521,2,52.363,50.487,50.235,99.32,19.97,2.113,0.0,0.0,0.0,37.676,1
20250522,2,53.075,52.086,51.826,97.487,20.622,0.368,0.0,0.0,0.0,38.869,1
20250523,2,62.274,60.586,60.283,97.026,24.312,1.229,0.0,0.0,0.0,45.212,1
20250524,2,52.673,51.339,51.082,97.455,20.473,1.049,0.0,0.0,0.0,38.312,1
20250525,2,54.924,53.552,53.285,98.797,21.058,1.012,0.0,0.0,0.0,39.963,1
20250526,2,52.559,51.479,51.222,97.243,20.473,0.563,0.0,0.0,0.0,38.416,1
20250527,2,59.899,57.195,56.909,97.45,23.283,3.061,0.0,0.0,0.0,42.682,1
20250528,2,59.599,57.831,57.542,96.22,23.462,1.489,0.0,0.0,0.0,43.156,1
20250529,2,52.641,51.092,50.837,98.578,20.227,1.463,0.0,0.0,0.0,38.128,1
20250530,2,57.242,56.373,56.091,95.76,22.643,0.02,0.0,0.0,0.0,42.068,1
20250531,2,50.56,49.173,48.927,98.216,19.499,1.262,0.0,0.0,0.0,36.695,1
20250601,2,47.262,46.107,45.877,98.143,18.241,0.957,0.0,0.0,0.0,34.408,1
20250602,2,53.149,51.8,51.541,94.457,21.313,1.053,0.0,0.0,0.0,38.656,1
20250603,2,52.708,51.917,51.657,98.615,20.245,0.0,0.0,0.0,0.0,38.743,1
20250604,2,56.984,55.266,54.989,100.0,21.585,1.538,0.0,0.0,0.0,41.242,1
20250605,2,46.605,45.827,45.598,99.349,17.769,0.171,0.0,0.0,0.0,34.199,1
20250606,2,50.589,49.83,49.581,99.729,19.215,0.0,0.0,0.0,0.0,37.186,1
20250607,2,41.598,40.758,40.554,95.623,16.478,0.528,0.0,0.0,0.0,30.416,1
20250608,2,59.559,57.264,56.978,96.424,23.397,2.389,0.0,0.0,0.0,42.733,1
20250609,2,61.107,60.191,59.89,94.857,24.402,0.0,0.0,0.0,0.0,44.917,1
20250610,2,55.756,53.101,52.835,99.332,21.262,3.313,0.269,0.0,0.0,39.626,1
20250611,2,61.678,59.311,59.015,97.407,23.985,2.372,0.0,0.0,0.0,44.261,1
20250612,2,44.304,42.97,42.755,97.121,17.279,1.536,0.0,0.0,0.0,32.066,1
20250613,2,64.499,62.587,62.274,97.318,25.105,1.488,0.0,0.0,0.0,46.705,1
20250614,2,58.851,57.968,57.678,97.747,22.806,0.0,0.0,0.0,0.0,43.259,1
20250615,2,42.049,40.906,40.702,98.069,16.241,1.236,0.0,0.0,0.0,30.526,1
20250616,2,49.201,48.455,48.212,96.234,19.366,0.018,0.0,0.0,0.0,36.159,1
20250617,2,57.362,55.817,55.538,98.032,22.164,1.211,0.0,0.0,0.0,41.653,1
20250618,2,52.174,49.815,49.566,96.275,20.528,3.067,0.0,0.0,0.0,37.174,1
20250619,2,50.449,49.598,49.35,98.711,19.359,0.191,0.0,0.0,0.0,37.012,1
20250620,2,57.587,56.278,55.997,100.0,21.813,0.784,0.19,0.0,0.0,41.998,1
20250621,2,58.346,56.351,56.069,95.994,23.023,1.949,0.0,0.0,0.0,42.052,1
20250622,2,60.799,59.066,58.77,96.824,23.785,1.372,0.0,0.0,0.0,44.078,1
20250623,2,41.918,40.987,40.782,98.527,16.115,0.732,0.0,0.0,0.0,30.587,1
20250624,2,46.353,43.974,43.754,98.592,17.809,3.689,0.0,0.0,0.0,32.815,1
20250625,2,56.396,54.93,54.656,95.242,22.429,1.116,0.0,0.0,0.0,40.992,1
20250626,2,43.423,42.388,42.176,98.078,16.77,0.896,0.0,0.0,0.0,31.632,1
20250627,2,54.881,52.706,52.442,95.599,21.745,2.5,0.0,0.0,0.0,39.332,1
20250628,2,45.275,43.612,43.394,97.536,17.583,2.204,0.0,0.0,0.0,32.546,1
20250629,2,47.627,45.36,45.133,97.126,18.574,3.31,0.0,0.0,0.0,33.85,1
20250630,2,49.511,48.769,48.525,95.997,19.536,0.0,0.0,0.0,0.0,36.394,1
20250701,2,56.524,55.032,54.756,97.286,22.008,1.157,0.0,0.0,0.0,41.067,1
20250702,2,50.823,48.567,48.324,93.491,20.591,2.983,0.0,0.0,0.0,36.243,1
20250703,2,53.607,51.382,51.125,95.799,21.196,2.691,0.0,0.0,0.0,38.344,1
20250704,2,47.733,46.261,46.03,96.143,18.806,1.609,0.0,0.458,0.0,34.522,1
20250705,2,51.391,49.15,48.905,98.851,19.692,2.903,0.0,0.0,0.0,36.678,1
20250706,2,52.783,51.347,51.09,97.751,20.453,1.24,0.0,0.0,0.0,38.317,1
20250707,2,59.577,56.949,56.664,99.933,22.582,2.956,0.0,0.0,0.0,42.498,1
20250708,2,53.783,52.354,52.093,97.973,20.794,1.174,0.0,0.0,0.0,39.069,1
20250709,2,46.328,44.591,44.368,97.694,17.963,2.285,0.0,0.0,0.0,33.276,1
20250710,2,56.715,55.141,54.866,98.955,21.71,1.294,0.0,0.0,0.0,41.149,1
20250711,2,43.813,41.883,41.674,98.509,16.847,2.949,0.0,0.0,0.0,31.255,1
20250712,2,53.18,52.302,52.041,97.874,20.582,0.153,0.0,0.0,0.0,39.031,1
20250713,2,47.615,46.71,46.477,94.342,19.118,0.406,0.0,0.073,0.0,34.858,1
20250714,2,48.969,47.696,47.457,100.0,18.549,1.118,0.0,0.0,0.0,35.593,1
20250715,2,48.703,47.639,47.401,96.348,19.148,0.696,0.0,0.0,0.0,35.55,1
20250716,2,43.982,42.824,42.61,97.435,17.098,1.151,0.0,0.0,0.0,31.957,1
20250717,2,54.084,51.707,51.448,98.177,20.867,2.939,0.0,0.0,0.0,38.586,1
20250718,2,64.001,62.708,62.394,98.637,24.578,0.529,0.0,0.0,0.0,46.796,1
20250719,2,49.466,48.54,48.298,96.528,19.411,0.376,0.0,0.0,0.0,36.223,1
20250720,2,51.377,50.606,50.353,97.293,20.002,0.0,0.0,0.0,0.0,37.765,1
20250721,2,45.376,43.756,43.537,98.122,17.517,2.103,0.0,0.0,0.0,32.653,1
20250722,2,55.289,53.206,52.94,98.413,21.281,2.303,0.0,0.0,0.0,39.705,1
20250723,2,52.361,51.146,50.89,99.407,19.952,0.833,0.0,0.0,0.0,38.167,1
20250724,2,56.563,55.715,55.436,99.857,21.456,0.0,0.0,0.0,0.0,41.577,1
20250725,2,43.736,42.227,42.016,97.149,17.053,1.98,0.0,0.0,0.0,31.512,1
20250726,2,53.808,52.385,52.123,99.081,20.571,1.163,0.0,0.0,0.0,39.092,1
20250727,2,55.464,54.632,54.359,93.249,22.53,0.0,0.0,0.0,0.0,40.769,1
20250728,2,48.28,46.627,46.394,97.311,18.793,1.954,0.0,0.0,0.0,34.795,1
20250729,2,48.187,47.464,47.227,96.82,18.852,0.0,0.0,0.0,0.0,35.42,1
20250730,2,51.681,49.581,49.333,96.823,20.219,2.604,0.0,0.0,0.0,36.999,1
20250731,2,44.506,42.654,42.441,96.943,17.39,2.703,0.0,0.0,0.0,31.831,1
20250801,2,56.254,55.41,55.133,95.778,22.248,0.0,0.0,0.249,0.0,41.35,1
20250802,2,42.223,41.01,40.805,98.234,16.281,1.395,0.0,0.0,0.0,30.604,1
20250803,2,51.932,50.364,50.112,97.287,20.22,1.542,0.0,0.0,0.0,37.584,1
20250804,2,46.823,45.132,44.906,97.557,18.18,2.144,0.0,0.0,0.0,33.68,1
20250805,2,55.658,54.26,53.988,96.584,21.828,1.028,0.0,0.0,0.0,40.491,1
20250806,2,45.993,44.411,44.189,99.399,17.527,1.97,0.0,0.0,0.0,33.142,1
20250807,2,51.936,50.578,50.325,98.58,19.956,1.13,0.0,0.0,0.0,37.744,1
20250808,2,52.946,51.565,51.307,96.557,20.77,1.127,0.0,0.0,0.0,38.48,1
20250809,2,52.029,50.654,50.4,100.0,19.708,1.161,0.0,0.0,0.0,37.8,1
20250810,2,55.557,53.135,52.87,96.615,21.782,2.903,0.0,0.0,0.0,39.652,1
20250811,2,51.992,50.752,50.498,96.439,20.421,0.899,0.0,0.0,0.0,37.874,1
20250812,2,47.48,46.461,46.229,96.519,18.633,0.655,0.0,0.0,0.0,34.672,1
20250813,2,44.036,42.751,42.537,97.616,17.087,1.439,0.0,0.0,0.0,31.903,1
20250814,2,55.258,54.147,53.876,98.552,21.239,0.52,0.0,0.0,0.0,40.407,1
20250815,2,45.228,43.964,43.744,96.61,17.733,1.315,0.0,0.0,0.0,32.808,1
20250816,2,44.96,44.199,43.978,95.009,17.925,0.196,0.0,0.0,0.0,32.983,1
20250817,2,45.876,44.762,44.538,98.135,17.708,0.941,0.0,0.0,0.0,33.404,1
20250818,2,55.202,54.374,54.103,94.784,22.061,0.0,0.0,0.0,0.0,40.577,1
20250819,2,50.338,48.505,48.262,96.422,19.775,2.174,0.0,0.0,0.0,36.197,1
20250820,2,50.225,49.472,49.224,96.134,19.79,0.0,0.0,0.0,0.0,36.918,1
20250821,2,44.244,41.784,41.575,100.0,16.759,4.122,0.0,0.0,0.0,31.181,1
20250822,2,50.122,49.37,49.123,98.322,19.31,0.0,0.0,0.0,0.0,36.842,1
20250823,2,44.431,42.809,42.595,96.902,17.368,2.183,0.0,0.0,0.0,31.947,1
20250824,2,47.431,45.913,45.683,99.74,18.013,1.727,0.0,0.0,0.0,34.263,1
20250825,2,46.163,45.082,44.857,98.436,17.764,0.853,0.0,0.0,0.0,33.643,1
20250826,2,49.599,47.251,47.015,97.012,19.366,3.282,0.0,0.0,0.0,35.261,1
20250827,2,46.605,45.625,45.397,99.923,17.667,0.612,0.0,0.0,0.0,34.047,1
20250828,2,51.38,50.248,49.996,98.702,19.718,0.714,0.0,0.0,0.0,37.497,1
20250829,2,53.029,51.881,51.621,96.327,20.853,0.675,0.0,0.0,0.0,38.716,1
20250830,2,52.575,50.468,50.215,94.632,21.044,2.546,0.0,0.0,0.0,37.662,1
20250831,2,48.824,46.874,46.639,95.405,19.385,2.532,0.0,0.0,0.0,34.979,1
20250901,2,53.347,51.979,51.719,100.0,20.207,1.079,0.0,0.0,0.0,38.79,1
20250902,2,50.451,48.033,47.793,95.445,20.022,3.342,0.0,0.0,0.0,35.845,1
20250903,2,58.309,55.729,55.451,96.609,22.862,2.968,0.0,0.0,0.0,41.588,1
20250904,2,50.57,48.9,48.655,99.72,19.209,1.83,0.0,0.0,0.0,36.491,1
20250905,2,55.289,54.047,53.777,97.04,21.582,0.757,0.0,0.0,0.0,40.333,1
20250906,2,57.566,56.066,55.786,97.284,22.414,1.123,0.0,0.0,0.0,41.839,1
20250907,2,56.354,53.813,53.544,96.819,22.048,3.056,0.0,0.0,0.0,40.158,1
20250908,2,58.717,57.388,57.101,96.918,22.949,0.775,0.0,0.0,0.0,42.826,1
20250909,2,52.307,51.522,51.265,100.0,19.813,0.0,0.0,0.0,0.0,38.449,1
20250910,2,58.918,58.034,57.744,100.0,22.318,0.0,0.0,0.0,0.0,43.308,1
20250911,2,60.0,57.287,57.0,96.345,23.59,3.068,0.0,0.0,0.0,42.75,1
20250912,2,61.284,59.905,59.606,97.453,23.82,0.761,0.0,0.0,0.0,44.704,1
20250913,2,47.72,46.791,46.557,94.857,19.056,0.453,0.0,0.0,0.0,34.918,1
20250914,2,59.099,57.469,57.182,96.937,23.094,1.278,0.0,0.0,0.0,42.886,1
20250915,2,65.814,62.866,62.552,96.977,25.707,3.024,0.0,0.0,0.0,46.914,1
20250916,2,53.89,52.733,52.469,99.076,20.603,0.657,0.363,0.0,0.0,39.352,1
20250917,2,61.254,59.358,59.061,96.362,24.078,1.619,0.0,0.0,0.0,44.296,1
20250918,2,53.515,52.052,51.792,97.575,20.775,1.253,0.0,0.0,0.0,38.844,1
20250919,2,53.17,51.825,51.566,97.417,20.674,1.045,0.0,0.0,0.0,38.674,1
20250920,2,52.07,49.952,49.703,100.0,19.724,2.607,0.0,0.0,0.0,37.277,1
20250921,2,43.64,42.591,42.378,93.663,17.648,0.916,0.0,0.0,0.0,31.784,1
20250922,2,58.821,57.233,56.947,98.881,22.533,1.217,0.0,0.0,0.0,42.71,1
20250923,2,58.536,57.513,57.226,96.72,22.925,0.252,0.0,0.51,0.0,42.919,1
20250924,2,61.418,60.496,60.194,97.41,23.883,0.0,0.37,0.0,0.0,45.145,1
20250925,2,40.614,39.67,39.471,99.409,15.476,0.838,0.0,0.0,0.0,29.603,1
20250926,2,68.478,66.632,66.299,97.474,26.611,1.214,0.0,0.0,0.0,49.724,1
20250927,2,53.318,51.895,51.635,99.973,20.202,1.187,0.0,0.0,0.0,38.726,1
20250928,2,51.712,50.031,49.78,99.82,19.623,1.777,0.0,0.0,0.0,37.335,1
20250929,2,54.94,53.535,53.267,97.72,21.296,1.075,0.0,0.0,0.0,39.95,1
20250930,2,65.0,62.673,62.36,97.198,25.331,2.112,0.0,0.0,0.0,46.77,1
20251001,2,53.1,52.304,52.042,96.77,20.785,0.0,0.0,0.0,0.0,39.032,1
20251002,2,58.187,56.515,56.232,98.693,22.333,1.395,0.0,0.0,0.0,42.174,1
20251003,2,57.381,56.52,56.237,95.954,22.652,0.0,0.0,0.0,0.0,42.178,1
20251004,2,55.825,54.889,54.615,95.428,22.159,0.18,0.0,0.0,0.0,40.961,1
20251005,2,58.902,58.019,57.729,95.695,23.315,0.0,0.0,0.0,0.0,43.297,1
20251006,2,67.01,64.611,64.288,96.4,26.33,2.111,0.0,0.0,0.0,48.216,1
20251007,2,53.772,51.929,51.669,97.559,20.878,1.957,0.0,0.0,0.0,38.752,1
20251008,2,57.127,56.164,55.883,98.528,21.962,0.189,0.0,0.0,0.0,41.912,1
20251009,2,58.499,55.959,55.679,96.874,22.874,2.885,0.0,0.0,0.0,41.759,1
20251010,2,51.747,50.958,50.704,97.2,20.166,0.025,0.0,0.0,0.0,38.028,1
20251011,2,52.352,50.445,50.192,97.155,20.411,2.176,0.242,0.0,0.0,37.644,1
20251012,2,61.824,60.696,60.393,97.785,23.949,0.329,0.0,0.0,0.0,45.295,1
20251013,2,57.631,56.767,56.483,97.211,22.456,0.0,0.0,0.0,0.0,42.362,1
20251014,2,58.243,56.158,55.877,98.04,22.503,2.111,0.54,0.0,0.0,41.908,1
20251015,2,70.917,68.217,67.876,98.65,27.23,2.341,0.0,0.0,0.0,50.907,1
20251016,2,65.945,63.692,63.374,97.192,25.701,1.946,0.0,0.0,0.0,47.53,1
20251017,2,57.366,55.977,55.697,97.213,22.353,0.935,0.0,0.0,0.0,41.773,1
20251018,2,66.508,65.51,65.182,99.687,25.271,0.0,0.0,0.0,0.0,48.887,1
20251019,2,78.687,77.507,77.119,99.131,30.067,0.0,0.0,0.0,0.0,57.839,1
20251020,2,62.183,60.124,59.823,99.666,23.633,1.839,0.0,0.0,0.0,44.867,1
20251021,2,73.395,71.815,71.456,95.126,29.226,0.664,0.0,0.0,0.0,53.592,1
20251022,2,54.43,52.493,52.231,95.868,21.506,2.088,0.0,0.0,0.0,39.173,1
20251023,2,57.976,56.611,56.328,95.68,22.952,0.867,0.0,0.0,0.0,42.246,1
20251024,2,64.384,63.418,63.101,98.544,24.748,0.0,0.0,0.0,0.0,47.326,1
20251025,2,64.644,63.46,63.142,98.206,24.934,0.337,0.0,0.0,0.0,47.357,1
20251026,2,61.843,60.916,60.611,96.358,24.311,0.0,0.0,0.0,0.0,45.458,1
20251027,2,61.805,60.44,60.138,97.237,24.076,0.719,0.0,0.0,0.0,45.104,1
20251028,2,61.936,59.918,59.618,97.728,24.006,1.786,0.0,0.0,0.0,44.713,1
20251029,2,59.407,58.235,57.944,97.642,23.046,0.48,0.0,0.0,0.0,43.458,1
20251030,2,69.748,67.715,67.376,97.563,27.08,1.436,0.0,0.0,0.0,50.532,1
20251031,2,63.731,61.963,61.653,98.26,24.568,1.294,0.0,0.0,0.0,46.24,1
20251101,2,62.062,60.999,60.694,96.811,24.283,0.216,0.0,0.0,0.0,45.521,1
20251102,2,71.084,70.018,69.668,95.561,28.177,0.0,0.0,0.0,0.0,52.251,1
20251103,2,78.268,75.498,75.12,96.862,30.608,2.071,0.0,0.0,0.0,56.34,1
20251104,2,68.593,66.33,65.998,98.996,26.246,1.827,0.0,0.0,0.0,49.499,1
20251105,2,80.008,78.405,78.013,98.852,30.658,0.511,0.0,0.0,0.0,58.51,1
20251106,2,76.08,73.477,73.11,97.54,29.545,1.951,0.0,0.0,0.0,54.832,1
20251107,2,66.244,65.251,64.925,99.869,25.126,0.0,0.0,0.0,0.0,48.693,1
20251108,2,66.397,64.904,64.579,98.116,25.633,0.761,0.0,0.0,0.0,48.434,1
20251109,2,68.29,66.728,66.394,99.272,26.057,0.799,0.0,0.0,0.0,49.796,1
20251110,2,61.147,59.605,59.307,98.005,23.633,1.038,0.0,0.0,0.0,44.48,1
20251111,2,73.986,71.269,70.912,98.802,28.365,2.205,0.0,0.0,0.0,53.184,1
20251112,2,65.96,64.617,64.294,95.931,26.045,0.544,0.0,0.0,0.0,48.22,1
20251113,2,71.072,69.309,68.963,99.36,27.095,0.995,0.0,0.0,0.0,51.722,1
20251114,2,71.609,68.816,68.471,99.359,27.3,2.438,0.0,0.0,0.0,51.354,1
20251115,2,66.478,64.238,63.917,97.294,25.882,1.899,0.0,0.0,0.0,47.937,1
20251116,2,70.803,68.748,68.404,96.027,27.929,1.423,0.0,0.0,0.0,51.303,1
20251117,2,57.95,56.643,56.359,97.328,22.553,0.768,0.0,0.0,0.0,42.27,1
20251118,2,59.335,57.497,57.21,98.411,22.838,1.622,0.0,0.0,0.0,42.907,1
20251119,2,68.763,67.545,67.207,98.275,26.504,0.275,0.0,0.0,0.0,50.405,1
20251120,2,65.102,63.681,63.363,97.528,25.285,0.692,0.0,0.0,0.0,47.522,1
20251121,2,68.241,63.754,63.435,100.0,25.849,5.153,0.0,0.0,0.0,47.577,1
20251122,2,70.511,67.863,67.523,95.43,27.988,2.291,0.0,0.0,0.0,50.642,1
20251123,2,67.379,64.797,64.473,96.84,26.355,2.368,0.0,0.0,0.0,48.355,1
20251124,2,71.993,69.948,69.598,96.833,28.162,1.362,0.0,0.0,0.0,52.198,1
20251125,2,83.253,80.885,80.481,98.776,31.926,1.365,0.0,0.0,0.0,60.361,1
20251126,2,60.978,59.099,58.804,97.365,23.723,1.605,0.0,0.0,0.0,44.103,1
20251127,2,70.94,69.875,69.526,98.661,27.236,0.0,0.0,0.0,0.0,52.145,1
20251128,2,82.489,80.753,80.349,97.287,32.117,0.614,0.0,0.0,0.0,60.262,1
20251129,2,82.849,80.021,79.621,99.579,31.515,1.943,0.0,0.0,0.0,59.716,1
20251130,2,70.735,68.627,68.284,97.215,27.561,1.503,0.0,0.0,0.0,51.213,1
20251201,2,72.683,71.512,71.154,98.404,27.978,0.112,0.0,0.0,0.0,53.366,1
20251202,2,66.129,65.113,64.788,96.707,25.902,0.037,0.0,0.0,0.0,48.591,1
20251203,2,67.187,66.179,65.848,99.383,25.607,0.0,0.0,0.0,0.0,49.386,1
20251204,2,77.926,75.768,75.389,98.77,29.885,1.288,0.0,0.0,0.0,56.542,1
20251205,2,66.573,65.333,65.006,96.278,26.192,0.368,0.0,0.0,0.0,48.755,1
20251206,2,71.24,69.679,69.33,97.05,27.805,0.701,0.0,0.0,0.0,51.998,1
20251207,2,63.147,61.517,61.209,95.281,25.104,1.098,0.0,0.0,0.0,45.907,1
20251208,2,65.942,64.316,63.995,98.476,25.365,0.981,0.0,0.0,0.0,47.996,1
20251209,2,66.154,65.113,64.787,97.671,25.656,0.075,0.0,0.0,0.0,48.59,1
20251210,2,77.991,76.524,76.141,96.992,30.458,0.387,0.0,0.0,0.0,57.106,1
20251211,2,76.013,72.323,71.962,99.256,29.009,3.405,0.0,0.0,0.0,53.971,1
20251212,2,71.144,70.077,69.726,99.148,27.18,0.0,0.0,0.0,0.0,52.295,1
20251213,2,64.531,62.109,61.798,98.2,24.891,2.288,0.0,0.0,0.0,46.349,1
20251214,2,67.631,65.898,65.569,96.047,26.672,1.079,0.0,0.0,0.0,49.177,1
20251215,2,72.783,69.634,69.286,97.041,28.41,2.87,0.0,0.0,0.0,51.965,1
20251216,2,65.02,63.599,63.281,97.609,25.232,0.696,0.0,0.0,0.0,47.461,1
20251217,2,77.126,75.607,75.229,98.132,29.771,0.476,0.0,0.0,0.0,56.422,1
20251218,2,79.158,76.406,76.024,100.0,29.984,2.007,0.0,0.0,0.0,57.018,1
20251219,2,62.603,59.324,59.027,98.19,24.15,3.794,0.0,0.0,0.0,44.271,1
20251220,2,70.238,68.725,68.382,96.39,27.602,0.663,0.0,0.0,0.0,51.286,1
20251221,2,82.154,80.336,79.934,97.564,31.896,0.724,0.0,0.0,0.0,59.95,1
20251222,2,83.537,82.137,81.726,96.591,32.76,0.179,0.0,0.0,0.0,61.295,1
20251223,2,72.172,70.428,70.076,98.083,27.872,0.93,0.0,0.0,0.0,52.557,1
20251224,2,71.496,69.44,69.093,97.573,27.755,1.397,0.0,0.0,0.0,51.82,1
20251225,2,68.336,66.241,65.91,96.667,26.777,1.589,0.0,0.023,0.0,49.433,1
20251226,2,59.396,56.659,56.376,96.404,23.338,3.155,0.0,0.0,0.0,42.282,1
20251227,2,73.799,71.968,71.608,97.765,28.593,0.996,0.175,0.0,0.0,53.706,1
20251228,2,66.353,63.426,63.108,97.084,25.889,2.957,0.0,0.0,0.0,47.331,1
20251229,2,81.32,79.574,79.176,99.479,30.964,0.657,0.0,0.0,0.0,59.382,1
20251230,2,67.177,65.665,65.337,99.22,25.646,0.762,0.0,0.0,0.0,49.002,1
20251231,2,88.038,86.717,86.283,97.265,34.285,0.0,0.0,0.0,0.0,64.713,1
20240101,3,10444.644,9930.195,9880.544,92.451,66.021,0.964,0.0,0.0,3952.218,0.0,1
20240102,3,11069.75,10543.954,10491.234,94.834,68.214,0.781,0.0,0.0,4196.494,0.0,1
20240103,3,11399.196,10943.228,10888.512,94.931,70.172,0.0,0.0,0.0,4355.405,0.0,1
20240104,3,11010.634,10489.159,10436.713,94.301,68.233,0.767,0.0,0.0,4174.685,0.0,1
20240105,3,10164.529,9695.018,9646.543,95.007,62.522,0.645,0.0,0.0,3858.617,0.0,1
20240106,3,11741.139,11073.629,11018.261,93.939,73.041,1.755,0.0,0.0,4407.304,0.0,1
20240107,3,11945.754,11467.924,11410.584,94.972,73.505,0.0,0.0,0.0,4564.234,0.0,1
20240108,3,10329.113,9915.949,9866.369,93.693,64.425,0.0,0.0,0.0,3946.548,0.0,1
20240109,3,10013.134,9488.153,9440.712,93.615,62.506,1.295,0.0,0.0,3776.285,0.0,1
20240110,3,10838.671,10254.889,10203.614,95.636,66.23,1.444,0.0,0.0,4081.446,0.0,1
20240111,3,10003.347,9573.843,9525.974,93.864,62.28,0.306,0.0,0.0,3810.389,0.0,1
20240112,3,10948.998,10312.705,10261.141,91.986,69.558,1.887,0.0,0.0,4104.457,0.0,1
20240113,3,11392.984,10602.961,10549.946,92.854,71.703,3.057,0.0,0.0,4219.979,0.0,1
20240114,3,9820.932,9428.095,9380.954,92.633,61.956,0.0,0.0,0.0,3752.382,0.0,1
20240115,3,10089.281,9675.443,9627.065,89.847,65.623,0.106,0.0,0.0,3850.826,0.0,1
20240116,3,10785.727,10258.39,10207.099,95.385,66.079,0.926,0.0,0.0,4082.839,0.0,1
20240117,3,10395.272,9877.578,9828.191,93.559,64.93,1.021,0.0,0.0,3931.276,0.0,1
20240118,3,11334.544,10686.268,10632.837,94.301,70.241,1.791,0.0,0.0,4253.135,0.0,1
20240119,3,10692.348,9975.045,9925.17,93.75,66.65,2.821,0.0,0.0,3970.068,0.0,1
20240120,3,12028.75,11259.534,11203.236,95.129,73.893,2.495,0.0,0.0,4481.294,0.0,1
20240121,3,10880.152,10372.77,10320.906,92.882,68.454,0.691,0.0,0.0,4128.363,0.0,1
20240122,3,11081.973,10484.078,10431.658,92.33,70.142,1.453,0.0,0.0,4172.663,0.0,1
20240123,3,11969.321,11247.408,11191.171,95.7,73.089,2.116,0.0,0.0,4476.469,0.0,1
20240124,3,9868.874,9425.804,9378.675,93.51,61.675,0.51,0.0,0.0,3751.47,0.0,1
20240125,3,10506.882,9838.565,9789.372,93.921,65.375,2.459,0.0,0.0,3915.749,0.0,1
20240126,3,10433.496,9795.035,9746.059,94.18,64.739,2.208,0.0,0.0,3898.424,0.0,1
20240127,3,11174.666,10680.357,10626.955,95.183,68.608,0.441,0.0,0.0,4250.782,0.0,1
20240128,3,10729.649,10154.502,10103.729,95.837,65.426,1.417,0.0,0.0,4041.492,0.0,1
20240129,3,9294.221,8802.758,8758.744,93.139,58.315,1.341,0.0,0.0,3503.498,0.0,1
20240130,3,8902.328,8344.985,8303.26,93.412,55.693,2.355,0.0,0.0,3321.304,0.0,1
20240131,3,10771.453,10340.595,10288.892,93.752,67.142,0.0,0.0,0.0,4115.557,0.0,1
20240201,3,9556.862,9040.285,8995.083,92.372,60.461,1.464,0.0,0.0,3598.033,0.0,1
20240202,3,10298.095,9833.355,9784.188,91.314,65.905,0.534,0.0,0.0,3913.675,0.0,1
20240203,3,10942.246,10479.483,10427.086,94.346,67.777,0.239,0.0,0.0,4170.834,0.0,1
20240204,3,10317.72,9750.377,9701.625,92.84,64.945,1.561,0.0,0.0,3880.65,0.0,1
20240205,3,11211.11,10655.756,10602.477,95.441,68.646,0.993,0.0,0.0,4240.991,0.0,1
20240206,3,10953.909,10335.153,10283.477,91.746,69.772,1.717,0.0,0.0,4113.391,0.0,1
20240207,3,11155.816,10526.979,10474.344,93.213,69.94,1.705,0.0,0.0,4189.738,0.0,1
20240208,3,11638.934,11173.377,11117.51,96.578,70.426,0.0,0.0,0.0,4447.004,0.0,1
20240209,3,12037.182,11371.953,11315.093,94.632,74.334,1.59,0.0,0.0,4526.037,0.0,1
20240210,3,10051.782,9580.533,9532.63,93.706,62.687,0.717,0.0,0.0,3813.052,0.0,1
20240211,3,10318.117,9813.328,9764.262,91.91,65.605,0.929,0.0,0.0,3905.705,0.0,1
20240212,3,11521.171,10909.824,10855.275,94.707,71.091,1.361,0.0,0.0,4342.11,0.0,1
20240213,3,11514.579,10718.344,10664.752,95.13,70.735,3.036,0.0,0.0,4265.901,0.0,1
20240214,3,10690.696,10239.4,10188.203,94.587,66.05,0.231,0.0,0.0,4075.281,0.0,1
20240215,3,10621.676,10041.872,9991.662,93.262,66.556,1.519,0.0,0.0,3996.665,0.0,1
20240216,3,11872.918,11337.567,11280.879,94.832,73.165,0.53,0.0,0.0,4512.352,0.0,1
20240217,3,11232.803,10656.991,10603.706,93.979,69.849,1.173,0.0,0.0,4241.482,0.0,1
20240218,3,11816.587,11116.994,11061.409,93.971,73.485,2.0,0.0,0.0,4424.564,0.0,1
20240219,3,9939.476,9538.752,9491.058,95.675,60.711,0.033,0.0,0.0,3796.423,0.0,1
20240220,3,10480.686,9926.423,9876.791,96.965,63.165,1.342,0.0,0.0,3950.716,0.0,1
20240221,3,10654.647,10228.461,10177.319,93.933,66.286,0.0,0.0,0.0,4070.928,0.0,1
20240222,3,10836.141,10171.57,10120.712,95.388,66.387,2.222,0.0,0.0,4048.285,0.0,1
20240223,3,10838.737,10405.187,10353.162,93.187,67.971,0.0,0.0,0.0,4141.265,0.0,1
20240224,3,12147.318,11356.367,11299.585,93.974,75.539,2.616,0.0,0.0,4519.834,0.0,1
20240225,3,10332.351,9700.981,9652.476,91.683,65.858,2.199,0.0,0.0,3860.99,0.0,1
20240226,3,11006.653,10397.833,10345.844,96.06,66.96,1.595,0.0,0.083,4138.338,0.0,1
20240227,3,10392.787,9880.017,9830.617,94.007,64.606,0.973,0.0,0.0,3932.247,0.0,1
20240228,3,10915.279,10413.502,10361.435,95.542,66.764,0.622,0.0,0.0,4144.574,0.0,1
20240229,3,11560.027,11019.084,10963.989,93.935,71.917,0.708,0.0,0.0,4385.595,0.0,1
20240301,3,11032.585,10568.874,10516.03,93.469,68.978,0.212,0.0,0.0,4206.412,0.0,1
20240302,3,11456.846,10885.085,10830.66,95.839,69.859,1.032,0.0,0.0,4332.264,0.0,1
20240303,3,9236.934,8768.06,8724.219,89.497,60.314,1.121,0.0,0.0,3489.688,0.0,1
20240304,3,11253.994,10669.831,10616.482,93.176,70.583,1.24,0.0,0.0,4246.593,0.0,1
20240305,3,10949.792,10495.366,10442.889,92.816,68.942,0.156,0.0,0.0,4177.156,0.0,1
20240306,3,10763.53,10094.159,10043.688,95.612,65.787,2.311,0.0,0.0,4017.475,0.0,1
20240307,3,12385.536,11833.847,11774.677,94.315,76.742,0.473,0.0,0.0,4709.871,0.0,1
20240308,3,10731.254,10271.085,10219.729,92.076,68.109,0.3,0.0,0.0,4087.892,0.0,1
20240309,3,10840.872,10375.531,10323.653,94.798,66.829,0.305,0.0,0.0,4129.461,0.0,1
20240310,3,9979.555,9555.932,9508.152,94.366,61.801,0.255,0.0,0.0,3803.261,0.0,1
20240311,3,11016.725,10345.326,10293.599,93.295,69.007,2.182,0.0,0.0,4117.44,0.0,1
20240312,3,11448.503,10772.488,10718.626,93.087,71.871,1.984,0.0,0.0,4287.45,0.0,1
20240313,3,10564.793,10009.409,9959.362,93.664,65.915,1.309,0.0,0.0,3983.745,0.0,1
20240314,3,10967.871,10517.137,10464.551,96.634,66.327,0.114,0.0,0.0,4185.82,0.0,1
20240315,3,10741.931,10277.977,10226.587,95.547,65.7,0.332,0.0,0.0,4090.635,0.0,1
20240316,3,10390.763,9975.133,9925.257,95.959,63.279,0.0,0.0,0.0,3970.103,0.0,1
20240317,3,10107.902,9624.557,9576.434,94.256,62.669,0.814,0.0,0.0,3830.574,0.0,1
20240318,3,11958.394,11480.058,11422.658,93.674,74.603,0.0,0.0,0.0,4569.063,0.0,1
20240319,3,10723.848,9985.211,9935.285,93.807,66.806,3.008,0.0,0.0,3974.114,0.0,1
20240320,3,10473.763,10006.376,9956.344,95.618,64.012,0.482,0.0,0.244,3982.538,0.0,1
20240321,3,10941.335,10406.23,10354.199,90.93,70.317,0.928,0.0,0.0,4141.679,0.0,1
20240322,3,11612.797,11106.635,11051.102,94.933,71.485,0.374,0.0,0.0,4420.441,0.0,1
20240323,3,10701.579,10185.127,10134.201,90.952,68.76,0.86,0.0,0.0,4053.681,0.0,1
20240324,3,11323.028,10722.263,10668.652,94.336,70.143,1.36,0.0,0.0,4267.461,0.0,1
20240325,3,10217.334,9695.417,9646.94,93.132,64.111,1.154,0.0,0.0,3858.776,0.0,1
20240326,3,11041.107,10315.92,10264.34,91.833,70.261,2.675,0.0,0.0,4105.736,0.0,1
20240327,3,10542.49,10120.791,10070.187,93.638,65.795,0.0,0.0,0.0,4028.075,0.0,1
20240328,3,12395.492,11718.662,11660.069,92.382,78.411,1.521,0.0,0.0,4664.027,0.0,1
20240329,3,10781.584,9959.051,9909.256,93.723,67.226,3.78,0.0,0.0,3963.702,0.0,1
20240330,3,10896.429,10392.216,10340.255,94.895,67.102,0.653,0.0,0.0,4136.102,0.0,1
20240331,3,9895.43,9499.613,9452.115,93.759,61.677,0.0,0.0,0.0,3780.846,0.0,1
20240401,3,10407.835,9804.205,9755.184,92.652,65.645,1.875,0.0,0.0,3902.073,0.0,1
20240402,3,11547.698,10838.387,10784.195,93.781,71.958,2.232,0.0,0.0,4313.678,0.0,1
20240403,3,10173.938,9759.207,9710.411,94.588,62.857,0.08,0.0,0.224,3884.164,0.0,1
20240404,3,10415.253,9800.819,9751.815,95.072,64.02,1.979,0.0,0.0,3900.726,0.0,1
20240405,3,10334.379,9783.642,9734.724,94.701,63.772,1.385,0.0,0.339,3893.889,0.0,1
20240406,3,11776.748,11195.843,11139.864,92.407,74.477,0.972,0.0,0.0,4455.945,0.0,1
20240407,3,11613.546,10977.478,10922.59,93.352,72.701,1.538,0.0,0.0,4369.036,0.0,1
20240408,3,11515.545,10755.589,10701.811,95.788,70.255,2.708,0.0,0.0,4280.724,0.0,1
20240409,3,11077.619,10602.999,10549.984,93.66,69.118,0.296,0.0,0.0,4219.994,0.0,1
20240410,3,11723.744,11254.794,11198.52,95.493,71.746,0.0,0.0,0.0,4479.408,0.0,1
20240411,3,11439.367,10981.792,10926.883,94.944,70.41,0.0,0.0,0.0,4370.753,0.0,1
20240412,3,10556.504,10041.1,9990.894,92.887,66.415,0.919,0.0,0.0,3996.358,0.0,1
20240413,3,11408.29,10867.89,10813.55,92.348,72.193,0.768,0.0,0.0,4325.42,0.0,1
20240414,3,10123.839,9500.354,9452.853,93.927,62.987,2.249,0.0,0.0,3781.141,0.0,1
20240415,3,11083.756,10584.58,10531.657,95.594,67.757,0.525,0.0,0.0,4212.663,0.0,1
20240416,3,11057.628,10591.47,10538.512,95.068,67.971,0.225,0.0,0.0,4215.405,0.0,1
20240417,3,11330.312,10877.099,10822.714,93.13,71.097,0.0,0.0,0.455,4329.086,0.0,1
20240418,3,9871.176,9291.933,9245.473,93.076,61.977,1.946,0.0,0.0,3698.189,0.0,1
20240419,3,10851.544,10086.16,10035.73,93.28,67.983,3.18,0.0,0.0,4014.292,0.0,1
20240420,3,10234.709,9467.037,9419.702,92.017,64.999,3.647,0.0,0.0,3767.881,0.0,1
20240421,3,10735.651,10274.43,10223.058,95.269,65.853,0.308,0.0,0.0,4089.223,0.0,1
20240422,3,11529.34,11068.167,11012.826,94.862,71.025,0.0,0.0,0.0,4405.13,0.0,1
20240423,3,11281.398,10830.142,10775.991,93.607,70.429,0.0,0.0,0.0,4310.397,0.0,1
20240424,3,10510.332,9694.037,9645.567,92.992,66.05,3.924,0.0,0.0,3858.227,0.0,1
20240425,3,11119.305,10591.566,10538.608,95.673,67.918,0.777,0.0,0.0,4215.443,0.0,1
20240426,3,9891.754,9184.306,9138.384,94.022,61.481,3.283,0.0,0.0,3655.354,0.0,1
20240427,3,10308.585,9648.024,9599.784,91.544,65.807,2.508,0.0,0.0,3839.914,0.0,1
20240428,3,10366.424,9740.572,9691.869,93.189,65.008,2.122,0.0,0.0,3876.748,0.0,1
20240429,3,10970.864,10423.675,10371.557,94.793,67.634,1.029,0.0,0.0,4148.623,0.0,1
20240430,3,10084.985,9416.957,9369.872,94.899,62.103,2.733,0.0,0.0,3747.949,0.0,1
20240501,3,10263.303,9781.245,9732.339,96.466,62.174,0.726,0.0,0.0,3892.936,0.0,1
20240502,3,9821.994,9338.372,9291.681,93.791,61.198,0.962,0.0,0.0,3716.672,0.0,1
20240503,3,9265.385,8635.713,8592.535,91.688,59.054,2.912,0.0,0.0,3437.014,0.0,1
20240504,3,10294.907,9575.681,9527.803,93.726,64.189,3.111,0.0,0.0,3811.121,0.0,1
20240505,3,11068.493,10296.934,10245.449,94.691,68.309,3.095,0.0,0.0,4098.18,0.0,1
20240506,3,11151.36,10514.009,10461.439,96.595,67.464,1.787,0.0,0.0,4184.575,0.0,1
20240507,3,10271.628,9700.072,9651.571,94.321,63.64,1.63,0.0,0.0,3860.629,0.0,1
20240508,3,11021.217,10500.088,10447.588,93.891,68.597,0.759,0.0,0.0,4179.035,0.0,1
20240509,3,10916.427,10479.77,10427.371,93.034,68.571,0.0,0.0,0.0,4170.949,0.0,1
20240510,3,10469.064,9878.33,9828.938,93.241,65.614,1.711,0.0,0.0,3931.575,0.0,1
20240511,3,11160.102,10428.821,10376.677,94.5,69.013,2.659,0.0,0.0,4150.671,0.0,1
20240512,3,10674.985,10222.651,10171.538,94.291,66.16,0.247,0.0,0.0,4068.615,0.0,1
20240513,3,10524.792,9964.576,9914.753,91.472,67.24,1.378,0.0,0.0,3965.901,0.0,1
20240514,3,9995.675,9348.367,9301.625,92.726,62.996,2.579,0.0,0.0,3720.65,0.0,1
20240515,3,11814.09,11103.885,11048.366,92.841,74.364,2.095,0.0,0.0,4419.346,0.0,1
20240516,3,10456.653,9807.672,9758.634,92.605,65.987,2.298,0.0,0.0,3903.453,0.0,1
20240517,3,11102.328,10461.097,10408.791,94.198,68.877,1.85,0.0,0.0,4163.517,0.0,1
20240518,3,11220.773,10771.942,10718.082,95.264,68.832,0.0,0.0,0.0,4287.233,0.0,1
20240519,3,11410.929,10723.594,10669.976,96.463,69.129,2.108,0.0,0.0,4267.991,0.0,1
20240520,3,9501.162,9118.577,9072.984,93.217,59.564,0.028,0.0,0.0,3629.194,0.0,1
20240521,3,11847.09,11207.371,11151.334,95.504,72.492,1.458,0.0,0.0,4460.533,0.0,1
20240522,3,11245.554,10502.5,10449.988,93.527,70.266,2.716,0.0,0.0,4179.995,0.0,1
20240523,3,12199.4,11543.692,11485.974,96.07,74.208,1.432,0.0,0.0,4594.389,0.0,1
20240524,3,10522.179,10056.883,10006.598,95.915,64.109,0.44,0.0,0.0,4002.639,0.0,1
20240525,3,11023.08,10248.051,10196.811,92.372,69.737,3.157,0.0,0.0,4078.724,0.0,1
20240526,3,11151.504,10688.565,10635.122,91.927,70.891,0.158,0.0,0.0,4254.049,0.0,1
20240527,3,11144.995,10664.898,10611.573,96.12,67.759,0.321,0.0,0.0,4244.629,0.0,1
20240528,3,10489.407,9956.926,9907.141,95.836,63.962,1.121,0.0,0.0,3962.856,0.0,1
20240529,3,11731.769,10963.141,10908.325,94.921,72.227,2.658,0.0,0.0,4363.33,0.0,1
20240530,3,13729.859,13056.299,12991.017,95.037,84.425,0.944,0.0,0.0,5196.407,0.0,1
20240531,3,10584.427,10058.484,10008.192,93.976,65.819,1.009,0.0,0.0,4003.277,0.0,1
20240601,3,10361.526,9742.661,9693.948,96.006,63.07,2.055,0.0,0.0,3877.579,0.0,1
20240602,3,11161.646,10492.153,10439.692,90.361,72.185,2.081,0.0,0.0,4175.877,0.0,1
20240603,3,10458.767,9854.622,9805.349,92.752,65.896,1.85,0.0,0.0,3922.14,0.0,1
20240604,3,9988.228,9367.492,9320.655,91.972,63.465,2.307,0.0,0.0,3728.262,0.0,1
20240605,3,10454.116,9764.805,9715.981,92.807,65.827,2.702,0.0,0.0,3886.392,0.0,1
20240606,3,11966.627,11379.064,11322.168,95.29,73.388,0.948,0.0,0.0,4528.867,0.0,1
20240607,3,9933.269,9535.938,9488.259,92.557,62.716,0.0,0.0,0.0,3795.303,0.0,1
20240608,3,11464.227,10733.786,10680.117,94.681,70.759,2.47,0.0,0.0,4272.047,0.0,1
20240609,3,11427.022,10843.433,10789.216,95.47,69.946,1.153,0.0,0.0,4315.686,0.0,1
20240610,3,10854.366,10317.275,10265.688,94.666,67.006,0.988,0.0,0.0,4106.275,0.0,1
20240611,3,10638.198,10113.854,10063.285,95.646,64.998,0.968,0.0,0.0,4025.314,0.0,1
20240612,3,9799.427,9115.676,9070.097,94.053,60.887,3.102,0.0,0.0,3628.039,0.0,1
20240613,3,10293.973,9767.367,9718.531,95.06,63.283,1.162,0.0,0.0,3887.412,0.0,1
20240614,3,9972.164,9541.059,9493.353,91.957,63.373,0.337,0.0,0.0,3797.341,0.0,1
20240615,3,10706.341,10238.896,10187.701,93.847,66.669,0.381,0.0,0.0,4075.081,0.0,1
20240616,3,10799.407,10367.431,10315.594,93.707,67.349,0.0,0.0,0.0,4126.238,0.0,1
20240617,3,11310.065,10498.31,10445.819,94.818,69.706,3.31,0.0,0.0,4178.328,0.0,1
20240618,3,10343.777,9607.476,9559.438,94.991,63.635,3.248,0.0,0.0,3823.775,0.0,1
20240619,3,11205.786,10607.35,10554.313,93.162,70.291,1.396,0.0,0.0,4221.725,0.0,1
20240620,3,9923.007,9526.087,9478.457,92.45,62.724,0.0,0.0,0.0,3791.383,0.0,1
20240621,3,11117.057,10672.375,10619.013,92.771,70.029,0.0,0.0,0.0,4247.605,0.0,1
20240622,3,10827.09,10288.197,10236.756,92.626,68.309,1.018,0.0,0.0,4094.702,0.0,1
20240623,3,11144.743,10698.953,10645.458,92.493,70.415,0.0,0.0,0.0,4258.183,0.0,1
20240624,3,10352.486,9892.965,9843.5,95.255,63.512,0.457,0.0,0.0,3937.4,0.0,1
20240625,3,10638.121,10019.432,9969.335,96.664,64.313,1.891,0.0,0.0,3987.734,0.0,1
20240626,3,9940.101,9399.587,9352.589,92.991,62.467,1.498,0.316,0.0,3741.036,0.0,1
20240627,3,10960.716,10366.733,10314.9,93.755,68.32,1.478,0.0,0.0,4125.96,0.0,1
20240628,3,11243.076,10612.169,10559.108,94.298,69.676,1.679,0.0,0.0,4223.643,0.0,1
20240629,3,11932.771,11455.46,11398.183,94.229,74.004,0.0,0.0,0.0,4559.273,0.0,1
20240630,3,11832.149,11294.395,11237.923,94.28,73.34,0.568,0.0,0.0,4495.169,0.0,1
20240701,3,11760.735,11255.184,11198.908,93.697,73.352,0.311,0.0,0.0,4479.563,0.0,1
20240702,3,11113.575,10546.863,10494.128,94.412,68.79,1.145,0.0,0.0,4197.651,0.0,1
20240703,3,11029.552,10588.37,10535.428,94.053,68.53,0.0,0.0,0.0,4214.171,0.0,1
20240704,3,10827.407,10192.977,10142.012,95.0,66.604,1.937,0.318,0.0,4056.805,0.0,1
20240705,3,11622.968,10969.679,10914.831,93.539,72.614,1.688,0.0,0.277,4365.932,0.0,1
20240706,3,11164.319,10495.956,10443.476,93.678,69.645,2.069,0.0,0.0,4177.39,0.0,1
20240707,3,11305.251,10661.734,10608.425,92.491,71.43,1.763,0.0,0.0,4243.37,0.0,1
20240708,3,11082.156,10433.762,10381.593,96.349,67.217,1.928,0.0,0.0,4152.637,0.0,1
20240709,3,10352.379,9686.407,9637.975,93.891,64.434,2.534,0.026,0.0,3855.19,0.0,1
20240710,3,10640.486,10028.649,9978.506,94.85,65.558,1.823,0.0,0.0,3991.402,0.0,1
20240711,3,10110.662,9706.235,9657.704,94.942,62.233,0.0,0.0,0.0,3863.082,0.0,1
20240712,3,11181.288,10546.669,10493.935,95.39,68.499,1.746,0.0,0.0,4197.574,0.0,1
20240713,3,10815.66,10171.604,10120.746,90.349,69.957,2.036,0.0,0.0,4048.298,0.0,1
20240714,3,10522.739,9914.671,9865.098,91.217,67.414,1.853,0.0,0.0,3946.039,0.0,1
20240715,3,10835.398,10401.982,10349.972,94.357,67.107,0.0,0.0,0.0,4139.989,0.0,1
20240716,3,12854.958,12205.191,12144.165,97.357,77.162,1.099,0.0,0.0,4857.666,0.0,1
20240717,3,11685.609,10931.606,10876.948,93.856,72.76,2.555,0.0,0.0,4350.779,0.0,1
20240718,3,10703.979,10035.972,9985.792,92.162,67.872,2.334,0.0,0.0,3994.317,0.0,1
20240719,3,9931.02,9392.105,9345.144,94.43,61.458,1.486,0.0,0.0,3738.058,0.0,1
20240720,3,10862.294,10427.802,10375.663,95.257,66.638,0.0,0.0,0.0,4150.265,0.0,1
20240721,3,9777.175,9366.245,9319.414,96.697,59.088,0.211,0.0,0.0,3727.765,0.0,1
20240722,3,10891.87,10332.321,10280.66,95.31,66.782,1.185,0.0,0.0,4112.264,0.0,1
20240723,3,10475.982,9881.743,9832.334,93.211,65.679,1.742,0.0,0.0,3932.934,0.0,1
20240724,3,10650.105,9988.561,9938.619,94.191,66.076,2.304,0.0,0.0,3975.447,0.0,1
20240725,3,9688.645,9200.224,9154.223,93.294,60.689,1.085,0.757,0.0,3661.689,0.0,1
20240726,3,11744.99,11114.924,11059.349,92.822,73.943,1.421,0.0,0.0,4423.74,0.0,1
20240727,3,12051.205,11533.134,11475.468,94.673,74.388,0.311,0.0,0.0,4590.187,0.0,1
20240728,3,10590.28,10126.627,10075.994,92.261,67.079,0.394,0.0,0.0,4030.398,0.0,1
20240729,3,11059.65,10342.18,10290.469,92.284,70.035,2.591,0.0,0.0,4116.188,0.0,1
20240730,3,10787.941,10218.482,10167.39,94.948,66.398,1.332,0.0,0.0,4066.956,0.0,1
20240731,3,10004.841,9409.837,9362.787,95.513,61.213,2.028,0.0,0.0,3745.115,0.0,1
20240801,3,10278.23,9637.817,9589.628,92.628,64.845,2.324,0.0,0.0,3835.851,0.0,1
20240802,3,10997.759,10401.707,10349.699,95.535,67.273,1.479,0.266,0.0,4139.88,0.0,1
20240803,3,11710.695,10874.859,10820.485,93.919,72.867,3.268,0.0,0.147,4328.194,0.0,1
20240804,3,11741.52,11159.993,11104.193,94.119,72.903,0.992,0.0,0.0,4441.677,0.0,1
20240805,3,11292.266,10583.396,10530.479,95.276,69.262,2.372,0.0,0.0,4212.192,0.0,1
20240806,3,10708.376,10124.144,10073.524,92.52,67.638,1.516,0.0,0.0,4029.409,0.0,1
20240807,3,11542.806,11081.094,11025.688,95.151,70.892,0.0,0.0,0.0,4410.275,0.0,1
20240808,3,12465.418,11750.708,11691.954,95.598,76.2,1.806,0.0,0.0,4676.782,0.0,1
20240809,3,10812.011,10379.53,10327.633,94.495,66.865,0.0,0.0,0.0,4131.053,0.0,1
20240810,3,11095.941,10556.514,10503.731,93.2,69.574,0.897,0.0,0.0,4201.492,0.0,1
20240811,3,11517.496,10922.023,10867.413,94.909,70.917,1.219,0.0,0.0,4346.965,0.0,1
20240812,3,11379.286,10596.082,10543.101,94.608,70.289,3.003,0.0,0.0,4217.241,0.0,1
20240813,3,10784.06,10352.698,10300.935,91.55,68.837,0.0,0.0,0.0,4120.374,0.0,1
20240814,3,10917.922,10344.768,10293.044,93.66,68.121,1.302,0.0,0.371,4117.217,0.0,1
20240815,3,11754.12,11111.205,11055.649,93.824,73.211,1.531,0.0,0.0,4422.259,0.0,1
20240816,3,12375.827,11773.059,11714.194,94.687,76.38,0.907,0.0,0.0,4685.677,0.0,1
20240817,3,11955.506,11334.717,11278.043,97.013,72.017,1.242,0.0,0.0,4511.217,0.0,1
20240818,3,10942.451,10372.418,10320.556,92.87,68.856,1.26,0.0,0.0,4128.222,0.0,1
20240819,3,10494.375,9998.458,9948.466,91.796,66.809,0.756,0.084,0.0,3979.386,0.0,1
20240820,3,10621.799,10196.927,10145.942,93.075,66.691,0.0,0.0,0.0,4058.377,0.0,1
20240821,3,10956.928,10508.291,10455.75,94.144,68.013,0.098,0.0,0.0,4182.3,0.0,1
20240822,3,10856.149,10303.491,10251.974,93.338,67.97,1.136,0.0,0.0,4100.79,0.0,1
20240823,3,12523.514,11772.782,11713.918,93.708,78.1,2.078,0.0,0.0,4685.567,0.0,1
20240824,3,11162.396,10326.444,10274.812,94.291,69.181,3.634,0.007,0.0,4109.925,0.0,1
20240825,3,11789.436,11217.425,11161.338,94.456,72.94,0.887,0.0,0.0,4464.535,0.0,1
20240826,3,11834.381,10927.282,10872.646,96.231,71.867,3.818,0.0,0.0,4349.058,0.0,1
20240827,3,11321.257,10777.828,10723.939,96.735,68.393,0.833,0.0,0.0,4289.576,0.0,1
20240828,3,11806.962,11074.202,11018.831,96.037,71.846,2.298,0.0,0.0,4407.532,0.0,1
20240829,3,10767.523,10268.555,10217.212,93.26,67.471,0.66,0.0,0.0,4086.885,0.0,1
20240830,3,10863.744,10300.114,10248.613,92.187,68.866,1.238,0.0,0.0,4099.445,0.0,1
20240831,3,10185.731,9778.302,9729.411,92.926,64.055,0.0,0.0,0.0,3891.764,0.0,1
20240901,3,9968.686,9451.456,9404.199,91.206,63.873,1.238,0.0,0.0,3761.679,0.0,1
20240902,3,12334.794,11839.835,11780.636,96.51,74.689,0.013,0.0,0.0,4712.254,0.0,1
20240903,3,10136.572,9697.845,9649.356,93.83,63.132,0.342,0.0,0.0,3859.742,0.0,1
20240904,3,10992.501,10416.249,10364.168,90.634,70.877,1.294,0.0,0.0,4145.667,0.0,1
20240905,3,10780.486,10157.996,10107.206,93.788,67.172,1.848,0.0,0.0,4042.882,0.0,1
20240906,3,10985.917,10427.441,10375.303,93.573,68.609,1.129,0.428,0.0,4150.121,0.0,1
20240907,3,11494.629,10948.158,10893.417,92.346,72.741,0.786,0.0,0.0,4357.367,0.0,1
20240908,3,10674.514,10170.155,10119.304,97.282,64.123,0.755,0.0,0.0,4047.722,0.0,1
20240909,3,10943.077,10372.084,10320.223,93.507,68.39,1.269,0.0,0.0,4128.089,0.0,1
20240910,3,11131.144,10453.002,10400.737,95.558,68.073,2.179,0.0,0.0,4160.295,0.0,1
20240911,3,10340.135,9829.518,9780.371,95.151,63.506,0.977,0.0,0.0,3912.148,0.0,1
20240912,3,11891.34,11135.154,11079.479,94.272,73.714,2.457,0.0,0.0,4431.791,0.0,1
20240913,3,10547.782,9973.892,9924.023,94.338,65.339,1.501,0.0,0.0,3969.609,0.0,1
20240914,3,10599.715,10175.726,10124.848,95.32,64.984,0.0,0.0,0.0,4049.939,0.0,1
20240915,3,11206.147,10687.724,10634.285,93.503,70.037,0.652,0.0,0.0,4253.714,0.0,1
20240916,3,10744.355,10314.581,10263.008,93.85,66.903,0.0,0.0,0.0,4105.203,0.0,1
20240917,3,10175.718,9576.965,9529.08,94.209,63.121,1.963,0.0,0.0,3811.632,0.0,1
20240918,3,11320.318,10658.534,10605.241,93.448,70.793,1.923,0.0,0.0,4242.096,0.0,1
20240919,3,10863.552,10299.331,10247.834,90.091,70.467,1.243,0.0,0.03,4099.134,0.0,1
20240920,3,11445.42,10871.385,10817.028,94.121,71.063,1.058,0.0,0.0,4326.811,0.0,1
20240921,3,10316.426,9766.756,9717.922,89.725,67.192,1.383,0.0,0.0,3887.169,0.0,1
20240922,3,11648.622,11017.292,10962.206,96.095,70.839,1.479,0.0,0.0,4384.882,0.0,1
20240923,3,9987.729,9582.151,9534.24,93.157,62.654,0.063,0.0,0.0,3813.696,0.0,1
20240924,3,10714.829,10083.64,10033.222,93.758,66.784,1.97,0.0,0.0,4013.289,0.0,1
20240925,3,11641.762,11176.092,11120.211,93.503,72.76,0.0,0.0,0.0,4448.085,0.0,1
20240926,3,10142.888,9676.026,9627.646,94.014,63.048,0.628,0.0,0.0,3851.058,0.0,1
20240927,3,10894.909,10459.113,10406.817,94.859,67.119,0.0,0.0,0.0,4162.727,0.0,1
20240928,3,10761.249,10279.378,10227.981,95.766,65.667,0.498,0.0,0.0,4091.192,0.0,1
20240929,3,12135.739,11190.425,11134.473,96.105,73.793,3.947,0.0,0.0,4453.789,0.0,1
20240930,3,11134.306,10392.516,10340.554,93.514,69.58,2.773,0.0,0.0,4136.221,0.0,1
20241001,3,10556.683,10015.593,9965.515,94.478,65.298,1.172,0.0,0.0,3986.206,0.0,1
20241002,3,11096.436,10423.706,10371.588,93.78,69.147,2.149,0.0,0.0,4148.635,0.0,1
20241003,3,11809.806,11200.263,11144.261,93.165,74.078,1.21,0.0,0.0,4457.705,0.0,1
20241004,3,9729.742,9070.644,9025.291,92.048,61.771,2.89,0.0,0.0,3610.116,0.0,1
20241005,3,11173.962,10598.581,10545.588,93.955,69.5,1.197,0.0,0.0,4218.235,0.0,1
20241006,3,12094.822,11464.0,11406.68,92.952,76.04,1.266,0.0,0.0,4562.672,0.0,1
20241007,3,11670.378,11062.996,11007.681,93.481,72.956,1.255,0.0,0.0,4403.072,0.0,1
20241008,3,11526.69,10875.101,10820.725,92.972,72.452,1.722,0.0,0.0,4328.29,0.0,1
20241009,3,10935.452,10251.178,10199.922,93.242,68.537,2.351,0.0,0.0,4079.969,0.0,1
20241010,3,10546.707,9928.258,9878.617,91.755,67.172,1.942,0.0,0.0,3951.447,0.0,1
20241011,3,10231.041,9652.266,9604.005,94.45,63.302,1.726,0.0,0.0,3841.602,0.0,1
20241012,3,10564.427,9820.521,9771.419,89.935,68.646,3.168,0.0,0.0,3908.568,0.0,1
20241013,3,11782.775,10969.421,10914.574,91.955,74.881,3.024,0.0,0.0,4365.83,0.0,1
20241014,3,11667.618,10910.849,10856.294,94.526,72.132,2.59,0.594,0.0,4342.518,0.0,1
20241015,3,11175.075,10623.877,10570.757,93.476,69.863,0.971,0.0,0.0,4228.303,0.0,1
20241016,3,10901.115,10372.565,10320.702,95.7,66.567,0.884,0.0,0.0,4128.281,0.0,1
20241017,3,11255.021,10620.434,10567.332,94.73,69.432,1.707,0.0,0.0,4226.933,0.0,1
20241018,3,11603.514,11139.374,11083.677,96.638,70.168,0.0,0.0,0.0,4433.471,0.0,1
20241019,3,10567.687,10056.97,10006.685,91.767,67.297,0.868,0.0,0.0,4002.674,0.0,1
20241020,3,11004.192,10348.58,10296.837,95.142,67.59,2.039,0.0,0.0,4118.735,0.0,1
20241021,3,9875.087,9480.084,9432.683,95.027,60.728,0.0,0.0,0.0,3773.073,0.0,1
20241022,3,11657.978,11112.919,11057.354,92.264,73.839,0.704,0.0,0.0,4422.942,0.0,1
20241023,3,10034.041,9583.578,9535.66,94.789,61.861,0.51,0.0,0.0,3814.264,0.0,1
20241024,3,11701.47,11233.411,11177.244,95.943,71.273,0.0,0.0,0.0,4470.898,0.0,1
20241025,3,11457.196,10998.908,10943.914,96.206,69.595,0.0,0.0,0.0,4377.565,0.0,1
20241026,3,10920.136,10238.958,10187.763,96.901,65.857,2.331,0.0,0.0,4075.105,0.0,1
20241027,3,10454.099,9961.485,9911.677,92.227,66.241,0.742,0.0,0.0,3964.671,0.0,1
20241028,3,10518.834,9868.616,9819.273,97.071,63.325,2.272,0.0,0.0,3927.709,0.0,1
20241029,3,10509.402,10089.026,10038.58,93.231,65.875,0.0,0.0,0.0,4015.432,0.0,1
20241030,3,11276.945,10825.867,10771.738,93.818,70.243,0.0,0.0,0.0,4308.695,0.0,1
20241031,3,10496.398,9933.889,9884.22,92.802,66.097,1.416,0.0,0.0,3953.688,0.0,1
20241101,3,10529.35,10006.295,9956.264,96.36,63.856,1.008,0.0,0.0,3982.505,0.0,1
20241102,3,10874.643,10224.177,10173.056,96.638,65.761,2.064,0.0,0.0,4069.222,0.0,1
20241103,3,10240.628,9608.03,9559.99,95.067,62.95,2.268,0.0,0.0,3823.996,0.0,1
20241104,3,11770.363,11299.548,11243.051,93.834,73.304,0.0,0.0,0.0,4497.22,0.0,1
20241105,3,10091.995,9455.877,9408.598,94.848,62.18,2.399,0.0,0.0,3763.439,0.0,1
20241106,3,9551.435,9169.378,9123.531,93.251,59.857,0.0,0.0,0.0,3649.412,0.0,1
20241107,3,10182.225,9590.756,9542.802,94.771,62.786,1.884,0.0,0.0,3817.121,0.0,1
20241108,3,11252.115,10592.934,10539.97,93.677,70.194,1.936,0.0,0.0,4215.988,0.0,1
20241109,3,11582.111,10985.585,10930.657,94.468,71.648,1.198,0.0,0.0,4372.263,0.0,1
20241110,3,10571.243,10148.393,10097.651,93.558,66.03,0.0,0.0,0.0,4039.06,0.0,1
20241111,3,10232.022,9822.741,9773.627,93.507,63.947,0.0,0.0,0.0,3909.451,0.0,1
20241112,3,12079.48,11467.195,11409.859,96.024,73.513,1.113,0.0,0.0,4563.944,0.0,1
20241113,3,11971.062,11492.219,11434.758,96.387,72.579,0.0,0.0,0.0,4573.903,0.0,1
20241114,3,10625.234,9961.022,9911.217,93.374,66.498,2.345,0.0,0.0,3964.487,0.0,1
20241115,3,10190.015,9782.415,9733.502,95.294,62.49,0.0,0.0,0.0,3893.401,0.0,1
20241116,3,11585.809,10999.966,10944.966,93.73,72.235,1.101,0.0,0.2,4377.986,0.0,1
20241117,3,10217.917,9726.226,9677.595,96.828,61.668,0.846,0.0,0.0,3871.038,0.0,1
20241118,3,10972.495,10416.108,10364.027,92.306,69.467,1.115,0.0,0.0,4145.611,0.0,1
20241119,3,9989.611,9451.078,9403.822,92.323,63.232,1.449,0.0,0.0,3761.529,0.0,1
20241120,3,9526.336,9145.283,9099.557,93.104,59.794,0.0,0.0,0.0,3639.823,0.0,1
20241121,3,11138.706,10693.158,10639.692,94.55,68.845,0.0,0.0,0.0,4255.877,0.0,1
20241122,3,10103.798,9635.437,9587.26,92.354,63.933,0.662,0.0,0.0,3834.904,0.0,1
20241123,3,11875.077,11400.074,11343.074,94.011,73.817,0.0,0.0,0.0,4537.229,0.0,1
20241124,3,11900.413,11273.487,11217.12,94.152,73.864,1.321,0.0,0.0,4486.848,0.0,1
20241125,3,10378.851,9920.049,9870.449,95.78,63.325,0.438,0.0,0.0,3948.18,0.0,1
20241126,3,9025.887,8599.433,8556.435,91.473,57.663,0.755,0.0,0.0,3422.574,0.0,1
20241127,3,11636.963,11027.825,10972.686,96.223,70.674,1.286,0.0,0.0,4389.074,0.0,1
20241128,3,10429.701,9636.25,9588.068,93.139,65.439,3.758,0.0,0.0,3835.227,0.0,1
20241129,3,11432.212,10938.44,10883.748,95.727,69.791,0.332,0.0,0.0,4353.499,0.0,1
20241130,3,11320.545,10551.084,10498.328,95.033,69.613,2.914,0.191,0.0,4199.331,0.0,1
20241201,3,11853.415,11055.613,11000.335,95.146,72.803,2.844,0.0,0.0,4400.134,0.0,1
20241202,3,10194.814,9787.022,9738.087,93.153,63.956,0.0,0.0,0.0,3895.235,0.0,1
20241203,3,10618.118,9650.787,9602.533,94.146,65.909,5.323,0.0,0.0,3841.013,0.0,1
20241204,3,11081.63,10630.738,10577.584,92.897,69.711,0.072,0.0,0.0,4231.034,0.0,1
20241205,3,11325.944,10838.389,10784.197,94.678,69.908,0.317,0.0,0.0,4313.679,0.0,1
20241206,3,10970.372,10351.025,10299.27,94.959,67.513,1.714,0.0,0.0,4119.708,0.0,1
20241207,3,11504.273,10711.071,10657.516,93.002,72.288,3.015,0.0,0.0,4263.006,0.0,1
20241208,3,9700.539,9145.786,9100.057,92.639,61.193,1.79,0.0,0.0,3640.023,0.0,1
20241209,3,11526.519,11001.927,10946.917,93.135,72.324,0.574,0.0,0.0,4378.767,0.0,1
20241210,3,10499.065,9992.395,9942.433,92.976,65.99,0.86,0.0,0.0,3976.973,0.0,1
20241211,3,12091.406,11550.583,11492.83,93.409,75.646,0.492,0.0,0.0,4597.132,0.0,1
20241212,3,9573.225,9190.296,9144.344,91.643,61.046,0.0,0.0,0.357,3657.738,0.0,1
20241213,3,10346.922,9867.116,9817.78,91.95,65.76,0.664,0.0,0.0,3927.112,0.0,1
20241214,3,11160.081,10564.683,10511.859,96.183,67.806,1.391,0.0,0.0,4204.744,0.0,1
20241215,3,10464.635,9904.382,9854.86,94.631,64.624,1.41,0.0,0.0,3941.944,0.0,1
20241216,3,10955.228,10429.079,10376.934,94.817,67.52,0.836,0.0,0.0,4150.773,0.0,1
20241217,3,11389.596,10748.527,10694.785,92.69,71.808,1.696,0.0,0.0,4277.914,0.0,1
20241218,3,10749.167,10275.51,10224.133,92.768,67.714,0.423,0.0,0.0,4089.653,0.0,1
20241219,3,11061.797,10496.074,10443.594,92.455,69.919,1.161,0.0,0.0,4177.437,0.0,1
20241220,3,11500.822,10968.985,10914.14,95.429,70.428,0.65,0.0,0.0,4365.656,0.0,1
20241221,3,11170.947,10724.109,10670.488,92.468,70.599,0.0,0.064,0.0,4268.195,0.0,1
20241222,3,9803.39,9256.654,9210.371,94.781,60.444,1.643,0.0,0.0,3684.148,0.0,1
20241223,3,11759.633,11142.806,11087.092,94.894,72.419,1.297,0.0,0.0,4434.837,0.0,1
20241224,3,11117.578,10490.665,10438.211,94.144,69.011,1.707,0.0,0.0,4175.284,0.0,1
20241225,3,11283.045,10782.899,10728.985,94.301,69.921,0.451,0.0,0.0,4291.594,0.0,1
20241226,3,11641.001,11080.556,11025.153,92.899,73.228,0.848,0.0,0.0,4410.061,0.0,1
20241227,3,12118.072,11335.615,11278.937,94.704,74.777,2.559,0.0,0.0,4511.575,0.0,1
20241228,3,11348.878,10830.548,10776.395,92.413,71.766,0.591,0.0,0.0,4310.558,0.0,1
20241229,3,12531.92,11939.0,11879.305,94.35,77.62,0.762,0.0,0.0,4751.722,0.0,1
20241230,3,11290.459,10504.545,10452.023,91.498,72.11,3.084,0.0,0.0,4180.809,0.0,1
20241231,3,10282.387,9784.452,9735.53,92.665,64.845,0.878,0.0,0.0,3894.212,0.0,1
20250101,3,11413.194,10823.877,10769.758,93.184,71.576,1.212,0.0,0.0,4307.903,0.0,1
20250102,3,9668.996,8929.681,8885.033,93.554,60.397,3.798,0.0,0.0,3554.013,0.0,1
20250103,3,10285.487,9541.888,9494.179,94.385,63.683,3.364,0.0,0.0,3797.671,0.0,1
20250104,3,10583.185,10159.857,10109.058,93.571,66.096,0.0,0.0,0.0,4043.623,0.0,1
20250105,3,10639.595,9944.113,9894.393,93.931,66.193,2.642,0.0,0.0,3957.757,0.0,1
20250106,3,10345.742,9794.873,9745.898,97.14,62.239,1.38,0.0,0.0,3898.359,0.0,1
20250107,3,10538.129,10106.911,10056.376,93.386,65.945,0.096,0.0,0.0,4022.551,0.0,1
20250108,3,10651.833,10225.76,10174.631,92.844,67.046,0.0,0.0,0.0,4069.853,0.0,1
20250109,3,10735.834,10306.4,10254.868,94.649,66.286,0.0,0.0,0.0,4101.947,0.0,1
20250110,3,11247.161,10689.085,10635.64,94.01,69.915,1.002,0.0,0.0,4254.256,0.0,1
20250111,3,10920.081,10259.754,10208.455,92.884,68.704,2.132,0.0,0.0,4083.382,0.0,1
20250112,3,10837.887,10117.548,10066.96,93.269,67.905,2.757,0.0,0.0,4026.784,0.0,1
20250113,3,13314.293,12525.065,12462.44,95.83,81.193,2.008,0.0,0.0,4984.976,0.0,1
20250114,3,10122.979,9685.512,9637.084,92.109,64.225,0.335,0.422,0.0,3854.834,0.0,1
20250115,3,11321.343,10431.293,10379.137,94.063,70.336,4.023,0.0,0.0,4151.655,0.0,1
20250116,3,9607.146,9116.475,9070.892,90.956,61.725,1.153,0.0,0.0,3628.357,0.0,1
20250117,3,10855.585,10335.99,10284.311,93.706,67.699,0.819,0.0,0.0,4113.724,0.0,1
20250118,3,11628.736,11052.679,10997.416,93.729,72.503,0.993,0.0,0.0,4398.966,0.0,1
20250119,3,9887.355,9217.107,9171.021,91.975,62.822,2.895,0.0,0.0,3668.408,0.0,1
20250120,3,11035.083,10466.925,10414.59,93.934,68.652,1.197,0.0,0.0,4165.836,0.0,1
20250121,3,10521.161,10100.315,10049.813,94.3,65.201,0.0,0.0,0.0,4019.925,0.0,1
20250122,3,11166.797,10517.558,10464.97,93.995,69.426,1.89,0.0,0.0,4185.988,0.0,1
20250123,3,10699.783,10226.076,10174.946,92.585,67.535,0.445,0.0,0.0,4069.978,0.0,1
20250124,3,10942.888,10505.172,10452.647,93.806,68.171,0.0,0.0,0.0,4181.059,0.0,1
20250125,3,10846.321,10195.802,10144.823,92.796,68.305,2.081,0.0,0.0,4057.929,0.0,1
20250126,3,10966.065,10527.423,10474.786,93.203,68.757,0.0,0.0,0.0,4189.914,0.0,1
20250127,3,11118.541,10267.752,10216.413,91.189,71.253,3.804,0.0,0.0,4086.565,0.0,1
20250128,3,12174.569,11525.35,11467.723,95.06,74.844,1.388,0.0,0.0,4587.089,0.0,1
20250129,3,10439.701,9797.301,9748.315,92.775,65.759,2.243,0.0,0.0,3899.326,0.0,1
20250130,3,9679.035,9146.404,9100.672,94.113,60.101,1.566,0.0,0.0,3640.269,0.0,1
20250131,3,10231.468,9759.808,9711.008,94.246,63.441,0.635,0.0,0.0,3884.403,0.0,1
20250201,3,10703.784,10227.701,10176.562,92.848,67.369,0.466,0.0,0.0,4070.625,0.0,1
20250202,3,12060.762,11578.331,11520.44,94.623,74.487,0.0,0.0,0.0,4608.176,0.0,1
20250203,3,10596.943,10112.712,10062.149,93.52,66.218,0.593,0.0,0.0,4024.859,0.0,1
20250204,3,10607.556,10183.254,10132.338,93.147,66.55,0.0,0.0,0.0,4052.935,0.0,1
20250205,3,10007.796,9344.745,9298.021,95.139,61.472,2.735,0.0,0.0,3719.208,0.0,1
20250206,3,11390.137,10688.182,10634.741,93.716,71.026,2.253,0.0,0.0,4253.896,0.0,1
20250207,3,11077.779,10474.993,10422.618,92.985,69.621,1.501,0.0,0.0,4169.047,0.0,1
20250208,3,11607.659,10889.633,10835.185,94.81,71.547,2.277,0.0,0.0,4334.074,0.0,1
20250209,3,11457.667,10876.213,10821.832,94.396,70.932,1.12,0.0,0.0,4328.733,0.0,1
20250210,3,11194.601,10729.106,10675.461,98.018,66.742,0.165,0.0,0.0,4270.184,0.0,1
20250211,3,11475.948,10887.022,10832.587,97.853,68.535,1.179,0.0,0.0,4333.035,0.0,1
20250212,3,10528.441,10107.303,10056.767,95.326,64.543,0.0,0.0,0.0,4022.707,0.0,1
20250213,3,9716.569,9327.907,9281.267,93.657,60.628,0.0,0.0,0.0,3712.507,0.0,1
20250214,3,10324.677,9550.116,9502.365,94.62,63.766,3.648,0.0,0.0,3800.946,0.0,1
20250215,3,10248.442,9818.056,9768.966,93.706,63.913,0.208,0.393,0.0,3907.586,0.0,1
20250216,3,10685.323,9886.396,9836.964,93.66,66.671,3.622,0.0,0.0,3934.786,0.0,1
20250217,3,10438.296,10005.665,9955.636,93.987,64.903,0.151,0.0,0.0,3982.255,0.0,1
20250218,3,10232.961,9821.163,9772.057,93.379,64.04,0.025,0.0,0.0,3908.823,0.0,1
20250219,3,11252.1,10543.696,10490.977,92.826,70.838,2.391,0.0,0.0,4196.391,0.0,1
20250220,3,11061.385,10618.929,10565.835,93.85,68.877,0.0,0.0,0.0,4226.334,0.0,1
20250221,3,11895.517,11395.755,11338.776,94.796,73.332,0.21,0.0,0.0,4535.51,0.0,1
20250222,3,10432.69,9744.923,9696.199,94.69,64.386,2.7,0.0,0.0,3878.48,0.0,1
20250223,3,11923.762,11357.366,11300.58,95.007,73.343,0.781,0.0,0.0,4520.232,0.0,1
20250224,3,12085.373,11601.958,11543.949,94.606,74.652,0.0,0.0,0.503,4617.579,0.0,1
20250225,3,12108.345,11624.012,11565.892,93.721,75.5,0.0,0.0,0.0,4626.357,0.0,1
20250226,3,11178.638,10689.256,10635.809,92.443,70.667,0.394,0.0,0.0,4254.324,0.0,1
20250227,3,10538.206,9900.837,9851.332,92.045,66.906,2.134,0.0,0.0,3940.533,0.0,1
20250228,3,10659.184,10161.482,10110.674,93.082,66.92,0.697,0.0,0.0,4044.27,0.0,1
20250301,3,11114.148,10669.582,10616.234,92.57,70.163,0.0,0.0,0.0,4246.494,0.0,1
20250302,3,11413.828,10957.275,10902.488,93.979,70.974,0.0,0.0,0.0,4360.995,0.0,1
20250303,3,11347.812,10893.9,10839.43,93.627,70.829,0.0,0.0,0.0,4335.772,0.0,1
20250304,3,9496.003,9007.897,8962.858,92.867,59.755,1.188,0.0,0.0,3585.143,0.0,1
20250305,3,11498.038,10759.09,10705.294,93.572,71.808,2.528,0.0,0.0,4282.118,0.0,1
20250306,3,10954.503,10516.323,10463.741,92.414,69.271,0.0,0.0,0.02,4185.497,0.0,1
20250307,3,11372.636,10862.079,10807.768,94.152,70.588,0.51,0.0,0.0,4323.107,0.0,1
20250308,3,10774.491,10101.605,10051.097,94.695,66.492,2.339,0.0,0.0,4020.439,0.0,1
20250309,3,10798.569,10213.277,10162.211,93.244,67.678,1.479,0.0,0.0,4064.884,0.0,1
20250310,3,9763.104,9279.805,9233.406,92.458,61.708,0.99,0.0,0.0,3693.362,0.0,1
20250311,3,11971.951,11460.692,11403.389,93.824,74.567,0.282,0.886,0.0,4561.355,0.0,1
20250312,3,10526.241,9864.455,9815.132,94.001,65.44,2.382,0.0,0.0,3926.053,0.0,1
20250313,3,11306.285,10645.755,10592.526,91.53,72.187,1.919,0.0,0.0,4237.01,0.0,1
20250314,3,12192.12,11481.316,11423.909,98.053,72.664,1.906,0.0,0.0,4569.564,0.0,1
20250315,3,10466.669,9912.567,9863.004,93.789,65.217,1.348,0.0,0.0,3945.202,0.0,1
20250316,3,11037.767,10501.919,10449.41,95.907,67.256,0.89,0.0,0.0,4179.764,0.0,1
20250317,3,9380.817,9005.584,8960.556,92.184,59.468,0.0,0.106,0.0,3584.223,0.0,1
20250318,3,10697.078,10066.82,10016.486,93.287,67.011,1.971,0.0,0.0,4006.594,0.0,1
20250319,3,11879.397,11404.222,11347.2,93.448,74.289,0.0,0.0,0.0,4538.88,0.0,1
20250320,3,11157.499,10444.895,10392.671,91.743,71.071,2.486,0.0,0.0,4157.068,0.0,1
20250321,3,10908.727,10435.457,10383.28,94.084,67.757,0.353,0.0,0.0,4153.312,0.0,1
20250322,3,11244.091,10458.249,10405.958,93.956,69.936,3.113,0.0,0.0,4162.383,0.0,1
20250323,3,10567.049,9942.671,9892.957,93.292,66.192,1.988,0.0,0.0,3957.183,0.0,1
20250324,3,11506.606,10766.258,10712.426,94.162,71.412,2.536,0.0,0.0,4284.971,0.0,1
20250325,3,11874.179,11155.649,11099.871,96.355,72.016,2.137,0.0,0.0,4439.948,0.0,1
20250326,3,12213.052,11551.644,11493.885,95.922,74.406,1.475,0.0,0.0,4597.554,0.0,1
20250327,3,10078.362,9552.795,9505.031,94.462,62.349,1.265,0.0,0.0,3802.013,0.0,1
20250328,3,11230.11,10626.955,10573.821,93.854,69.925,1.428,0.0,0.0,4229.528,0.0,1
20250329,3,12077.112,11431.396,11374.239,96.805,72.906,1.403,0.0,0.0,4549.695,0.0,1
20250330,3,11032.29,10529.39,10476.743,94.794,68.012,0.582,0.0,0.0,4190.697,0.0,1
20250331,3,10294.177,9830.172,9781.021,94.793,63.462,0.529,0.072,0.0,3912.408,0.0,1
20250401,3,10651.244,10225.194,10174.068,94.758,65.688,0.0,0.0,0.0,4069.627,0.0,1
20250402,3,10246.64,9527.871,9480.232,95.432,62.746,3.14,0.0,0.0,3792.093,0.0,1
20250403,3,12141.963,11656.285,11598.003,95.107,74.606,0.0,0.0,0.0,4639.201,0.0,1
20250404,3,10777.228,10226.871,10175.737,95.273,66.106,1.153,0.0,0.0,4070.295,0.0,1
20250405,3,10976.13,10376.352,10324.47,93.588,68.538,1.525,0.0,0.0,4129.788,0.0,1
20250406,3,10588.302,10164.77,10113.946,95.43,64.84,0.0,0.0,0.0,4045.578,0.0,1
20250407,3,9822.003,9378.709,9331.815,93.994,61.066,0.535,0.0,0.0,3732.726,0.0,1
20250408,3,11346.818,10784.115,10730.195,95.091,69.732,0.999,0.0,0.0,4292.078,0.0,1
20250409,3,10882.607,10447.303,10395.066,94.036,67.63,0.0,0.0,0.0,4158.027,0.0,1
20250410,3,10786.322,10158.654,10107.86,90.935,69.318,1.895,0.0,0.0,4043.144,0.0,1
20250411,3,11737.117,11078.588,11023.195,94.931,72.253,1.678,0.0,0.0,4409.278,0.0,1
20250412,3,10813.073,10322.106,10270.495,95.435,66.212,0.563,0.0,0.0,4108.198,0.0,1
20250413,3,11973.727,11320.803,11264.199,94.89,73.741,1.514,0.0,0.0,4505.679,0.0,1
20250414,3,11134.717,10689.329,10635.882,93.69,69.452,0.0,0.0,0.0,4254.353,0.0,1
20250415,3,11264.064,10574.818,10521.944,92.147,71.435,2.207,0.0,0.0,4208.778,0.0,1
20250416,3,9758.998,9348.605,9301.862,93.862,60.759,0.214,0.0,0.416,3720.745,0.0,1
20250417,3,9717.295,9234.404,9188.232,95.215,59.64,1.01,0.0,0.0,3675.293,0.0,1
20250418,3,11508.81,10904.34,10849.818,92.105,73.021,1.304,0.0,0.0,4339.927,0.0,1
20250419,3,10144.63,9679.867,9631.468,94.062,63.026,0.606,0.0,0.0,3852.587,0.0,1
20250420,3,10777.605,10346.501,10294.768,95.454,65.983,0.0,0.0,0.0,4117.907,0.0,1
20250421,3,10745.781,10291.587,10240.129,91.178,68.873,0.236,0.0,0.0,4096.052,0.0,1
20250422,3,11013.547,10364.329,10312.507,94.668,67.987,1.974,0.636,0.0,4125.003,0.0,1
20250423,3,10405.892,9627.368,9579.232,96.549,62.984,3.627,0.0,0.0,3831.693,0.0,1
20250424,3,11460.107,10724.174,10670.553,95.548,70.092,2.523,0.0,0.0,4268.221,0.0,1
20250425,3,11320.025,10682.96,10629.545,92.17,71.772,1.696,0.0,0.0,4251.818,0.0,1
20250426,3,9877.02,9308.844,9262.3,95.696,60.316,1.826,0.0,0.0,3704.92,0.0,1
20250427,3,10837.186,10403.699,10351.68,94.363,67.114,0.0,0.0,0.0,4140.672,0.0,1
20250428,3,9718.1,9006.315,8961.284,93.817,60.534,3.463,0.262,0.0,3584.514,0.0,1
20250429,3,11084.432,10439.808,10387.609,94.349,68.655,1.891,0.0,0.0,4155.044,0.0,1
20250430,3,11359.945,10784.634,10730.711,95.104,69.803,1.109,0.0,0.0,4292.284,0.0,1
20250501,3,10908.262,10471.932,10419.572,94.87,67.193,0.0,0.0,0.0,4167.829,0.0,1
20250502,3,10697.019,10035.993,9985.813,91.988,67.956,2.27,0.0,0.0,3994.325,0.0,1
20250503,3,10904.818,10314.438,10262.865,91.797,69.421,1.473,0.0,0.0,4105.146,0.0,1
20250504,3,9752.204,9236.552,9190.369,92.991,61.286,1.341,0.0,0.0,3676.148,0.0,1
20250505,3,11385.192,10929.785,10875.136,94.661,70.286,0.0,0.0,0.06,4350.054,0.0,1
20250506,3,10424.634,9519.508,9471.91,92.018,66.204,4.878,0.0,0.094,3788.764,0.0,1
20250507,3,10034.701,9557.837,9510.047,93.812,62.509,0.783,0.0,0.0,3804.019,0.0,1
20250508,3,11410.003,10953.603,10898.835,93.326,71.447,0.0,0.0,0.0,4359.534,0.0,1
20250509,3,10445.973,9936.027,9886.347,93.427,65.339,0.918,0.0,0.0,3954.539,0.0,1
20250510,3,10476.682,9846.752,9797.518,91.419,66.971,2.097,0.0,0.0,3919.007,0.0,1
20250511,3,11766.553,11113.073,11057.508,93.718,73.371,1.618,0.0,0.0,4423.003,0.0,1
20250512,3,10634.336,10128.878,10078.234,93.154,66.713,0.784,0.0,0.0,4031.294,0.0,1
20250513,3,9924.213,9395.636,9348.658,94.685,61.251,1.381,0.0,0.0,3739.463,0.0,1
20250514,3,9710.861,9322.427,9275.815,94.122,60.293,0.0,0.371,0.0,3710.326,0.0,1
20250515,3,11853.35,11211.092,11155.037,94.617,73.21,1.477,0.0,0.0,4462.015,0.0,1
20250516,3,11295.475,10843.656,10789.437,93.268,70.774,0.0,0.0,0.0,4315.775,0.0,1
20250517,3,9445.957,8933.773,8889.105,92.654,59.577,1.482,0.0,0.0,3555.642,0.0,1
20250518,3,10481.799,10010.906,9960.851,93.668,65.395,0.513,0.0,0.0,3984.341,0.0,1
20250519,3,11681.447,11041.516,10986.308,92.431,73.854,1.54,0.0,0.0,4394.523,0.0,1
20250520,3,10540.743,10013.014,9962.949,94.115,65.45,1.049,0.0,0.0,3985.179,0.0,1
20250521,3,11176.832,10568.781,10515.937,96.291,67.832,1.5,0.0,0.0,4206.375,0.0,1
20250522,3,11711.349,11242.895,11186.681,94.542,72.391,0.0,0.0,0.0,4474.672,0.0,1
20250523,3,11114.168,10591.178,10538.222,95.85,67.762,0.735,0.0,0.0,4215.289,0.0,1
20250524,3,10521.563,10097.889,10047.4,94.372,65.153,0.028,0.0,0.0,4018.96,0.0,1
20250525,3,9899.04,9162.029,9116.219,94.394,61.284,3.589,0.731,0.0,3646.488,0.0,1
20250526,3,10414.788,9920.739,9871.135,94.854,64.164,0.775,0.0,0.0,3948.454,0.0,1
20250527,3,11777.569,11083.309,11027.892,94.001,73.219,1.974,0.0,0.0,4411.157,0.0,1
20250528,3,10846.944,10293.821,10242.352,94.697,66.938,1.145,0.0,0.0,4096.941,0.0,1
20250529,3,11417.866,10936.029,10881.349,93.702,71.209,0.229,0.0,0.0,4352.54,0.0,1
20250530,3,9904.657,9508.47,9460.928,92.467,62.597,0.0,0.0,0.0,3784.371,0.0,1
20250531,3,10885.588,10225.006,10173.881,95.754,66.435,2.155,0.13,0.0,4069.552,0.0,1
20250601,3,11094.949,10208.727,10157.683,89.841,72.169,4.154,0.0,0.0,4063.073,0.0,1
20250602,3,10131.217,9483.8,9436.381,91.355,64.808,2.49,0.097,0.0,3774.552,0.0,1
20250603,3,10838.907,10322.938,10271.324,93.639,67.644,0.792,0.0,0.0,4108.529,0.0,1
20250604,3,11852.208,11378.12,11321.229,95.89,72.232,0.0,0.0,0.0,4528.492,0.0,1
20250605,3,10709.603,10281.218,10229.812,92.863,67.395,0.0,0.0,0.0,4091.925,0.0,1
20250606,3,11558.755,10857.409,10803.122,92.546,72.989,2.154,0.466,0.0,4321.249,0.0,1
20250607,3,11265.421,10814.804,10760.73,95.086,69.236,0.0,0.0,0.0,4304.292,0.0,1
20250608,3,10708.817,10164.893,10114.068,95.045,65.844,1.124,0.0,0.0,4045.627,0.0,1
20250609,3,11191.257,10498.766,10446.272,95.687,68.348,2.279,0.0,0.0,4178.509,0.0,1
20250610,3,9926.372,9529.317,9481.67,93.572,61.993,0.0,0.0,0.443,3792.668,0.0,1
20250611,3,9949.598,9351.579,9304.821,95.155,61.105,2.094,0.122,0.0,3721.928,0.0,1
20250612,3,10286.518,9875.058,9825.682,92.94,64.679,0.0,0.0,0.0,3930.273,0.0,1
20250613,3,10765.958,10278.999,10227.604,93.634,67.192,0.545,0.0,0.0,4091.041,0.0,1
20250614,3,11656.224,11151.521,11095.763,93.191,73.094,0.344,0.0,0.0,4438.305,0.0,1
20250615,3,11334.372,10477.828,10425.439,94.481,70.106,3.705,0.0,0.0,4170.176,0.0,1
20250616,3,10177.211,9767.113,9718.277,91.571,64.949,0.031,0.0,0.0,3887.311,0.0,1
20250617,3,11219.328,10364.556,10312.733,95.879,68.382,3.77,0.0,0.0,4125.093,0.0,1
20250618,3,10425.259,9978.825,9928.931,91.551,66.546,0.294,0.0,0.0,3971.572,0.0,1
20250619,3,11260.902,10682.141,10628.731,93.846,70.122,1.187,0.0,0.0,4251.492,0.0,1
20250620,3,11600.369,11110.909,11055.354,94.03,72.095,0.228,0.0,0.0,4422.142,0.0,1
20250621,3,11256.856,10622.436,10569.324,94.515,69.601,1.704,0.0,0.0,4227.729,0.0,1
20250622,3,10462.636,9905.139,9855.614,95.034,64.337,1.384,0.0,0.0,3942.245,0.0,1
20250623,3,12634.532,12129.15,12068.505,95.124,77.619,0.0,0.0,0.0,4827.402,0.0,1
20250624,3,9546.567,9039.869,8994.669,96.595,57.755,1.362,0.0,0.0,3597.868,0.0,1
20250625,3,9885.0,9440.024,9392.824,93.671,61.67,0.522,0.0,0.0,3757.13,0.0,1
20250626,3,9999.713,9599.725,9551.726,96.07,60.827,0.0,0.0,0.0,3820.69,0.0,1
20250627,3,10887.433,10316.629,10265.046,94.311,67.462,1.295,0.0,0.0,4106.018,0.0,1
20250628,3,11568.845,11093.208,11037.741,93.464,72.334,0.116,0.0,0.0,4415.097,0.0,1
20250629,3,10229.9,9683.802,9635.383,93.684,63.813,1.394,0.0,0.0,3854.153,0.0,1
20250630,3,9990.036,9590.434,9542.482,93.428,62.487,0.0,0.0,0.0,3816.993,0.0,1
20250701,3,10714.153,10060.448,10010.145,92.914,67.387,2.189,0.0,0.0,4004.058,0.0,1
20250702,3,10998.793,10478.599,10426.206,97.374,66.009,0.76,0.0,0.0,4170.482,0.0,1
20250703,3,10544.682,10073.278,10022.912,95.2,64.728,0.49,0.0,0.0,4009.165,0.0,1
20250704,3,11610.235,11023.162,10968.046,95.85,70.786,1.101,0.0,0.0,4387.218,0.0,1
20250705,3,11250.199,10800.191,10746.19,92.283,71.242,0.0,0.0,0.0,4298.476,0.0,1
20250706,3,10915.929,10329.019,10277.374,94.179,67.734,1.434,0.461,0.0,4110.95,0.0,1
20250707,3,10666.215,9794.984,9746.009,94.162,66.197,4.342,0.0,0.0,3898.404,0.0,1
20250708,3,11137.004,10465.684,10413.355,94.675,68.743,2.112,0.0,0.0,4165.342,0.0,1
20250709,3,11480.823,10851.888,10797.629,94.322,71.131,1.54,0.0,0.0,4319.052,0.0,1
20250710,3,11017.839,10456.966,10404.681,95.342,67.532,1.136,0.0,0.0,4161.872,0.0,1
20250711,3,9924.532,9523.31,9475.694,95.241,60.895,0.045,0.0,0.0,3790.278,0.0,1
20250712,3,10592.387,10053.944,10003.674,93.68,66.076,1.128,0.0,0.105,4001.47,0.0,1
20250713,3,10513.278,9996.548,9946.566,92.84,66.176,0.953,0.0,0.0,3978.626,0.0,1
20250714,3,10701.302,10162.589,10111.776,94.628,66.087,1.077,0.0,0.0,4044.711,0.0,1
20250715,3,11701.961,10979.63,10924.732,94.498,72.366,2.263,0.0,0.0,4369.893,0.0,1
20250716,3,10137.209,9300.128,9253.627,93.882,63.101,4.435,0.0,0.0,3701.451,0.0,1
20250717,3,10743.682,10082.393,10031.981,94.675,66.316,2.245,0.0,0.0,4012.792,0.0,1
20250718,3,10542.911,9873.817,9824.448,93.918,65.601,2.444,0.0,0.0,3929.779,0.0,1
20250719,3,10167.137,9672.182,9623.821,90.38,65.74,0.904,0.0,0.0,3849.529,0.0,1
20250720,3,11987.708,11508.199,11450.658,93.787,74.695,0.0,0.0,0.0,4580.263,0.0,1
20250721,3,10891.488,10327.817,10276.178,94.544,67.321,1.224,0.0,0.0,4110.471,0.0,1
20250722,3,9803.732,9405.108,9358.083,94.69,60.504,0.069,0.772,0.0,3743.233,0.0,1
20250723,3,10847.661,10413.755,10361.686,93.508,67.793,0.0,0.0,0.0,4144.674,0.0,1
20250724,3,9905.871,9302.71,9256.197,94.394,61.326,2.176,0.0,0.0,3702.479,0.0,1
20250725,3,11652.072,10889.73,10835.281,94.4,72.132,2.648,0.0,0.0,4334.113,0.0,1
20250726,3,11420.499,10847.736,10793.497,95.122,70.162,1.058,0.0,0.0,4317.399,0.0,1
20250727,3,11107.529,10545.441,10492.714,95.752,67.791,1.105,0.0,0.0,4197.086,0.0,1
20250728,3,10145.506,9406.731,9359.697,95.008,62.404,3.419,0.0,0.0,3743.879,0.0,1
20250729,3,11707.164,10834.362,10780.19,94.862,72.121,3.599,0.0,0.0,4312.076,0.0,1
20250730,3,11327.311,10751.019,10697.264,92.876,71.273,1.133,0.0,0.0,4278.905,0.0,1
20250731,3,10068.601,9620.419,9572.317,94.643,62.17,0.47,0.339,0.0,3828.927,0.0,1
20250801,3,11263.108,10536.088,10483.407,93.253,70.582,2.557,0.0,0.0,4193.363,0.0,1
20250802,3,10989.373,10549.798,10497.049,96.059,66.855,0.0,0.0,0.0,4198.82,0.0,1
20250803,3,11560.051,11019.719,10964.62,93.487,72.262,0.702,0.0,0.0,4385.848,0.0,1
20250804,3,11819.395,11252.565,11196.302,94.24,73.293,0.829,0.0,0.0,4478.521,0.0,1
20250805,3,10777.536,10254.749,10203.475,94.842,66.407,0.886,0.0,0.0,4081.39,0.0,1
20250806,3,11155.986,10684.849,10631.425,94.876,68.715,0.232,0.0,0.0,4252.57,0.0,1
20250807,3,10893.715,10407.435,10355.398,94.993,67.017,0.483,0.0,0.0,4142.159,0.0,1
20250808,3,10838.866,10405.311,10353.285,95.192,66.54,0.0,0.0,0.0,4141.314,0.0,1
20250809,3,11226.253,10502.126,10449.615,93.758,69.972,2.552,0.0,0.0,4179.846,0.0,1
20250810,3,10140.456,9539.78,9492.081,92.738,63.9,2.004,0.0,0.0,3796.833,0.0,1
20250811,3,11195.336,10468.645,10416.302,93.947,69.639,2.595,0.0,0.0,4166.521,0.0,1
20250812,3,11429.146,10939.726,10885.028,92.222,72.423,0.294,0.0,0.0,4354.011,0.0,1
20250813,3,10970.457,10299.396,10247.899,95.247,67.309,2.205,0.0,0.0,4099.159,0.0,1
20250814,3,10928.931,10376.262,10324.38,93.141,68.571,1.101,0.0,0.0,4129.752,0.0,1
20250815,3,10170.937,9764.099,9715.279,95.271,62.388,0.0,0.0,0.0,3886.112,0.0,1
20250816,3,10698.544,9929.137,9879.492,92.95,67.263,3.325,0.0,0.0,3951.797,0.0,1
20250817,3,10892.706,10398.831,10346.837,92.812,68.585,0.556,0.0,0.0,4138.735,0.0,1
20250818,3,10484.495,9820.203,9771.102,93.664,65.415,2.433,0.0,0.0,3908.441,0.0,1
20250819,3,11640.17,11020.928,10965.823,91.158,74.621,1.375,0.0,0.0,4386.329,0.0,1
20250820,3,10409.616,9682.316,9633.904,96.523,63.023,3.111,0.0,0.0,3853.562,0.0,1
20250821,3,10997.261,10508.008,10455.468,94.6,67.935,0.468,0.0,0.0,4182.187,0.0,1
20250822,3,12498.245,11723.134,11664.518,94.95,76.923,2.294,0.0,0.0,4665.807,0.0,1
20250823,3,9795.728,9076.88,9031.496,91.649,62.461,3.477,0.0,0.0,3612.598,0.0,1
20250824,3,10527.363,9965.345,9915.518,92.989,66.159,1.394,0.0,0.0,3966.207,0.0,1
20250825,3,11622.647,11117.659,11062.071,95.366,71.221,0.359,0.0,0.0,4424.828,0.0,1
20250826,3,11199.054,10613.202,10560.136,93.239,70.191,1.283,0.0,0.0,4224.054,0.0,1
20250827,3,11172.262,10725.372,10671.745,91.644,71.242,0.0,0.0,0.0,4268.698,0.0,1
20250828,3,10607.181,9934.908,9885.234,93.438,66.34,2.435,0.0,0.0,3954.093,0.0,1
20250829,3,11040.784,10320.175,10268.574,93.196,69.231,2.632,0.0,0.0,4107.429,0.0,1
20250830,3,10565.88,10143.245,10092.529,91.529,67.46,0.0,0.0,0.0,4037.012,0.0,1
20250831,3,12231.493,11742.233,11683.522,94.895,75.324,0.0,0.0,0.0,4673.409,0.0,1
20250901,3,10144.227,9482.219,9434.808,92.851,63.846,2.631,0.0,0.0,3773.923,0.0,1
20250902,3,11623.927,11158.97,11103.175,94.001,72.263,0.0,0.0,0.0,4441.27,0.0,1
20250903,3,10362.481,9883.651,9834.233,92.791,65.262,0.647,0.0,0.0,3933.693,0.0,1
20250904,3,11655.417,11161.198,11105.392,96.573,70.53,0.25,0.0,0.0,4442.157,0.0,1
20250905,3,11403.115,10689.992,10636.542,93.693,71.124,2.348,0.0,0.0,4254.617,0.0,1
20250906,3,10783.374,10257.754,10206.466,92.776,67.923,0.911,0.0,0.0,4082.586,0.0,1
20250907,3,10758.198,10038.319,9988.127,95.387,65.909,2.804,0.0,0.0,3995.251,0.0,1
20250908,3,11148.374,10239.661,10188.463,93.24,69.873,4.324,0.0,0.0,4075.385,0.0,1
20250909,3,11265.546,10718.731,10665.138,95.047,69.265,0.889,0.0,0.0,4266.055,0.0,1
20250910,3,11223.67,10705.276,10651.75,94.782,69.201,0.645,0.0,0.0,4260.7,0.0,1
20250911,3,10497.103,9839.303,9790.106,92.016,66.666,2.361,0.0,0.0,3916.042,0.0,1
20250912,3,11173.379,10722.394,10668.782,94.456,69.128,0.038,0.0,0.0,4267.513,0.0,1
20250913,3,12094.301,11528.444,11470.802,94.171,75.052,0.707,0.0,0.0,4588.321,0.0,1
20250914,3,11223.984,10569.76,10516.911,94.068,69.728,1.905,0.0,0.0,4206.764,0.0,1
20250915,3,10555.487,10133.267,10082.601,93.513,65.964,0.0,0.0,0.0,4033.04,0.0,1
20250916,3,11221.659,10557.245,10504.459,93.62,70.047,2.001,0.0,0.0,4201.784,0.0,1
20250917,3,11447.36,10749.933,10696.184,94.279,70.956,2.18,0.0,0.0,4278.473,0.0,1
20250918,3,10663.008,10236.488,10185.306,94.742,65.772,0.0,0.0,0.0,4074.122,0.0,1
20250919,3,9621.197,9009.575,8964.527,94.105,59.747,2.455,0.0,0.0,3585.811,0.0,1
20250920,3,11275.576,10607.614,10554.576,96.024,68.621,2.004,0.0,0.0,4221.831,0.0,1
20250921,3,10335.16,9669.239,9620.893,91.837,65.766,2.545,0.0,0.0,3848.357,0.0,1
20250922,3,10964.431,10218.996,10167.901,96.587,66.339,2.915,0.0,0.0,4067.161,0.0,1
20250923,3,10327.399,9914.303,9864.732,93.761,64.368,0.0,0.0,0.0,3945.893,0.0,1
20250924,3,10954.627,10260.238,10208.937,94.774,67.547,2.436,0.0,0.0,4083.575,0.0,1
20250925,3,11227.549,10578.579,10525.686,92.438,70.979,1.854,0.0,0.0,4210.275,0.0,1
20250926,3,11259.026,10559.783,10506.984,95.185,69.124,2.303,0.0,0.0,4202.794,0.0,1
20250927,3,10606.253,9936.487,9886.804,94.28,65.742,2.411,0.0,0.0,3954.722,0.0,1
20250928,3,10603.97,10078.586,10028.193,95.222,65.078,0.994,0.0,0.0,4011.277,0.0,1
20250929,3,11856.199,11343.911,11287.191,92.246,75.11,0.334,0.0,0.0,4514.877,0.0,1
20250930,3,10717.021,10007.331,9957.294,94.212,66.476,2.731,0.0,0.0,3982.918,0.0,1
20251001,3,11252.78,10745.166,10691.44,93.765,70.132,0.532,0.354,0.0,4276.576,0.0,1
20251002,3,12196.112,11708.267,11649.726,95.975,74.262,0.0,0.0,0.0,4659.89,0.0,1
20251003,3,10734.045,10021.825,9971.715,94.091,66.667,2.745,0.0,0.0,3988.686,0.0,1
20251004,3,11194.237,10637.28,10584.093,92.986,70.352,1.016,0.0,0.0,4233.637,0.0,1
20251005,3,11336.567,10723.564,10669.946,94.903,69.808,1.466,0.0,0.0,4267.979,0.0,1
20251006,3,10682.609,9960.143,9910.342,93.852,66.517,2.878,0.0,0.0,3964.137,0.0,1
20251007,3,11197.604,10447.882,10395.643,93.835,69.736,2.808,0.0,0.0,4158.257,0.0,1
20251008,3,10813.33,10371.248,10319.392,94.759,66.687,0.092,0.0,0.0,4127.757,0.0,1
20251009,3,12008.666,11239.71,11183.512,94.436,74.312,2.503,0.0,0.0,4473.405,0.0,1
20251010,3,11280.923,10719.545,10665.947,91.801,71.812,1.017,0.0,0.0,4266.379,0.0,1
20251011,3,10326.702,9822.279,9773.168,95.581,63.138,0.922,0.0,0.0,3909.267,0.0,1
20251012,3,12993.054,12058.404,11998.112,94.025,80.755,3.327,0.0,0.0,4799.245,0.0,1
20251013,3,11752.511,11261.875,11205.565,96.111,71.459,0.182,0.0,0.0,4482.226,0.0,1
20251014,3,11095.287,10603.61,10550.592,94.431,68.663,0.449,0.0,0.0,4220.237,0.0,1
20251015,3,10686.311,10181.885,10130.976,91.485,68.261,0.75,0.0,0.0,4052.39,0.0,1
20251016,3,10909.188,10104.838,10054.314,95.246,66.933,3.514,0.0,0.0,4021.726,0.0,1
20251017,3,11322.235,10614.22,10561.149,94.453,70.051,2.347,0.0,0.0,4224.46,0.0,1
20251018,3,9245.769,8573.513,8530.646,93.121,58.022,3.407,0.0,0.0,3412.258,0.0,1
20251019,3,11534.903,10846.944,10792.709,92.971,72.504,2.046,0.0,0.0,4317.084,0.0,1
20251020,3,10436.001,9782.547,9733.634,91.05,66.981,2.356,0.0,0.0,3893.454,0.0,1
20251021,3,10825.089,10019.683,9969.584,93.441,67.701,3.584,0.0,0.0,3987.834,0.0,1
20251022,3,11067.956,10625.238,10572.112,95.079,68.027,0.0,0.0,0.0,4228.845,0.0,1
20251023,3,10429.697,9965.93,9916.1,92.188,66.115,0.465,0.0,0.0,3966.44,0.0,1
20251024,3,11685.607,11012.071,10957.01,96.276,70.93,1.837,0.0,0.0,4382.804,0.0,1
20251025,3,11146.282,10695.192,10641.716,95.125,68.475,0.049,0.0,0.0,4256.687,0.0,1
20251026,3,10432.923,10015.606,9965.528,95.492,63.847,0.0,0.0,0.0,3986.211,0.0,1
20251027,3,10586.914,10105.304,10054.777,94.822,65.247,0.572,0.0,0.0,4021.911,0.0,1
20251028,3,11667.062,10995.498,10940.52,94.515,72.137,1.829,0.0,0.0,4376.208,0.0,1
20251029,3,11072.496,10354.697,10302.923,92.608,69.871,2.586,0.0,0.0,4121.169,0.0,1
20251030,3,11038.39,10445.599,10393.371,92.552,69.698,1.427,0.0,0.0,4157.348,0.0,1
20251031,3,10663.069,10236.546,10185.363,92.314,67.501,0.0,0.0,0.0,4074.145,0.0,1
20251101,3,11253.281,10654.079,10600.809,97.48,67.462,1.38,0.0,0.0,4240.323,0.0,1
20251102,3,9767.923,9285.211,9238.785,92.032,62.025,0.981,0.0,0.0,3695.514,0.0,1
20251103,3,11221.348,10772.494,10718.632,94.995,69.031,0.0,0.191,0.0,4287.453,0.0,1
20251104,3,10057.375,9546.529,9498.796,94.974,61.884,1.124,0.0,0.0,3799.518,0.0,1
20251105,3,10386.506,9721.096,9672.491,96.491,62.905,2.507,0.0,0.0,3868.996,0.0,1
20251106,3,10323.803,9748.975,9700.23,94.114,64.104,1.633,0.0,0.0,3880.092,0.0,1
20251107,3,10154.37,9523.598,9475.98,94.831,62.575,2.304,0.0,0.0,3790.392,0.0,1
20251108,3,11440.225,10653.73,10600.461,94.523,70.729,2.995,0.0,0.0,4240.185,0.0,1
20251109,3,10944.203,10506.435,10453.902,94.246,67.861,0.0,0.0,0.0,4181.561,0.0,1
20251110,3,11224.663,10461.311,10409.005,93.691,70.012,2.917,0.0,0.0,4163.602,0.0,1
20251111,3,10029.414,9300.048,9253.548,95.533,61.351,3.409,0.0,0.0,3701.419,0.0,1
20251112,3,10737.907,10175.772,10124.893,94.135,66.66,1.287,0.0,0.0,4049.957,0.0,1
20251113,3,11306.438,10844.849,10790.625,96.793,68.262,0.086,0.0,0.0,4316.25,0.0,1
20251114,3,10443.694,9967.937,9918.098,95.691,63.78,0.579,0.0,0.0,3967.239,0.0,1
20251115,3,10488.452,9991.489,9941.531,93.289,65.702,0.769,0.0,0.0,3976.613,0.0,1
20251116,3,10466.496,9944.641,9894.917,94.233,64.908,1.027,0.0,0.0,3957.967,0.0,1
20251117,3,12772.691,12261.784,12200.475,97.181,76.807,0.0,0.0,0.0,4880.19,0.0,1
20251118,3,11557.741,10963.68,10908.861,93.402,72.313,1.187,0.0,0.0,4363.545,0.0,1
20251119,3,11496.172,11016.42,10961.338,94.781,70.881,0.18,0.0,0.0,4384.535,0.0,1
20251120,3,11706.548,11228.072,11171.931,93.119,73.467,0.091,0.0,0.0,4468.772,0.0,1
20251121,3,10244.407,9639.217,9591.02,90.353,66.259,1.987,0.0,0.0,3836.408,0.0,1
20251122,3,11533.786,10970.739,10915.885,94.634,71.223,0.918,0.0,0.0,4366.354,0.0,1
20251123,3,11756.87,11286.595,11230.162,92.767,74.063,0.0,0.0,0.0,4492.065,0.0,1
20251124,3,11175.538,10291.164,10239.709,94.304,69.253,4.077,0.0,0.0,4095.883,0.0,1
20251125,3,10844.237,10270.734,10219.381,93.609,67.699,1.342,0.0,0.0,4087.752,0.0,1
20251126,3,11158.808,10566.034,10513.203,92.291,70.657,1.367,0.0,0.0,4205.281,0.0,1
20251127,3,10688.654,10049.264,9999.018,95.784,65.212,2.065,0.0,0.0,3999.607,0.0,1
20251128,3,9145.867,8780.032,8736.132,95.003,56.258,0.0,0.0,0.0,3494.453,0.0,1
20251129,3,10941.0,10442.025,10389.815,95.258,67.12,0.584,0.0,0.0,4155.926,0.0,1
20251130,3,12058.11,11220.718,11164.615,94.648,74.451,3.067,0.0,0.0,4465.846,0.0,1
20251201,3,11239.673,10790.087,10736.136,92.623,70.915,0.0,0.109,0.0,4294.454,0.0,1
20251202,3,10725.897,10155.935,10105.155,96.084,65.235,1.369,0.0,0.0,4042.062,0.0,1
20251203,3,12395.466,11793.893,11734.923,94.013,77.05,0.889,0.0,0.0,4693.969,0.0,1
20251204,3,10811.008,10353.704,10301.936,92.839,68.051,0.24,0.0,0.0,4120.774,0.0,1
20251205,3,11061.754,10482.564,10430.152,95.063,68.0,1.287,0.0,0.0,4172.061,0.0,1
20251206,3,10482.59,9731.76,9683.101,90.988,67.326,3.294,0.0,0.0,3873.24,0.0,1
20251207,3,11513.955,10758.835,10705.041,95.689,70.317,2.665,0.0,0.0,4282.016,0.0,1
20251208,3,10514.888,10012.977,9962.912,95.448,64.378,0.806,0.0,0.0,3985.165,0.0,1
20251209,3,10582.246,10087.378,10036.941,96.663,63.976,0.705,0.0,0.0,4014.777,0.0,1
20251210,3,10991.66,10524.45,10471.827,94.247,68.155,0.261,0.0,0.0,4188.731,0.0,1
20251211,3,9988.909,9417.694,9370.605,94.126,62.016,1.79,0.0,0.008,3748.242,0.0,1
20251212,3,11859.339,11200.829,11144.825,91.083,76.089,1.617,0.0,0.0,4457.93,0.0,1
20251213,3,10168.691,9761.943,9713.134,95.495,62.227,0.0,0.0,0.0,3885.253,0.0,1
20251214,3,11134.708,10415.73,10363.651,95.269,68.301,2.559,0.0,0.0,4145.46,0.0,1
20251215,3,10784.958,10217.02,10165.934,96.393,65.384,1.319,0.0,0.0,4066.374,0.0,1
20251216,3,10522.502,9783.239,9734.323,90.055,68.283,3.152,0.0,0.0,3893.729,0.0,1
20251217,3,12141.754,11608.189,11550.148,95.278,74.471,0.411,0.0,0.0,4620.059,0.0,1
20251218,3,12078.006,11246.969,11190.735,92.962,75.926,3.001,0.0,0.0,4476.294,0.0,1
20251219,3,12226.178,11737.131,11678.445,95.558,74.77,0.0,0.0,0.0,4671.378,0.0,1
20251220,3,11064.96,10517.945,10465.355,94.932,68.114,0.983,0.0,0.0,4186.142,0.0,1
20251221,3,10140.528,9618.397,9570.305,92.497,64.066,1.197,0.0,0.0,3828.122,0.0,1
20251222,3,10948.655,10510.709,10458.156,92.529,69.149,0.0,0.0,0.0,4183.262,0.0,1
20251223,3,11339.128,10488.978,10436.533,94.809,69.893,3.643,0.0,0.0,4174.613,0.0,1
20251224,3,10900.611,10305.004,10253.479,95.01,67.047,1.525,0.0,0.0,4101.392,0.0,1
20251225,3,11418.07,10889.78,10835.331,94.325,70.74,0.653,0.0,0.0,4334.132,0.0,1
20251226,3,10437.072,10002.47,9952.458,94.47,64.563,0.171,0.0,0.0,3980.983,0.0,1
20251227,3,10820.94,10285.273,10233.847,96.332,65.644,0.99,0.0,0.0,4093.539,0.0,1
20251228,3,11900.01,11406.522,11349.489,95.758,72.623,0.153,0.0,0.0,4539.796,0.0,1
20251229,3,12368.195,11807.3,11748.264,95.284,75.855,0.557,0.0,0.0,4699.305,0.0,1
20251230,3,12143.669,11408.603,11351.56,96.217,73.756,2.139,0.0,0.0,4540.624,0.0,1
20251231,3,12504.211,12004.042,11944.022,92.887,78.669,0.0,0.0,0.0,4777.609,0.0,1
20240101,4,437.353,420.672,418.569,97.504,28.318,2.349,0.0,0.0,0.0,313.926,1
20240102,4,449.712,436.495,434.313,96.687,29.364,1.461,0.0,0.0,0.0,325.735,1
20240103,4,494.463,480.231,477.83,97.908,31.883,1.399,0.0,0.0,0.0,358.372,1
20240104,4,503.165,495.617,493.139,99.447,31.942,0.0,0.0,0.288,0.0,369.854,1
20240105,4,455.111,441.272,439.066,95.887,29.964,1.564,0.0,0.0,0.0,329.299,1
20240106,4,408.1,392.009,390.049,98.112,26.26,2.48,0.0,0.0,0.0,292.537,1
20240107,4,456.662,442.759,440.545,96.912,29.748,1.568,0.0,0.0,0.0,330.409,1
20240108,4,315.176,302.675,301.161,100.0,19.897,2.504,0.0,0.0,0.0,225.871,1
20240109,4,470.419,456.244,453.963,98.62,30.114,1.536,0.0,0.0,0.0,340.472,1
20240110,4,503.086,492.312,489.851,96.528,32.903,0.651,0.0,0.0,0.0,367.388,1
20240111,4,423.91,415.243,413.167,96.94,27.607,0.553,0.0,0.0,0.0,309.875,1
20240112,4,456.495,436.091,433.91,97.835,29.457,3.015,0.0,0.0,0.0,325.433,1
20240113,4,484.311,467.97,465.63,97.277,31.431,1.903,0.0,0.0,0.0,349.222,1
20240114,4,485.948,465.673,463.344,98.435,31.166,2.713,0.0,0.0,0.0,347.508,1
20240115,4,483.697,474.619,472.246,97.452,31.335,0.383,0.0,0.0,0.0,354.185,1
20240116,4,459.859,446.203,443.972,98.28,29.54,1.492,0.0,0.0,0.0,332.979,1
20240117,4,407.432,396.249,394.268,98.151,26.206,1.264,0.0,0.0,0.0,295.701,1
20240118,4,456.1,447.976,445.736,96.227,29.923,0.285,0.0,0.0,0.0,334.302,1
20240119,4,362.138,353.914,352.144,95.195,24.016,0.783,0.0,0.0,0.0,264.108,1
20240120,4,507.525,491.464,489.007,95.432,33.574,1.69,0.0,0.0,0.0,366.755,1
20240121,4,427.018,418.245,416.154,97.265,27.716,0.563,0.0,0.0,0.0,312.115,1
20240122,4,401.884,393.308,391.342,95.432,26.586,0.643,0.0,0.0,0.0,293.506,1
20240123,4,410.405,404.249,402.227,99.111,26.142,0.0,0.0,0.0,0.0,301.67,1
20240124,4,441.413,424.711,422.588,95.695,29.121,2.319,0.0,0.0,0.0,316.941,1
20240125,4,449.226,442.488,440.275,100.0,28.36,0.0,0.0,0.0,0.0,330.206,1
20240126,4,423.676,413.854,411.784,95.478,28.014,0.831,0.0,0.0,0.0,308.838,1
20240127,4,487.326,480.016,477.616,96.649,31.832,0.0,0.0,0.0,0.0,358.212,1
20240128,4,410.13,400.177,398.176,97.581,26.534,0.941,0.0,0.0,0.0,298.632,1
20240129,4,422.885,412.012,409.952,96.191,27.754,1.087,0.0,0.06,0.0,307.464,1
20240130,4,462.685,455.745,453.466,96.654,30.221,0.0,0.0,0.0,0.0,340.1,1
20240131,4,407.958,399.721,397.722,95.773,26.892,0.527,0.0,0.0,0.0,298.292,1
20240201,4,435.467,425.96,423.83,96.607,28.457,0.694,0.0,0.0,0.0,317.873,1
20240202,4,415.759,403.101,401.086,95.985,27.345,1.568,0.0,0.0,0.0,300.814,1
20240203,4,382.319,370.71,368.856,98.64,24.469,1.56,0.0,0.0,0.0,276.642,1
20240204,4,480.516,473.308,470.941,100.0,30.336,0.0,0.0,0.0,0.0,353.206,1
20240205,4,530.515,518.319,515.727,100.0,33.492,0.811,0.0,0.0,0.0,386.795,1
20240206,4,483.582,468.827,466.483,95.569,31.945,1.575,0.0,0.0,0.0,349.862,1
20240207,4,457.563,449.839,447.59,97.192,29.721,0.191,0.0,0.0,0.0,335.693,1
20240208,4,427.687,417.747,415.658,94.094,28.695,0.837,0.0,0.0,0.0,311.744,1
20240209,4,407.556,398.071,396.081,96.006,26.8,0.84,0.0,0.0,0.0,297.061,1
20240210,4,377.69,369.619,367.771,97.594,24.432,0.647,0.0,0.0,0.0,275.828,1
20240211,4,346.291,340.312,338.611,98.524,22.189,0.23,0.0,0.0,0.0,253.958,1
20240212,4,426.825,413.711,411.643,99.228,27.156,1.596,0.0,0.0,0.0,308.732,1
20240213,4,440.601,431.42,429.263,94.828,29.333,0.593,0.113,0.0,0.0,321.947,1
20240214,4,448.209,433.833,431.664,97.839,28.921,1.733,0.0,0.0,0.0,323.748,1
20240215,4,458.121,441.578,439.37,94.943,30.462,2.143,0.0,0.0,0.0,329.528,1
20240216,4,469.451,457.532,455.245,98.845,29.983,1.055,0.0,0.0,0.0,341.433,1
20240217,4,508.405,486.745,484.311,100.0,32.096,2.802,0.0,0.0,0.0,363.233,1
20240218,4,418.866,408.499,406.456,96.914,27.286,0.99,0.0,0.0,0.0,304.842,1
20240219,4,389.555,383.712,381.793,99.038,24.832,0.0,0.0,0.0,0.0,286.345,1
20240220,4,500.577,479.414,477.017,95.141,33.216,2.769,0.0,0.0,0.0,357.763,1
20240221,4,438.327,420.703,418.599,97.134,28.489,2.559,0.0,0.0,0.0,313.949,1
20240222,4,473.457,466.355,464.023,99.529,30.032,0.0,0.0,0.0,0.0,348.017,1
20240223,4,446.099,429.138,426.992,96.945,29.05,2.337,0.0,0.0,0.0,320.244,1
20240224,4,450.89,444.127,441.906,98.252,28.972,0.0,0.0,0.0,0.0,331.43,1
20240225,4,405.161,382.92,381.006,93.708,27.296,4.05,0.0,0.0,0.0,285.754,1
20240226,4,342.82,332.806,331.142,95.635,22.631,1.443,0.0,0.0,0.0,248.356,1
20240227,4,452.92,444.297,442.075,96.994,29.48,0.41,0.0,0.0,0.0,331.556,1
20240228,4,444.044,433.262,431.096,95.091,29.48,0.942,0.0,0.0,0.0,323.322,1
20240229,4,348.719,338.219,336.528,96.03,22.925,1.534,0.0,0.0,0.0,252.396,1
20240301,4,385.408,373.383,371.516,97.456,24.966,1.645,0.0,0.0,0.0,278.637,1
20240302,4,429.322,418.88,416.786,96.145,28.191,0.946,0.0,0.0,0.0,312.59,1
20240303,4,419.309,413.019,410.954,100.0,26.472,0.0,0.0,0.0,0.0,308.215,1
20240304,4,452.349,445.563,443.336,98.562,28.974,0.0,0.0,0.0,0.0,332.502,1
20240305,4,396.425,390.478,388.526,98.289,25.462,0.0,0.0,0.0,0.0,291.394,1
20240306,4,401.059,395.044,393.068,95.779,26.435,0.0,0.0,0.0,0.0,294.801,1
20240307,4,383.976,375.313,373.436,96.099,25.225,0.768,0.0,0.0,0.0,280.077,1
20240308,4,321.317,307.011,305.476,96.565,21.007,2.997,0.0,0.0,0.0,229.107,1
20240309,4,382.422,376.686,374.802,98.255,24.572,0.0,0.0,0.0,0.0,281.102,1
20240310,4,381.741,373.444,371.577,99.255,24.281,0.684,0.0,0.0,0.0,278.683,1
20240311,4,409.879,397.793,395.804,95.421,27.118,1.471,0.0,0.0,0.0,296.853,1
20240312,4,418.714,406.58,404.547,98.194,26.92,1.419,0.0,0.0,0.0,303.41,1
20240313,4,374.664,366.06,364.23,99.118,23.864,0.809,0.0,0.0,0.0,273.172,1
20240314,4,428.208,411.37,409.313,97.385,27.759,2.469,0.0,0.0,0.0,306.985,1
20240315,4,401.45,394.833,392.859,94.978,26.684,0.151,0.0,0.0,0.0,294.644,1
20240316,4,366.473,356.123,354.343,99.0,23.37,1.344,0.0,0.0,0.0,265.757,1
20240317,4,474.639,467.519,465.181,98.331,30.473,0.0,0.0,0.0,0.0,348.886,1
20240318,4,419.229,410.531,408.479,98.232,26.943,0.583,0.0,0.0,0.0,306.359,1
20240319,4,420.082,403.107,401.091,94.741,27.993,2.58,0.0,0.0,0.0,300.819,1
20240320,4,409.016,394.239,392.267,99.374,25.984,2.145,0.0,0.0,0.0,294.201,1
20240321,4,436.99,418.121,416.03,98.208,28.091,2.861,0.0,0.0,0.0,312.023,1
20240322,4,355.188,349.86,348.111,98.824,22.69,0.0,0.0,0.0,0.0,261.083,1
20240323,4,386.524,380.715,378.812,100.0,24.402,0.003,0.0,0.0,0.0,284.109,1
20240324,4,445.145,430.157,428.007,97.136,28.931,1.895,0.0,0.0,0.0,321.005,1
20240325,4,353.923,348.614,346.871,95.665,23.356,0.0,0.0,0.0,0.0,260.153,1
20240326,4,319.83,315.033,313.458,95.826,21.071,0.0,0.0,0.0,0.0,235.093,1
20240327,4,355.993,347.15,345.415,96.806,23.216,0.999,0.0,0.0,0.0,259.061,1
20240328,4,412.16,400.508,398.506,97.144,26.785,1.347,0.0,0.0,0.0,298.879,1
20240329,4,507.989,499.119,496.623,98.867,32.438,0.25,0.0,0.0,0.0,372.468,1
20240330,4,399.998,384.553,382.63,95.437,26.46,2.397,0.0,0.0,0.0,286.972,1
20240331,4,414.941,406.282,404.251,98.781,26.519,0.596,0.0,0.0,0.0,303.188,1
20240401,4,426.955,415.607,413.529,99.037,27.216,1.175,0.0,0.47,0.0,310.147,1
20240402,4,393.326,381.02,379.114,98.226,25.28,1.654,0.0,0.0,0.0,284.336,1
20240403,4,394.609,380.625,378.721,100.0,24.912,2.075,0.0,0.0,0.0,284.041,1
20240404,4,404.838,394.455,392.482,99.464,25.696,1.081,0.0,0.0,0.0,294.362,1
20240405,4,380.726,364.731,362.907,96.172,24.992,2.742,0.0,0.0,0.0,272.18,1
20240406,4,379.676,364.624,362.801,96.882,24.741,2.502,0.0,0.0,0.0,272.101,1
20240407,4,430.673,418.566,416.473,99.386,27.357,1.331,0.0,0.0,0.0,312.355,1
20240408,4,390.999,384.636,382.713,96.66,25.537,0.129,0.0,0.0,0.0,287.034,1
20240409,4,450.667,430.655,428.501,97.646,29.137,2.985,0.0,0.0,0.0,321.376,1
20240410,4,453.231,438.092,435.902,99.014,28.898,1.868,0.0,0.0,0.0,326.926,1
20240411,4,391.754,374.493,372.621,98.31,25.157,2.95,0.0,0.0,0.0,279.466,1
20240412,4,365.372,359.892,358.092,97.03,23.772,0.0,0.0,0.0,0.0,268.569,1
20240413,4,413.594,396.26,394.278,96.824,26.967,2.732,0.0,0.0,0.0,295.709,1
20240414,4,402.599,389.088,387.143,97.139,26.165,1.884,0.0,0.0,0.0,290.357,1
20240415,4,378.688,368.719,366.876,97.664,24.479,1.15,0.0,0.0,0.0,275.157,1
20240416,4,380.553,369.43,367.583,96.02,25.021,1.444,0.0,0.0,0.0,275.688,1
20240417,4,386.918,380.721,378.818,96.884,25.212,0.103,0.0,0.0,0.0,284.113,1
20240418,4,373.61,360.767,358.964,95.026,24.821,1.967,0.0,0.0,0.0,269.223,1
20240419,4,298.716,288.073,286.633,96.311,19.581,2.094,0.0,0.0,0.0,214.974,1
20240420,4,410.028,403.139,401.123,99.292,26.07,0.183,0.0,0.0,0.0,300.842,1
20240421,4,392.811,382.543,380.63,95.848,25.873,1.131,0.0,0.0,0.0,285.472,1
20240422,4,365.713,358.586,356.793,97.477,23.686,0.455,0.0,0.0,0.0,267.595,1
20240423,4,307.762,297.103,295.617,96.744,20.083,1.993,0.0,0.0,0.0,221.713,1
20240424,4,311.668,301.737,300.229,97.055,20.273,1.712,0.0,0.0,0.0,225.172,1
20240425,4,368.23,356.579,354.796,99.139,23.449,1.689,0.0,0.0,0.0,266.097,1
20240426,4,342.053,336.922,335.237,97.6,22.125,0.0,0.0,0.0,0.0,251.428,1
20240427,4,406.652,396.827,394.843,99.1,25.906,0.93,0.0,0.0,0.0,296.132,1
20240428,4,304.588,300.019,298.519,94.7,20.305,0.0,0.0,0.0,0.0,223.889,1
20240429,4,366.049,360.559,358.756,99.244,23.285,0.0,0.0,0.0,0.0,269.067,1
20240430,4,378.176,371.72,369.862,97.72,24.432,0.21,0.0,0.0,0.0,277.396,1
20240501,4,245.965,242.276,241.065,95.92,16.189,0.0,0.0,0.0,0.0,180.798,1
20240502,4,298.387,291.835,290.376,96.968,19.427,0.706,0.0,0.0,0.0,217.782,1
20240503,4,322.785,313.357,311.791,96.363,21.147,1.442,0.0,0.0,0.0,233.843,1
20240504,4,353.095,347.799,346.06,97.392,22.888,0.0,0.0,0.0,0.0,259.545,1
20240505,4,318.806,311.835,310.276,96.908,20.769,0.697,0.0,0.0,0.0,232.707,1
20240506,4,346.591,338.257,336.565,97.045,22.547,0.919,0.0,0.0,0.0,252.424,1
20240507,4,381.159,372.086,370.225,100.0,24.063,0.894,0.0,0.0,0.0,277.669,1
20240508,4,337.516,331.844,330.185,97.426,21.871,0.183,0.0,0.0,0.0,247.639,1
20240509,4,374.428,364.11,362.29,97.81,24.167,1.275,0.0,0.0,0.0,271.717,1
20240510,4,273.254,259.854,258.554,96.628,17.853,3.456,0.0,0.0,0.0,193.916,1
20240511,4,366.324,348.458,346.716,99.673,23.202,3.429,0.0,0.0,0.0,260.037,1
20240512,4,309.245,300.145,298.645,96.304,20.272,1.464,0.0,0.0,0.0,223.983,1
20240513,4,325.284,313.921,312.352,96.606,21.257,2.024,0.0,0.0,0.0,234.264,1
20240514,4,344.551,333.011,331.346,95.131,22.865,1.878,0.0,0.0,0.0,248.509,1
20240515,4,321.723,312.824,311.26,97.372,20.859,1.285,0.0,0.0,0.0,233.445,1
20240516,4,347.036,341.831,340.122,96.689,22.659,0.0,0.0,0.0,0.0,255.091,1
20240517,4,335.111,330.029,328.379,95.683,22.111,0.017,0.0,0.0,0.0,246.284,1
20240518,4,319.179,314.391,312.819,93.648,21.517,0.0,0.0,0.0,0.0,234.614,1
20240519,4,376.531,366.795,364.961,96.608,24.605,1.102,0.0,0.0,0.0,273.721,1
20240520,4,381.577,363.602,361.784,100.0,24.089,3.26,0.0,0.0,0.0,271.338,1
20240521,4,344.233,339.069,337.374,99.855,21.763,0.0,0.0,0.197,0.0,253.03,1
20240522,4,328.474,323.547,321.929,95.184,21.786,0.0,0.0,0.0,0.0,241.447,1
20240523,4,326.354,314.134,312.564,97.708,21.087,2.278,0.0,0.0,0.0,234.423,1
20240524,4,324.168,311.27,309.713,98.162,20.848,2.517,0.0,0.0,0.0,232.285,1
20240525,4,350.951,344.261,342.54,96.304,23.006,0.412,0.0,0.0,0.0,256.905,1
20240526,4,277.137,270.001,268.651,97.293,17.983,1.091,0.0,0.0,0.0,201.488,1
20240527,4,319.947,314.566,312.993,99.083,20.386,0.185,0.0,0.0,0.0,234.745,1
20240528,4,286.786,274.773,273.399,98.294,18.419,2.73,0.0,0.0,0.0,205.049,1
20240529,4,353.489,345.937,344.208,95.031,23.483,0.646,0.0,0.0,0.0,258.156,1
20240530,4,320.822,315.498,313.921,94.91,21.34,0.162,0.0,0.0,0.0,235.44,1
20240531,4,291.731,281.229,279.823,94.945,19.398,2.132,0.035,0.0,0.0,209.867,1
20240601,4,357.68,348.17,346.429,97.459,23.17,1.176,0.0,0.0,0.0,259.822,1
20240602,4,279.36,271.837,270.478,96.521,18.272,1.211,0.0,0.0,0.0,202.858,1
20240603,4,314.656,296.723,295.24,95.213,20.863,4.263,0.0,0.0,0.0,221.43,1
20240604,4,304.037,296.125,294.645,97.985,19.589,1.119,0.0,0.0,0.0,220.984,1
20240605,4,289.575,283.429,282.012,99.792,18.319,0.632,0.0,0.0,0.0,211.509,1
20240606,4,300.434,295.927,294.447,95.364,19.889,0.0,0.0,0.0,0.0,220.836,1
20240607,4,348.691,343.461,341.743,96.744,22.754,0.0,0.432,0.0,0.0,256.307,1
20240608,4,332.664,327.674,326.035,97.349,21.573,0.0,0.0,0.0,0.0,244.527,1
20240609,4,310.081,298.847,297.352,95.453,20.508,2.155,0.0,0.0,0.0,223.014,1
20240610,4,338.983,331.612,329.954,96.271,22.229,0.685,0.0,0.0,0.0,247.465,1
20240611,4,268.89,257.866,256.577,95.334,17.806,2.639,0.0,0.0,0.0,192.433,1
20240612,4,283.63,275.994,274.614,96.149,18.623,1.21,0.0,0.0,0.0,205.961,1
20240613,4,338.865,333.782,332.113,97.676,21.902,0.0,0.0,0.0,0.0,249.085,1
20240614,4,320.051,312.231,310.67,97.74,20.672,0.958,0.0,0.0,0.0,233.002,1
20240615,4,336.704,329.172,327.527,97.061,21.9,0.748,0.087,0.0,0.0,245.645,1
20240616,4,365.488,360.006,358.206,100.0,23.074,0.0,0.0,0.0,0.0,268.654,1
20240617,4,260.637,256.728,255.444,97.018,16.96,0.0,0.0,0.0,0.0,191.583,1
20240618,4,348.546,338.267,336.575,100.0,22.004,1.471,0.0,0.0,0.0,252.431,1
20240619,4,278.835,272.856,271.492,97.609,18.034,0.654,0.0,0.0,0.0,203.619,1
20240620,4,343.32,336.149,334.468,99.261,21.836,0.598,0.0,0.0,0.0,250.851,1
20240621,4,310.371,301.674,300.166,99.156,19.761,1.322,0.0,0.0,0.0,225.124,1
20240622,4,374.774,369.153,367.307,97.978,24.148,0.0,0.352,0.0,0.0,275.48,1
20240623,4,293.641,289.237,287.79,97.116,19.089,0.0,0.0,0.0,0.0,215.843,1
20240624,4,292.2,284.659,283.235,97.865,18.849,1.097,0.0,0.0,0.0,212.427,1
20240625,4,277.577,269.254,267.908,97.516,17.97,1.521,0.0,0.0,0.0,200.931,1
20240626,4,307.782,300.528,299.026,97.251,19.98,0.87,0.0,0.0,0.0,224.269,1
20240627,4,290.015,284.589,283.166,96.866,18.901,0.377,0.0,0.0,0.0,212.375,1
20240628,4,280.531,274.542,273.169,96.693,18.316,0.644,0.0,0.0,0.0,204.877,1
20240629,4,326.682,315.897,314.318,97.795,21.089,1.829,0.0,0.0,0.0,235.738,1
20240630,4,354.982,338.983,337.289,97.354,23.019,3.053,0.0,0.0,0.0,252.966,1
20240701,4,295.952,286.149,284.718,96.528,19.356,1.84,0.0,0.0,0.0,213.538,1
20240702,4,310.001,301.09,299.584,97.216,20.131,1.396,0.0,0.0,0.0,224.688,1
20240703,4,291.757,287.381,285.944,100.0,18.419,0.0,0.0,0.0,0.0,214.458,1
20240704,4,335.089,323.529,321.911,96.975,21.815,1.98,0.0,0.0,0.0,241.433,1
20240705,4,316.732,306.647,305.114,97.53,20.502,1.71,0.0,0.194,0.0,228.835,1
20240706,4,330.389,318.585,316.992,97.585,21.374,2.105,0.0,0.0,0.0,237.744,1
20240707,4,237.528,233.965,232.795,94.829,15.813,0.0,0.0,0.0,0.0,174.597,1
20240708,4,298.302,293.827,292.358,96.901,19.435,0.0,0.272,0.0,0.0,219.269,1
20240709,4,287.414,281.124,279.719,97.282,18.652,0.699,0.0,0.0,0.0,209.789,1
20240710,4,285.586,281.077,279.672,97.924,18.412,0.08,0.0,0.0,0.0,209.754,1
20240711,4,254.074,250.263,249.011,97.035,16.53,0.0,0.0,0.0,0.0,186.759,1
20240712,4,298.555,292.778,291.314,96.363,19.56,0.442,0.0,0.0,0.0,218.485,1
20240713,4,330.849,325.886,324.257,97.543,21.413,0.0,0.0,0.0,0.0,243.192,1
20240714,4,262.334,255.464,254.187,97.311,17.019,1.136,0.0,0.0,0.0,190.64,1
20240715,4,264.201,253.784,252.515,97.852,17.045,2.48,0.0,0.0,0.0,189.386,1
20240716,4,314.242,303.81,302.291,98.791,20.081,1.847,0.0,0.0,0.0,226.718,1
20240717,4,258.288,249.872,248.623,96.708,16.861,1.785,0.0,0.0,0.0,186.467,1
20240718,4,306.467,293.734,292.265,94.375,20.501,2.695,0.0,0.0,0.0,219.199,1
20240719,4,237.258,230.006,228.856,97.885,15.302,1.58,0.0,0.0,0.0,171.642,1
20240720,4,302.585,292.699,291.235,95.912,19.917,1.794,0.0,0.0,0.0,218.426,1
20240721,4,326.963,308.103,306.562,97.726,21.122,4.333,0.0,0.0,0.0,229.922,1
20240722,4,330.025,321.885,320.276,93.038,22.394,0.981,0.0,0.0,0.0,240.207,1
20240723,4,282.286,270.749,269.395,97.1,18.353,2.626,0.0,0.0,0.0,202.046,1
20240724,4,291.376,285.473,284.046,96.097,19.142,0.534,0.0,0.0,0.0,213.034,1
20240725,4,287.672,281.935,280.525,100.0,18.161,0.502,0.0,0.0,0.0,210.394,1
20240726,4,315.019,305.87,304.341,98.676,20.154,1.426,0.0,0.0,0.0,228.256,1
20240727,4,278.161,272.072,270.712,99.936,17.572,0.7,0.0,0.0,0.0,203.034,1
20240728,4,258.989,255.104,253.829,96.802,16.89,0.0,0.399,0.0,0.0,190.371,1
20240729,4,251.417,246.063,244.833,97.814,16.227,0.639,0.0,0.0,0.0,183.625,1
20240730,4,317.027,304.934,303.409,99.586,20.098,2.35,0.0,0.0,0.0,227.557,1
20240731,4,275.822,267.876,266.536,97.477,17.864,1.402,0.0,0.0,0.0,199.902,1
20240801,4,302.956,289.883,288.434,98.333,19.45,2.858,0.0,0.0,0.0,216.325,1
20240802,4,369.229,361.435,359.627,99.42,23.446,0.62,0.0,0.0,0.0,269.72,1
20240803,4,305.052,294.265,292.794,96.342,19.99,2.067,0.0,0.0,0.0,219.596,1
20240804,4,311.179,300.885,299.381,98.104,20.025,1.835,0.0,0.0,0.0,224.536,1
20240805,4,293.136,285.127,283.701,97.624,18.956,1.251,0.0,0.0,0.0,212.776,1
20240806,4,303.561,297.234,295.748,97.173,19.722,0.593,0.0,0.0,0.0,221.811,1
20240807,4,293.936,289.527,288.079,96.314,19.267,0.0,0.355,0.0,0.0,216.06,1
20240808,4,320.885,316.072,314.491,97.68,20.739,0.0,0.0,0.0,0.0,235.868,1
20240809,4,334.322,327.556,325.918,97.414,21.666,0.532,0.0,0.031,0.0,244.438,1
20240810,4,280.538,268.795,267.451,97.309,18.2,2.726,0.0,0.0,0.0,200.589,1
20240811,4,293.256,288.857,287.413,96.402,19.205,0.0,0.0,0.0,0.0,215.56,1
20240812,4,305.903,299.942,298.442,96.625,19.987,0.456,0.0,0.0,0.0,223.832,1
20240813,4,306.557,295.116,293.64,97.853,19.778,2.266,0.0,0.0,0.0,220.23,1
20240814,4,254.924,247.3,246.064,97.491,16.508,1.513,0.0,0.0,0.0,184.548,1
20240815,4,284.286,280.022,278.622,95.675,18.759,0.0,0.0,0.0,0.0,208.966,1
20240816,4,264.179,256.158,254.877,98.39,16.951,1.559,0.63,0.0,0.0,191.158,1
20240817,4,278.371,269.516,268.168,98.237,17.889,1.707,0.0,0.0,0.0,201.126,1
20240818,4,286.475,276.928,275.543,98.707,18.322,1.86,0.0,0.0,0.0,206.658,1
20240819,4,296.152,281.912,280.503,97.628,19.151,3.359,0.0,0.13,0.0,210.377,1
20240820,4,253.119,246.843,245.609,97.079,16.461,0.994,0.0,0.0,0.0,184.206,1
20240821,4,280.607,276.363,274.981,96.101,18.434,0.013,0.0,0.0,0.0,206.236,1
20240822,4,311.184,304.782,303.258,96.318,20.396,0.566,0.044,0.0,0.0,227.443,1
20240823,4,279.329,273.851,272.482,97.629,18.063,0.468,0.0,0.0,0.0,204.361,1
20240824,4,299.287,294.563,293.09,94.424,20.01,0.08,0.0,0.0,0.0,219.817,1
20240825,4,288.274,283.705,282.286,96.885,18.784,0.086,0.0,0.0,0.0,211.715,1
20240826,4,295.968,286.154,284.723,96.761,19.31,1.844,0.0,0.14,0.0,213.542,1
20240827,4,302.777,295.479,294.001,99.546,19.202,0.924,0.0,0.0,0.0,220.501,1
20240828,4,352.854,346.584,344.851,96.862,22.998,0.281,0.0,0.0,0.0,258.638,1
20240829,4,333.466,327.965,326.325,96.189,21.886,0.152,0.0,0.0,0.0,244.744,1
20240830,4,313.047,306.023,304.493,96.677,20.442,0.755,0.0,0.0,0.0,228.37,1
20240831,4,336.037,330.43,328.778,97.537,21.75,0.171,0.0,0.0,0.0,246.584,1
20240901,4,329.06,319.849,318.25,97.067,21.402,1.319,0.0,0.0,0.0,238.687,1
20240902,4,319.891,314.64,313.066,99.51,20.295,0.144,0.0,0.0,0.0,234.8,1
20240903,4,325.528,309.656,308.107,96.618,21.27,3.427,0.0,0.0,0.0,231.08,1
20240904,4,317.151,312.393,310.831,98.003,20.43,0.0,0.0,0.0,0.0,233.124,1
20240905,4,332.087,315.927,314.347,96.409,21.746,3.418,0.0,0.0,0.0,235.76,1
20240906,4,307.025,298.353,296.862,98.686,19.641,1.345,0.0,0.0,0.0,222.646,1
20240907,4,266.777,258.464,257.172,96.426,17.466,1.641,0.0,0.0,0.0,192.879,1
20240908,4,339.495,329.854,328.205,100.0,21.433,1.36,0.0,0.0,0.0,246.154,1
20240909,4,375.987,365.283,363.456,95.663,24.813,1.367,0.0,0.0,0.0,272.592,1
20240910,4,371.071,364.727,362.904,98.068,23.888,0.213,0.0,0.0,0.0,272.178,1
20240911,4,330.129,316.598,315.015,97.442,21.389,2.638,0.0,0.0,0.0,236.261,1
20240912,4,325.855,314.968,313.393,99.639,20.646,1.869,0.0,0.0,0.0,235.045,1
20240913,4,306.306,294.827,293.353,98.051,19.722,2.282,0.0,0.0,0.0,220.015,1
20240914,4,357.811,344.986,343.261,97.961,23.059,2.116,0.0,0.0,0.0,257.446,1
20240915,4,290.062,277.839,276.45,97.871,18.71,2.755,0.0,0.0,0.0,207.337,1
20240916,4,304.013,299.453,297.956,95.408,20.117,0.0,0.0,0.0,0.0,223.467,1
20240917,4,367.834,362.316,360.504,97.738,23.759,0.0,0.0,0.0,0.0,270.378,1
20240918,4,296.252,289.926,288.476,97.092,19.263,0.645,0.0,0.0,0.0,216.357,1
20240919,4,345.756,337.888,336.199,97.733,22.334,0.787,0.0,0.0,0.0,252.149,1
20240920,4,347.329,337.399,335.712,97.854,22.408,1.38,0.0,0.0,0.0,251.784,1
20240921,4,353.087,340.51,338.807,95.57,23.324,2.094,0.0,0.0,0.0,254.105,1
20240922,4,289.88,285.286,283.86,96.107,19.042,0.086,0.0,0.0,0.0,212.895,1
20240923,4,379.931,370.781,368.927,98.922,24.247,0.922,0.0,0.0,0.0,276.695,1
20240924,4,334.116,326.865,325.231,96.528,21.852,0.68,0.0,0.0,0.0,243.923,1
20240925,4,373.145,366.249,364.418,99.277,23.729,0.353,0.0,0.0,0.0,273.313,1
20240926,4,286.279,281.644,280.236,98.572,18.335,0.121,0.098,0.0,0.0,210.177,1
20240927,4,293.867,281.679,280.271,96.849,19.156,2.688,0.0,0.0,0.0,210.203,1
20240928,4,363.7,354.367,352.595,95.067,24.152,1.083,0.0,0.0,0.0,264.446,1
20240929,4,350.891,336.569,334.886,97.807,22.649,2.621,0.0,0.0,0.0,251.165,1
20240930,4,321.87,317.042,315.456,95.955,21.177,0.0,0.0,0.0,0.0,236.592,1
20241001,4,348.488,343.261,341.544,99.673,22.073,0.0,0.0,0.0,0.0,256.158,1
20241002,4,370.347,359.67,357.871,97.64,23.946,1.404,0.0,0.0,0.0,268.404,1
20241003,4,319.494,314.201,312.63,97.998,20.582,0.159,0.0,0.0,0.0,234.473,1
20241004,4,355.062,337.944,336.255,98.782,22.692,3.372,0.0,0.0,0.0,252.191,1
20241005,4,374.809,367.269,365.432,96.483,24.525,0.52,0.0,0.0,0.0,274.074,1
20241006,4,405.053,390.908,388.953,95.386,26.808,2.023,0.0,0.0,0.0,291.715,1
20241007,4,306.408,297.372,295.885,95.578,20.239,1.471,0.0,0.0,0.0,221.913,1
20241008,4,311.576,295.91,294.43,96.191,20.449,3.582,0.0,0.0,0.0,220.823,1
20241009,4,324.266,315.727,314.149,96.035,21.317,1.15,0.0,0.0,0.0,235.611,1
20241010,4,329.86,310.547,308.994,96.956,21.478,4.421,0.0,0.0,0.0,231.746,1
20241011,4,385.228,371.556,369.698,97.361,24.979,2.08,0.0,0.0,0.0,277.274,1
20241012,4,389.028,375.032,373.157,96.801,25.372,2.13,0.0,0.0,0.0,279.867,1
20241013,4,378.058,364.156,362.335,97.234,24.546,2.21,0.0,0.0,0.0,271.751,1
20241014,4,353.059,342.284,340.573,98.16,22.707,1.576,0.0,0.0,0.0,255.43,1
20241015,4,325.045,320.169,318.569,97.164,21.119,0.0,0.0,0.0,0.0,238.926,1
20241016,4,378.898,367.571,365.733,100.0,23.92,1.512,0.0,0.0,0.0,274.3,1
20241017,4,352.151,346.868,345.134,97.742,22.745,0.0,0.0,0.0,0.0,258.85,1
20241018,4,378.813,364.594,362.771,98.849,24.193,2.288,0.0,0.0,0.0,272.079,1
20241019,4,397.279,391.32,389.363,97.411,25.747,0.0,0.0,0.0,0.0,292.022,1
20241020,4,367.856,361.751,359.942,97.719,23.765,0.162,0.0,0.0,0.0,269.957,1
20241021,4,322.882,312.154,310.593,97.19,20.973,1.85,0.0,0.0,0.0,232.945,1
20241022,4,376.876,371.223,369.367,98.576,24.136,0.0,0.0,0.0,0.0,277.025,1
20241023,4,409.417,399.603,397.605,97.092,26.621,0.911,0.0,0.0,0.0,298.204,1
20241024,4,394.693,382.559,380.647,98.186,25.378,1.598,0.0,0.0,0.0,285.485,1
20241025,4,449.773,440.63,438.427,97.639,29.081,0.541,0.0,0.0,0.0,328.82,1
20241026,4,394.682,380.059,378.159,98.255,25.359,2.238,0.0,0.0,0.0,283.619,1
20241027,4,367.588,361.307,359.5,93.084,24.93,0.212,0.0,0.0,0.0,269.625,1
20241028,4,341.873,335.46,333.783,96.995,22.251,0.381,0.0,0.0,0.0,250.337,1
20241029,4,419.478,410.098,408.048,100.0,26.482,0.747,0.0,0.0,0.0,306.036,1
20241030,4,396.312,381.68,379.771,98.14,25.494,2.225,0.0,0.0,0.0,284.828,1
20241031,4,433.947,427.438,425.3,97.601,28.069,0.0,0.0,0.0,0.0,318.975,1
20241101,4,396.605,384.013,382.093,97.883,25.58,1.7,0.0,0.0,0.0,286.57,1
20241102,4,395.967,386.62,384.686,95.698,26.122,0.874,0.303,0.0,0.0,288.515,1
20241103,4,421.888,404.578,402.555,98.817,26.953,2.643,0.0,0.0,0.0,301.916,1
20241104,4,453.539,429.988,427.838,98.188,29.161,3.749,0.0,0.0,0.0,320.878,1
20241105,4,436.242,417.184,415.098,99.511,27.676,2.912,0.0,0.0,0.0,311.324,1
20241106,4,353.939,340.318,338.616,97.255,22.975,2.384,0.0,0.0,0.0,253.962,1
20241107,4,387.256,369.007,367.162,96.276,25.394,3.261,0.0,0.0,0.0,275.372,1
20241108,4,345.758,335.756,334.077,98.334,22.198,1.414,0.0,0.0,0.0,250.558,1
20241109,4,404.17,396.715,394.731,95.48,26.724,0.35,0.0,0.142,0.0,296.048,1
20241110,4,370.281,353.248,351.481,97.365,24.009,3.147,0.0,0.0,0.0,263.611,1
20241111,4,376.944,370.317,368.465,97.79,24.335,0.262,0.0,0.0,0.0,276.349,1
20241112,4,470.575,454.882,452.607,94.964,31.283,1.863,0.0,0.0,0.0,339.455,1
20241113,4,466.475,443.668,441.449,98.786,29.811,3.441,0.0,0.0,0.0,331.087,1
20241114,4,380.684,374.493,372.621,100.0,24.033,0.128,0.0,0.0,0.0,279.466,1
20241115,4,387.279,381.47,379.563,94.567,25.854,0.0,0.0,0.0,0.0,284.672,1
20241116,4,438.645,425.039,422.914,97.172,28.498,1.626,0.0,0.0,0.0,317.185,1
20241117,4,409.128,402.991,400.976,96.449,26.78,0.0,0.0,0.0,0.0,300.732,1
20241118,4,403.337,389.293,387.347,98.369,25.885,2.012,0.0,0.0,0.0,290.51,1
20241119,4,366.828,356.282,354.501,96.077,24.104,1.396,0.0,0.0,0.0,265.876,1
20241120,4,411.916,389.988,388.038,99.816,26.053,3.882,0.0,0.0,0.0,291.028,1
20241121,4,387.449,380.756,378.853,95.982,25.484,0.231,0.0,0.0,0.0,284.14,1
20241122,4,526.559,516.032,513.452,97.978,33.928,0.507,0.0,0.0,0.0,385.089,1
20241123,4,447.702,437.004,434.819,94.986,29.756,0.903,0.0,0.0,0.0,326.114,1
20241124,4,471.51,464.437,462.115,96.938,30.707,0.0,0.188,0.0,0.0,346.586,1
20241125,4,448.217,436.067,433.887,97.202,29.111,1.229,0.0,0.0,0.0,325.415,1
20241126,4,409.027,397.428,395.441,95.996,26.899,1.356,0.0,0.0,0.0,296.581,1
20241127,4,386.868,371.811,369.952,97.005,25.178,2.428,0.0,0.0,0.0,277.464,1
20241128,4,450.746,430.002,427.852,97.37,29.225,3.149,0.0,0.0,0.0,320.889,1
20241129,4,511.2,503.532,501.014,97.747,33.017,0.0,0.0,0.0,0.0,375.761,1
20241130,4,392.063,385.532,383.604,97.171,25.472,0.168,0.0,0.0,0.0,287.703,1
20241201,4,392.977,387.082,385.147,99.21,25.007,0.0,0.0,0.0,0.0,288.86,1
20241202,4,386.883,367.552,365.714,100.0,24.424,3.55,0.0,0.531,0.0,274.286,1
20241203,4,424.408,418.042,415.952,97.474,27.488,0.0,0.0,0.0,0.0,311.964,1
20241204,4,353.642,336.007,334.327,94.916,23.522,3.54,0.0,0.0,0.0,250.745,1
20241205,4,406.643,389.566,387.618,100.0,25.672,2.741,0.0,0.0,0.0,290.714,1
20241206,4,481.784,469.549,467.201,96.141,31.637,1.055,0.0,0.0,0.0,350.401,1
20241207,4,431.594,421.084,418.979,96.973,28.098,0.949,0.0,0.275,0.0,314.234,1
20241208,4,410.042,403.891,401.872,96.104,26.936,0.0,0.0,0.0,0.0,301.404,1
20241209,4,462.225,451.75,449.491,97.571,29.907,0.778,0.0,0.0,0.0,337.118,1
20241210,4,427.869,405.405,403.378,96.719,27.928,3.807,0.0,0.0,0.0,302.533,1
20241211,4,431.243,409.422,407.374,94.632,28.769,3.614,0.0,0.0,0.0,305.531,1
20241212,4,492.816,479.583,477.185,96.742,32.16,1.203,0.0,0.0,0.0,357.889,1
20241213,4,470.912,444.459,442.237,99.17,29.978,4.18,0.0,0.0,0.0,331.677,1
20241214,4,408.13,397.554,395.566,95.089,27.096,1.108,0.0,0.0,0.0,296.674,1
20241215,4,438.205,424.012,421.892,96.686,28.613,1.765,0.0,0.0,0.0,316.419,1
20241216,4,434.244,427.731,425.592,98.153,27.93,0.0,0.0,0.0,0.0,319.194,1
20241217,4,378.232,371.104,369.248,100.0,23.878,0.39,0.0,0.0,0.0,276.936,1
20241218,4,431.721,413.375,411.308,96.277,28.309,2.791,0.0,0.0,0.0,308.481,1
20241219,4,467.052,457.677,455.389,96.045,30.7,0.515,0.0,0.0,0.0,341.542,1
20241220,4,444.117,435.638,433.459,98.103,28.58,0.416,0.0,0.0,0.0,325.095,1
20241221,4,407.048,392.204,390.243,95.8,26.824,2.18,0.0,0.0,0.0,292.682,1
20241222,4,379.94,370.965,369.11,97.909,24.498,0.875,0.0,0.0,0.0,276.833,1
20241223,4,516.107,506.826,504.292,98.328,33.137,0.303,0.0,0.0,0.0,378.219,1
20241224,4,465.306,455.946,453.667,96.465,30.452,0.519,0.019,0.0,0.0,340.25,1
20241225,4,422.706,416.365,414.283,95.737,27.874,0.0,0.0,0.0,0.0,310.712,1
20241226,4,483.209,468.375,466.033,97.236,31.373,1.594,0.0,0.0,0.0,349.525,1
20241227,4,490.346,474.253,471.881,97.06,31.894,1.809,0.0,0.0,0.0,353.911,1
20241228,4,468.138,459.131,456.835,99.361,29.744,0.43,0.0,0.0,0.0,342.626,1
20241229,4,434.569,428.05,425.91,96.36,28.471,0.0,0.0,0.0,0.0,319.433,1
20241230,4,524.702,510.938,508.384,96.515,34.321,1.14,0.0,0.0,0.0,381.288,1
20241231,4,376.186,364.877,363.053,97.507,24.356,1.529,0.0,0.0,0.0,272.289,1
20250101,4,386.033,368.234,366.393,96.064,25.369,3.158,0.0,0.0,0.0,274.795,1
20250102,4,449.512,437.181,434.995,97.045,29.242,1.262,0.0,0.0,0.0,326.246,1
20250103,4,457.577,437.642,435.454,96.206,30.027,2.9,0.0,0.0,0.0,326.591,1
20250104,4,529.292,515.086,512.51,97.672,34.211,1.202,0.0,0.0,0.0,384.383,1
20250105,4,418.654,408.364,406.322,97.354,27.148,0.972,0.0,0.0,0.0,304.742,1
20250106,4,433.54,427.037,424.901,97.024,28.21,0.0,0.0,0.0,0.0,318.676,1
20250107,4,515.07,505.566,503.038,97.703,33.281,0.35,0.0,0.0,0.0,377.279,1
20250108,4,397.22,389.307,387.361,95.952,26.135,0.499,0.0,0.0,0.0,290.521,1
20250109,4,454.236,442.971,440.756,93.948,30.524,0.995,0.0,0.0,0.0,330.567,1
20250110,4,403.537,387.671,385.733,96.515,26.396,2.469,0.0,0.0,0.0,289.3,1
20250111,4,415.716,398.719,396.725,96.803,27.111,2.628,0.0,0.0,0.0,297.544,1
20250112,4,462.715,455.774,453.495,95.554,30.571,0.0,0.0,0.0,0.0,340.121,1
20250113,4,354.739,341.555,339.848,97.261,23.026,2.25,0.0,0.0,0.0,254.886,1
20250114,4,376.012,366.869,365.035,97.587,24.325,0.946,0.0,0.0,0.0,273.776,1
20250115,4,396.125,383.285,381.369,92.973,26.898,1.768,0.0,0.0,0.0,286.027,1
20250116,4,422.143,414.812,412.737,96.872,27.511,0.24,0.0,0.0,0.0,309.553,1
20250117,4,402.857,388.755,386.811,99.198,25.639,2.031,0.0,0.0,0.0,290.108,1
20250118,4,412.013,399.886,397.886,96.798,26.871,1.465,0.0,0.0,0.0,298.415,1
20250119,4,416.421,410.175,408.124,98.783,26.613,0.0,0.0,0.0,0.0,306.093,1
20250120,4,431.949,414.294,412.222,95.734,28.485,2.627,0.0,0.0,0.0,309.167,1
20250121,4,458.285,444.909,442.685,96.969,29.836,1.44,0.0,0.0,0.0,332.014,1
20250122,4,439.192,429.285,427.139,99.82,27.777,0.767,0.198,0.0,0.0,320.354,1
20250123,4,449.354,429.257,427.111,96.941,29.264,3.018,0.0,0.0,0.0,320.333,1
20250124,4,458.263,449.275,447.029,99.216,29.159,0.468,0.0,0.0,0.0,335.271,1
20250125,4,433.156,420.899,418.794,97.196,28.135,1.35,0.0,0.0,0.0,314.096,1
20250126,4,478.162,461.509,459.201,96.655,31.232,2.013,0.0,0.0,0.0,344.401,1
20250127,4,454.089,447.278,445.041,98.57,29.083,0.0,0.0,0.186,0.0,333.781,1
20250128,4,455.049,446.775,444.541,95.627,30.042,0.323,0.0,0.0,0.0,333.406,1
20250129,4,446.759,438.812,436.618,97.6,28.898,0.283,0.0,0.0,0.0,327.464,1
20250130,4,542.622,534.483,531.81,97.336,35.194,0.0,0.0,0.0,0.0,398.858,1
20250131,4,405.525,390.556,388.604,99.221,25.802,2.224,0.0,0.0,0.0,291.453,1
20250201,4,427.542,403.967,401.947,98.48,27.408,4.075,0.0,0.0,0.0,301.46,1
20250202,4,360.56,343.227,341.511,96.273,23.644,3.358,0.0,0.0,0.0,256.133,1
20250203,4,491.596,482.964,480.549,96.309,32.225,0.26,0.0,0.0,0.0,360.412,1
20250204,4,504.29,490.451,487.999,97.134,32.776,1.263,0.412,0.0,0.0,365.999,1
20250205,4,389.965,378.467,376.574,97.058,25.365,1.471,0.0,0.0,0.0,282.431,1
20250206,4,447.745,436.828,434.644,97.17,29.09,0.953,0.0,0.0,0.0,325.983,1
20250207,4,412.716,401.955,399.946,96.308,27.054,1.124,0.0,0.0,0.0,299.959,1
20250208,4,393.86,377.334,375.447,98.878,25.147,2.737,0.265,0.0,0.0,281.585,1
20250209,4,421.023,402.764,400.75,99.597,26.687,2.88,0.0,0.0,0.0,300.563,1
20250210,4,456.259,445.474,443.246,100.0,28.804,0.877,0.0,0.0,0.0,332.435,1
20250211,4,459.656,439.88,437.68,100.0,29.019,2.845,0.0,0.0,0.0,328.26,1
20250212,4,360.423,348.213,346.472,96.307,23.627,1.916,0.0,0.0,0.0,259.854,1
20250213,4,470.465,450.289,448.038,100.0,29.701,2.831,0.0,0.0,0.0,336.029,1
20250214,4,455.336,443.34,441.123,96.81,29.693,1.152,0.0,0.0,0.0,330.842,1
20250215,4,427.576,413.341,411.274,94.297,28.626,1.857,0.0,0.0,0.0,308.456,1
20250216,4,505.853,488.179,485.738,97.778,32.661,2.024,0.0,0.0,0.0,364.303,1
20250217,4,400.789,387.416,385.479,98.8,25.61,1.865,0.0,0.0,0.0,289.109,1
20250218,4,496.023,488.582,486.139,99.029,31.622,0.0,0.0,0.0,0.0,364.605,1
20250219,4,457.242,440.651,438.448,98.12,29.419,2.161,0.0,0.0,0.0,328.836,1
20250220,4,438.383,426.714,424.58,97.719,28.322,1.18,0.0,0.0,0.0,318.435,1
20250221,4,436.607,419.246,417.15,98.423,28.005,2.514,0.0,0.0,0.0,312.863,1
20250222,4,404.217,391.002,389.047,95.334,26.768,1.796,0.0,0.0,0.0,291.785,1
20250223,4,384.114,369.36,367.513,100.0,24.25,2.377,0.0,0.0,0.0,275.635,1
20250224,4,409.614,387.68,385.741,96.097,26.91,3.914,0.0,0.0,0.0,289.306,1
20250225,4,411.191,403.734,401.715,100.0,25.959,0.318,0.0,0.0,0.0,301.287,1
20250226,4,432.356,423.252,421.135,98.707,27.653,0.615,0.0,0.0,0.0,315.851,1
20250227,4,437.262,426.667,424.534,99.373,27.779,0.937,0.0,0.0,0.0,318.401,1
20250228,4,433.851,421.472,419.364,97.627,28.055,1.374,0.0,0.0,0.0,314.523,1
20250301,4,429.457,421.813,419.703,99.859,27.15,0.284,0.0,0.0,0.0,314.778,1
20250302,4,397.874,385.505,383.578,100.0,25.118,1.633,0.0,0.0,0.0,287.683,1
20250303,4,402.414,394.996,393.021,95.997,26.464,0.349,0.0,0.0,0.0,294.766,1
20250304,4,476.739,460.188,457.888,97.486,30.873,2.002,0.0,0.0,0.0,343.416,1
20250305,4,411.128,400.145,398.145,98.853,26.256,1.189,0.0,0.0,0.0,298.608,1
20250306,4,412.557,405.212,403.186,96.46,27.001,0.285,0.0,0.0,0.0,302.39,1
20250307,4,436.063,426.351,424.22,96.058,28.659,0.738,0.0,0.0,0.0,318.165,1
20250308,4,401.846,381.543,379.635,97.307,26.071,3.607,0.0,0.0,0.0,284.727,1
20250309,4,343.86,331.139,329.483,96.216,22.562,2.233,0.0,0.0,0.0,247.112,1
20250310,4,433.926,424.401,422.279,99.869,27.43,0.706,0.0,0.0,0.0,316.709,1
20250311,4,408.049,393.51,391.543,97.042,26.546,2.094,0.0,0.0,0.0,293.657,1
20250312,4,406.723,390.972,389.017,99.457,25.817,2.409,0.0,0.0,0.0,291.763,1
20250313,4,358.168,344.97,343.245,97.206,23.261,2.218,0.0,0.0,0.0,257.434,1
20250314,4,438.392,431.816,429.657,98.325,28.148,0.0,0.0,0.0,0.0,322.243,1
20250315,4,463.562,451.055,448.8,95.396,30.678,1.216,0.0,0.0,0.0,336.6,1
20250316,4,393.888,383.946,382.026,99.216,25.063,1.04,0.0,0.0,0.0,286.52,1
20250317,4,463.691,448.652,446.409,98.863,29.61,1.77,0.0,0.0,0.0,334.807,1
20250318,4,414.035,396.55,394.567,95.924,27.249,2.765,0.0,0.0,0.0,295.925,1
20250319,4,419.379,407.339,405.302,95.802,27.636,1.392,0.0,0.0,0.0,303.977,1
20250320,4,388.995,377.246,375.36,95.782,25.639,1.543,0.0,0.0,0.0,281.52,1
20250321,4,409.027,385.784,383.855,97.906,26.375,4.246,0.0,0.0,0.0,287.891,1
20250322,4,447.141,429.5,427.353,97.067,29.081,2.482,0.0,0.0,0.0,320.515,1
20250323,4,428.672,414.923,412.848,96.684,27.991,1.733,0.0,0.0,0.0,309.636,1
20250324,4,400.238,387.755,385.817,98.537,25.643,1.643,0.0,0.0,0.0,289.362,1
20250325,4,417.566,406.421,404.389,94.365,27.936,1.187,0.0,0.0,0.0,303.292,1
20250326,4,451.398,434.684,432.511,100.0,28.497,2.236,0.0,0.0,0.0,324.383,1
20250327,4,383.842,378.084,376.194,100.0,24.232,0.0,0.812,0.0,0.0,282.145,1
20250328,4,408.794,393.887,391.918,98.657,26.159,2.179,0.0,0.0,0.0,293.938,1
20250329,4,416.992,410.737,408.683,97.475,27.007,0.0,0.0,0.159,0.0,306.513,1
20250330,4,398.455,389.237,387.291,97.355,25.838,0.826,0.0,0.0,0.0,290.468,1
20250331,4,468.269,461.245,458.939,97.83,30.218,0.0,0.0,0.0,0.0,344.204,1
20250401,4,411.962,400.559,398.556,96.513,26.947,1.287,0.0,0.0,0.0,298.917,1
20250402,4,436.302,429.758,427.609,98.899,27.851,0.0,0.0,0.0,0.0,320.707,1
20250403,4,331.741,324.762,323.138,94.788,22.095,0.613,0.0,0.0,0.0,242.354,1
20250404,4,380.098,369.898,368.049,98.074,24.467,1.202,0.0,0.0,0.0,276.037,1
20250405,4,430.973,414.562,412.489,97.462,27.916,2.343,0.0,0.0,0.0,309.367,1
20250406,4,349.222,343.824,342.104,95.779,23.018,0.047,0.0,0.0,0.0,256.578,1
20250407,4,366.403,360.907,359.102,95.687,24.174,0.0,0.0,0.609,0.0,269.327,1
20250408,4,388.413,374.463,372.59,97.761,25.083,2.124,0.0,0.0,0.0,279.443,1
20250409,4,391.794,374.455,372.583,99.577,24.84,2.97,0.0,0.0,0.0,279.437,1
20250410,4,416.664,401.571,399.563,98.311,26.757,2.155,0.0,0.0,0.0,299.672,1
20250411,4,413.361,407.161,405.125,96.512,27.039,0.0,0.0,0.0,0.0,303.844,1
20250412,4,386.167,378.54,376.647,96.42,25.284,0.482,0.0,0.0,0.0,282.485,1
20250413,4,437.434,423.029,420.914,98.909,27.92,1.82,0.0,0.0,0.0,315.685,1
20250414,4,358.143,352.771,351.007,96.998,23.31,0.0,0.0,0.0,0.0,263.255,1
20250415,4,369.568,364.025,362.205,94.517,24.685,0.0,0.0,0.0,0.0,271.653,1
20250416,4,297.576,293.112,291.647,95.027,19.769,0.0,0.0,0.063,0.0,218.735,1
20250417,4,347.529,334.243,332.572,98.065,22.373,2.358,0.0,0.0,0.0,249.429,1
20250418,4,348.974,342.817,341.103,94.722,23.259,0.268,0.0,0.0,0.0,255.827,1
20250419,4,328.854,320.045,318.444,97.605,21.27,1.197,0.0,0.0,0.0,238.833,1
20250420,4,324.024,310.126,308.575,99.365,20.587,2.832,0.0,0.0,0.0,231.431,1
20250421,4,347.476,342.264,340.553,97.046,22.604,0.0,0.0,0.0,0.0,255.414,1
20250422,4,376.543,370.895,369.041,96.627,24.601,0.0,0.0,0.0,0.0,276.781,1
20250423,4,373.087,356.484,354.702,97.816,24.079,2.995,0.0,0.0,0.0,266.026,1
20250424,4,375.95,361.801,359.992,97.534,24.334,2.298,0.0,0.0,0.0,269.994,1
20250425,4,369.476,350.111,348.361,98.149,23.765,3.798,0.0,0.0,0.0,261.271,1
20250426,4,337.407,329.108,327.463,99.232,21.466,0.974,0.0,0.0,0.0,245.597,1
20250427,4,340.578,327.055,325.42,98.366,21.858,2.508,0.0,0.0,0.0,244.065,1
20250428,4,413.795,405.522,403.494,97.855,26.696,0.507,0.0,0.0,0.0,302.62,1
20250429,4,358.246,350.505,348.752,97.236,23.259,0.671,0.0,0.0,0.0,261.564,1
20250430,4,346.721,338.801,337.107,98.046,22.325,0.796,0.0,0.0,0.0,252.83,1
20250501,4,321.031,311.205,309.649,96.255,21.056,1.585,0.0,0.249,0.0,232.237,1
20250502,4,320.056,306.842,305.307,99.441,20.319,2.669,0.0,0.0,0.0,228.98,1
20250503,4,360.229,348.247,346.506,97.265,23.381,1.854,0.0,0.0,0.0,259.879,1
20250504,4,353.131,345.22,343.493,96.994,22.985,0.752,0.0,0.0,0.0,257.62,1
20250505,4,377.02,365.995,364.165,98.223,24.232,1.446,0.0,0.0,0.0,273.124,1
20250506,4,350.942,342.868,341.154,97.293,22.772,0.813,0.0,0.0,0.0,255.866,1
20250507,4,305.539,299.212,297.716,98.59,19.565,0.58,0.0,0.0,0.0,223.287,1
20250508,4,339.138,334.051,332.381,95.624,22.39,0.0,0.0,0.0,0.0,249.285,1
20250509,4,380.616,370.517,368.664,99.838,24.068,1.171,0.0,0.0,0.0,276.498,1
20250510,4,393.078,374.6,372.727,96.816,25.632,3.25,0.0,0.0,0.0,279.545,1
20250511,4,355.466,346.292,344.56,96.727,23.2,1.097,0.0,0.0,0.0,258.42,1
20250512,4,424.57,416.695,414.611,96.724,27.712,0.36,0.0,0.0,0.0,310.959,1
20250513,4,328.535,323.607,321.989,99.027,20.945,0.0,0.0,0.0,0.0,241.492,1
20250514,4,360.339,352.417,350.655,97.931,23.229,0.709,0.0,0.0,0.0,262.992,1
20250515,4,314.504,302.679,301.166,97.137,20.44,2.294,0.0,0.0,0.0,225.874,1
20250516,4,309.779,298.184,296.693,100.0,19.557,2.277,0.0,0.0,0.0,222.52,1
20250517,4,266.676,258.357,257.066,97.144,17.33,1.644,0.0,0.0,0.0,192.799,1
20250518,4,329.025,320.039,318.439,97.315,21.345,1.25,0.0,0.0,0.0,238.829,1
20250519,4,344.647,339.477,337.779,100.0,21.758,0.0,0.0,0.0,0.0,253.335,1
20250520,4,280.701,272.007,270.647,96.799,18.307,1.621,0.0,0.0,0.0,202.985,1
20250521,4,305.93,301.342,299.835,96.128,20.092,0.0,0.0,0.0,0.0,224.876,1
20250522,4,326.098,317.163,315.577,94.642,21.752,1.259,0.0,0.0,0.0,236.683,1
20250523,4,313.04,304.51,302.988,99.202,19.921,1.243,0.0,0.0,0.0,227.241,1
20250524,4,323.15,314.049,312.479,96.322,21.18,1.336,0.0,0.0,0.0,234.359,1
20250525,4,313.94,308.349,306.807,98.16,20.191,0.285,0.0,0.0,0.0,230.105,1
20250526,4,362.58,353.657,351.889,98.325,23.28,0.976,0.0,0.0,0.0,263.917,1
20250527,4,358.305,349.148,347.402,98.932,22.864,1.072,0.0,0.0,0.0,260.552,1
20250528,4,236.727,228.1,226.959,95.083,15.718,2.177,0.0,0.0,0.0,170.219,1
20250529,4,276.781,271.348,269.991,96.748,18.061,0.47,0.0,0.0,0.0,202.493,1
20250530,4,335.529,326.662,325.029,97.794,21.66,1.16,0.0,0.0,0.0,243.772,1
20250531,4,264.042,259.262,257.966,97.152,17.158,0.315,0.0,0.0,0.0,193.474,1
20250601,4,354.588,336.995,335.31,97.52,22.955,3.514,0.0,0.0,0.0,251.482,1
20250602,4,343.856,337.403,335.716,99.073,21.911,0.382,0.0,0.0,0.0,251.787,1
20250603,4,321.41,315.807,314.228,97.239,20.867,0.247,0.0,0.0,0.0,235.671,1
20250604,4,315.209,301.613,300.105,99.17,20.066,2.856,0.0,0.0,0.0,225.079,1
20250605,4,306.452,298.315,296.823,96.707,20.006,1.173,0.0,0.0,0.0,222.618,1
20250606,4,273.169,269.072,267.726,94.695,18.212,0.0,0.0,0.0,0.0,200.795,1
20250607,4,318.09,305.726,304.198,99.173,20.249,2.423,0.0,0.0,0.0,228.148,1
20250608,4,322.841,317.998,316.408,96.925,21.028,0.0,0.0,0.0,0.0,237.306,1
20250609,4,357.522,338.92,337.225,98.305,22.96,3.759,0.0,0.0,0.0,252.919,1
20250610,4,355.652,346.809,345.075,96.731,23.212,1.001,0.0,0.0,0.0,258.806,1
20250611,4,351.16,342.485,340.772,98.609,22.482,0.985,0.0,0.0,0.0,255.579,1
20250612,4,311.627,306.031,304.501,97.873,20.101,0.3,0.0,0.0,0.0,228.376,1
20250613,4,304.659,289.845,288.396,96.827,19.864,3.414,0.0,0.0,0.0,216.297,1
20250614,4,255.089,251.15,249.894,97.464,16.523,0.045,0.0,0.0,0.0,187.421,1
20250615,4,257.856,252.463,251.201,95.432,17.058,0.601,0.0,0.0,0.0,188.401,1
20250616,4,366.907,352.662,350.899,96.399,24.029,2.419,0.0,0.0,0.0,263.174,1
20250617,4,262.295,257.621,256.333,96.43,17.172,0.286,0.0,0.0,0.0,192.25,1
20250618,4,292.134,287.222,285.786,98.129,18.794,0.184,0.0,0.0,0.0,214.339,1
20250619,4,289.482,281.794,280.385,97.823,18.682,1.173,0.0,0.0,0.0,210.289,1
20250620,4,279.959,272.352,270.99,100.0,17.674,1.236,0.0,0.0,0.0,203.242,1
20250621,4,299.133,290.834,289.38,95.25,19.826,1.294,0.0,0.0,0.0,217.035,1
20250622,4,303.389,289.012,287.567,95.626,20.029,3.288,0.0,0.0,0.0,215.675,1
20250623,4,286.697,272.732,271.368,98.507,18.374,3.422,0.0,0.0,0.0,203.526,1
20250624,4,293.884,284.677,283.253,99.361,18.673,1.658,0.0,0.0,0.0,212.44,1
20250625,4,307.441,294.656,293.183,99.558,19.495,2.699,0.0,0.423,0.0,219.887,1
20250626,4,317.161,306.369,304.837,91.668,21.843,1.932,0.0,0.112,0.0,228.628,1
20250627,4,311.762,300.53,299.027,98.517,19.978,2.135,0.0,0.0,0.0,224.271,1
20250628,4,318.994,310.864,309.309,98.241,20.499,1.065,0.0,0.0,0.0,231.982,1
20250629,4,330.489,324.069,322.448,97.761,21.342,0.449,0.0,0.0,0.0,241.836,1
20250630,4,357.405,339.868,338.168,94.347,23.915,3.459,0.0,0.0,0.0,253.626,1
20250701,4,303.004,295.973,294.493,96.309,19.862,0.833,0.0,0.0,0.0,220.87,1
20250702,4,285.696,281.399,279.992,96.373,18.715,0.004,0.0,0.0,0.0,209.994,1
20250703,4,250.235,241.894,240.684,97.966,16.126,1.861,0.0,0.0,0.0,180.513,1
20250704,4,350.47,345.213,343.487,98.996,22.35,0.0,0.0,0.0,0.0,257.615,1
20250705,4,232.501,224.331,223.21,97.489,15.056,2.044,0.0,0.0,0.0,167.407,1
20250706,4,286.62,276.075,274.695,96.459,18.759,2.212,0.0,0.0,0.0,206.021,1
20250707,4,281.798,270.52,269.168,97.067,18.328,2.54,0.0,0.0,0.0,201.876,1
20250708,4,265.278,260.876,259.571,95.795,17.482,0.162,0.0,0.0,0.0,194.679,1
20250709,4,345.731,340.545,338.843,100.0,21.826,0.0,0.0,0.0,0.0,254.132,1
20250710,4,324.626,316.182,314.601,96.213,21.301,1.118,0.0,0.0,0.0,235.951,1
20250711,4,271.924,257.848,256.559,97.179,17.665,3.732,0.0,0.0,0.0,192.419,1
20250712,4,291.858,285.88,284.45,99.738,18.474,0.557,0.0,0.0,0.0,213.338,1
20250713,4,343.263,338.114,336.424,97.778,22.163,0.0,0.0,0.0,0.0,252.318,1
20250714,4,328.321,316.735,315.151,98.708,20.999,2.06,0.0,0.0,0.0,236.364,1
20250715,4,264.91,256.559,255.277,98.187,17.033,1.677,0.0,0.0,0.0,191.457,1
20250716,4,301.849,290.091,288.64,98.246,19.396,2.432,0.0,0.0,0.0,216.48,1
20250717,4,308.874,300.991,299.486,98.402,19.816,1.068,0.0,0.0,0.0,224.615,1
20250718,4,323.302,318.452,316.86,97.598,20.913,0.0,0.0,0.0,0.0,237.645,1
20250719,4,303.171,297.581,296.094,96.924,19.747,0.349,0.0,0.0,0.0,222.07,1
20250720,4,312.117,302.99,301.475,97.585,20.192,1.446,0.0,0.0,0.0,226.107,1
20250721,4,322.328,314.836,313.262,99.625,20.426,0.837,0.0,0.0,0.0,234.946,1
20250722,4,255.211,251.383,250.126,97.81,16.473,0.0,0.0,0.0,0.0,187.594,1
20250723,4,327.434,316.222,314.641,98.897,20.902,1.954,0.0,0.0,0.0,235.981,1
20250724,4,282.166,275.122,273.746,99.407,17.92,1.012,0.0,0.0,0.0,205.309,1
20250725,4,274.028,264.335,263.013,97.956,17.661,2.068,0.0,0.0,0.0,197.26,1
20250726,4,241.958,230.02,228.869,95.496,15.996,3.486,0.0,0.01,0.0,171.652,1
20250727,4,303.364,298.6,297.107,98.314,19.48,0.072,0.0,0.69,0.0,222.83,1
20250728,4,275.823,270.199,268.848,96.086,18.122,0.547,0.0,0.0,0.0,201.636,1
20250729,4,278.242,270.977,269.623,99.577,17.64,1.128,0.0,0.0,0.0,202.217,1
20250730,4,315.196,310.468,308.915,97.95,20.315,0.0,0.0,0.0,0.0,231.687,1
20250731,4,317.215,309.188,307.642,98.642,20.302,1.046,0.0,0.0,0.0,230.731,1
20250801,4,350.266,341.392,339.685,98.838,22.373,1.049,0.0,0.0,0.0,254.763,1
20250802,4,314.768,310.047,308.496,98.662,20.141,0.0,0.0,0.0,0.0,231.372,1
20250803,4,295.05,288.772,287.328,97.0,19.203,0.637,0.0,0.0,0.0,215.496,1
20250804,4,304.233,294.432,292.96,97.357,19.728,1.748,0.0,0.0,0.0,219.72,1
20250805,4,282.446,277.747,276.358,98.47,18.108,0.166,0.0,0.0,0.0,207.269,1
20250806,4,286.272,272.417,271.055,97.233,18.587,3.391,0.0,0.0,0.0,203.291,1
20250807,4,323.911,317.405,315.818,98.136,20.837,0.516,0.0,0.0,0.0,236.864,1
20250808,4,269.753,261.343,260.037,93.659,18.183,1.642,0.0,0.0,0.0,195.027,1
20250809,4,292.834,280.559,279.156,98.098,18.846,2.733,0.0,0.0,0.0,209.367,1
20250810,4,291.119,282.421,281.009,94.842,19.378,1.51,0.0,0.0,0.0,210.757,1
20250811,4,267.111,263.105,261.789,100.0,16.863,0.0,0.0,0.0,0.0,196.342,1
20250812,4,293.119,288.723,287.279,98.454,18.796,0.0,0.0,0.0,0.0,215.459,1
20250813,4,321.667,313.468,311.901,98.262,20.666,1.065,0.0,0.0,0.0,233.925,1
20250814,4,307.316,298.421,296.929,97.228,19.955,1.416,0.0,0.0,0.0,222.697,1
20250815,4,306.792,296.964,295.479,97.884,19.787,1.729,0.0,0.0,0.0,221.609,1
20250816,4,297.606,288.388,286.946,98.853,19.006,1.622,0.0,0.0,0.0,215.209,1
20250817,4,318.984,312.209,310.648,98.941,20.354,0.633,0.0,0.0,0.0,232.986,1
20250818,4,309.501,301.532,300.025,98.045,19.929,1.091,0.0,0.0,0.0,225.019,1
20250819,4,335.635,330.601,328.948,96.489,21.96,0.0,0.0,0.0,0.0,246.711,1
20250820,4,318.581,313.802,312.233,98.659,20.386,0.0,0.0,0.0,0.0,234.175,1
20250821,4,317.811,310.123,308.573,94.868,21.149,0.933,0.0,0.0,0.0,231.43,1
20250822,4,286.762,281.805,280.396,96.758,18.71,0.232,0.0,0.0,0.0,210.297,1
20250823,4,296.219,291.775,290.317,98.02,19.078,0.0,0.0,0.0,0.0,217.737,1
20250824,4,323.96,315.223,313.646,97.618,20.951,1.215,0.0,0.0,0.0,235.235,1
20250825,4,328.417,320.025,318.425,97.647,21.233,1.071,0.0,0.0,0.0,238.819,1
20250826,4,337.11,331.647,329.989,97.573,21.812,0.122,0.0,0.0,0.0,247.491,1
20250827,4,321.026,316.21,314.629,99.285,20.413,0.0,0.0,0.0,0.0,235.972,1
20250828,4,250.015,242.277,241.066,100.0,15.784,1.619,0.0,0.0,0.0,180.799,1
20250829,4,284.795,280.523,279.121,97.003,18.535,0.0,0.0,0.0,0.0,209.34,1
20250830,4,270.62,260.302,259.001,99.032,17.252,2.348,0.0,0.0,0.0,194.25,1
20250831,4,317.049,304.034,302.513,97.052,20.624,2.645,0.0,0.0,0.0,226.885,1
20250901,4,387.178,376.774,374.891,99.675,24.523,1.205,0.0,0.0,0.0,281.168,1
20250902,4,325.727,319.143,317.548,94.909,21.667,0.529,0.0,0.0,0.0,238.161,1
20250903,4,268.402,260.436,259.134,95.845,17.679,1.49,0.0,0.0,0.0,194.351,1
20250904,4,282.423,275.962,274.583,94.884,18.791,0.799,0.0,0.0,0.0,205.937,1
20250905,4,312.731,306.501,304.968,99.697,19.803,0.5,0.0,0.0,0.0,228.726,1
20250906,4,327.292,320.771,319.168,98.103,21.062,0.5,0.0,0.0,0.0,239.376,1
20250907,4,330.724,320.097,318.496,95.518,21.859,1.739,0.0,0.075,0.0,238.872,1
20250908,4,310.52,304.054,302.533,96.495,20.316,0.591,0.0,0.0,0.0,226.9,1
20250909,4,306.421,297.056,295.571,97.226,19.897,1.58,0.0,0.0,0.0,221.678,1
20250910,4,323.46,317.281,315.694,96.101,21.249,0.417,0.0,0.0,0.0,236.771,1
20250911,4,356.246,346.162,344.432,98.081,22.93,1.351,0.0,0.0,0.0,258.324,1
20250912,4,319.381,314.498,312.925,97.741,20.629,0.029,0.0,0.0,0.0,234.694,1
20250913,4,323.324,315.58,314.002,92.663,22.028,0.909,0.0,0.0,0.0,235.501,1
20250914,4,395.612,384.902,382.977,97.174,25.702,1.226,0.0,0.0,0.0,287.233,1
20250915,4,330.525,322.203,320.592,98.89,21.101,1.033,0.0,0.0,0.0,240.444,1
20250916,4,327.132,313.598,312.03,98.876,20.887,2.678,0.0,0.0,0.0,234.022,1
20250917,4,306.773,296.7,295.217,99.651,19.435,1.811,0.0,0.0,0.0,221.413,1
20250918,4,314.671,302.73,301.217,97.55,20.365,2.33,0.0,0.0,0.0,225.912,1
20250919,4,348.875,338.103,336.412,95.812,22.988,1.612,0.0,0.0,0.0,252.309,1
20250920,4,323.557,317.641,316.053,99.887,20.45,0.333,0.0,0.0,0.0,237.04,1
20250921,4,330.384,321.386,319.779,97.002,21.502,1.242,0.0,0.0,0.0,239.835,1
20250922,4,368.711,356.233,354.451,98.734,23.576,1.913,0.0,0.0,0.0,265.839,1
20250923,4,354.543,347.995,346.255,96.332,23.235,0.352,0.0,0.0,0.0,259.692,1
20250924,4,295.807,288.518,287.075,98.514,18.956,0.979,0.0,0.0,0.0,215.306,1
20250925,4,344.959,339.784,338.085,95.877,22.714,0.0,0.0,0.0,0.0,253.564,1
20250926,4,335.989,320.629,319.026,97.011,21.865,3.118,0.0,0.0,0.0,239.269,1
20250927,4,295.37,290.94,289.485,98.815,18.871,0.0,0.0,0.0,0.0,217.114,1
20250928,4,430.368,421.046,418.94,96.915,28.034,0.676,0.0,0.0,0.0,314.205,1
20250929,4,332.455,326.757,325.123,96.244,21.807,0.217,0.0,0.0,0.0,243.842,1
20250930,4,364.323,357.318,355.531,96.154,23.92,0.429,0.0,0.0,0.0,266.649,1
20251001,4,342.422,333.947,332.278,99.802,21.66,0.99,0.0,0.0,0.0,249.208,1
20251002,4,363.226,357.778,355.989,95.949,23.899,0.0,0.0,0.0,0.0,266.992,1
20251003,4,427.254,414.643,412.57,99.691,27.057,1.474,0.0,0.0,0.0,309.428,1
20251004,4,311.243,305.928,304.399,99.546,19.739,0.211,0.0,0.0,0.0,228.299,1
20251005,4,359.665,345.373,343.647,99.401,22.843,2.511,0.0,0.0,0.0,257.735,1
20251006,4,331.572,321.156,319.55,95.607,21.894,1.667,0.0,0.0,0.0,239.663,1
20251007,4,395.774,371.743,369.884,97.089,25.735,4.642,0.0,0.0,0.0,277.413,1
20251008,4,380.363,373.735,371.867,97.705,24.577,0.246,0.0,0.0,0.0,278.9,1
20251009,4,429.213,420.317,418.216,98.488,27.513,0.581,0.0,0.0,0.0,313.662,1
20251010,4,360.661,351.238,349.481,100.0,22.769,1.13,0.0,0.0,0.0,262.111,1
20251011,4,366.631,356.197,354.416,95.579,24.216,1.366,0.0,0.0,0.0,265.812,1
20251012,4,333.757,323.58,321.962,96.707,21.788,1.573,0.0,0.0,0.0,241.471,1
20251013,4,342.578,337.439,335.752,100.0,21.627,0.0,0.0,0.0,0.0,251.814,1
20251014,4,339.99,330.83,329.176,99.86,21.494,1.212,0.0,0.0,0.0,246.882,1
20251015,4,354.778,346.247,344.516,95.629,23.421,0.918,0.0,0.0,0.0,258.387,1
20251016,4,429.885,404.697,402.673,97.31,27.889,4.426,0.0,0.0,0.0,302.005,1
20251017,4,362.021,348.807,347.063,98.561,23.189,2.183,0.0,0.0,0.0,260.297,1
20251018,4,401.347,391.13,389.175,96.43,26.276,1.061,0.0,0.0,0.0,291.881,1
20251019,4,431.354,424.884,422.759,98.554,27.631,0.0,0.0,0.0,0.0,317.069,1
20251020,4,354.269,338.661,336.968,97.932,22.838,2.95,0.0,0.0,0.0,252.726,1
20251021,4,406.755,398.003,396.013,96.768,26.537,0.662,0.0,0.0,0.0,297.01,1
20251022,4,428.871,418.957,416.863,95.837,28.251,0.824,0.0,0.0,0.0,312.647,1
20251023,4,358.765,344.264,342.542,97.386,23.257,2.581,0.0,0.0,0.0,256.907,1
20251024,4,402.256,386.166,384.235,99.012,25.648,2.538,0.0,0.0,0.0,288.177,1
20251025,4,357.059,348.69,346.947,98.205,22.954,0.857,0.044,0.0,0.0,260.21,1
20251026,4,403.911,382.996,381.081,97.401,26.18,3.734,0.0,0.0,0.0,285.811,1
20251027,4,392.151,378.758,376.864,96.264,25.718,1.945,0.0,0.0,0.0,282.648,1
20251028,4,285.505,281.223,279.816,100.0,18.024,0.0,0.0,0.0,0.0,209.862,1
20251029,4,360.092,345.551,343.823,97.927,23.214,2.577,0.0,0.0,0.0,257.867,1
20251030,4,348.055,341.169,339.463,95.415,23.029,0.486,0.0,0.0,0.0,254.597,1
20251031,4,346.089,340.6,338.897,98.279,22.232,0.087,0.0,0.0,0.0,254.173,1
20251101,4,390.333,380.14,378.24,96.053,25.655,1.128,0.0,0.0,0.0,283.68,1
20251102,4,346.596,335.353,333.676,98.088,22.308,1.77,0.0,0.0,0.0,250.257,1
20251103,4,420.731,399.185,397.189,97.553,27.227,3.676,0.0,0.0,0.0,297.892,1
20251104,4,447.564,440.851,438.647,98.75,28.613,0.0,0.0,0.0,0.0,328.985,1
20251105,4,441.328,434.531,432.359,97.716,28.513,0.041,0.0,0.0,0.0,324.269,1
20251106,4,443.513,436.653,434.47,98.525,28.419,0.047,0.0,0.0,0.0,325.852,1
20251107,4,392.266,385.188,383.263,96.479,25.668,0.309,0.0,0.0,0.0,287.447,1
20251108,4,365.263,349.384,347.637,97.934,23.546,2.891,0.0,0.0,0.0,260.728,1
20251109,4,368.35,353.716,351.947,97.297,23.901,2.511,0.0,0.0,0.0,263.96,1
20251110,4,406.723,390.545,388.593,97.7,26.281,2.515,0.0,0.0,0.0,291.445,1
20251111,4,325.792,320.258,318.657,99.514,20.668,0.202,0.0,0.0,0.0,238.993,1
20251112,4,490.952,477.002,474.617,99.617,31.114,1.362,0.0,0.0,0.0,355.963,1
20251113,4,377.314,371.655,369.796,97.382,24.461,0.0,0.0,0.0,0.0,277.347,1
20251114,4,406.541,392.321,390.359,96.359,26.635,2.028,0.0,0.0,0.0,292.769,1
20251115,4,364.385,353.873,352.104,97.569,23.577,1.406,0.0,0.0,0.0,264.078,1
20251116,4,492.073,476.866,474.482,98.341,31.589,1.615,0.0,0.0,0.0,355.862,1
20251117,4,465.801,454.183,451.912,98.857,29.747,1.009,0.0,0.0,0.0,338.934,1
20251118,4,466.761,459.231,456.935,99.519,29.61,0.115,0.0,0.0,0.0,342.701,1
20251119,4,439.43,430.476,428.324,96.106,28.866,0.546,0.0,0.0,0.0,321.243,1
20251120,4,466.512,459.514,457.217,95.307,30.902,0.0,0.0,0.0,0.0,342.913,1
20251121,4,486.788,479.487,477.089,98.958,31.055,0.0,0.0,0.0,0.0,357.817,1
20251122,4,507.655,500.04,497.54,96.115,33.344,0.0,0.0,0.0,0.0,373.155,1
20251123,4,380.727,370.434,368.582,98.992,24.28,1.222,0.0,0.0,0.0,276.436,1
20251124,4,397.982,390.181,388.23,97.407,25.794,0.467,0.0,0.0,0.0,291.173,1
20251125,4,393.693,387.787,385.848,99.066,25.089,0.0,0.0,0.0,0.0,289.386,1
20251126,4,422.756,410.974,408.919,100.0,26.689,1.306,0.0,0.0,0.0,306.689,1
20251127,4,412.249,397.071,395.086,96.813,26.883,2.215,0.0,0.0,0.0,296.314,1
20251128,4,451.605,427.084,424.948,98.841,28.845,3.99,0.0,0.0,0.0,318.711,1
20251129,4,468.072,444.894,442.67,96.496,30.623,3.504,0.0,0.0,0.0,332.002,1
20251130,4,384.947,375.6,373.722,98.337,24.713,0.942,0.0,0.0,0.0,280.291,1
20251201,4,434.114,421.69,419.582,95.384,28.732,1.383,0.0,0.0,0.0,314.686,1
20251202,4,504.097,489.397,486.95,96.926,32.834,1.438,0.0,0.0,0.0,365.213,1
20251203,4,520.18,512.377,509.815,97.596,33.649,0.0,0.741,0.0,0.0,382.362,1
20251204,4,386.925,376.869,374.984,95.63,25.543,1.116,0.0,0.0,0.0,281.238,1
20251205,4,481.911,463.946,461.626,98.444,30.905,2.262,0.0,0.0,0.0,346.219,1
20251206,4,490.179,470.923,468.568,98.092,31.548,2.465,0.0,0.0,0.0,351.426,1
20251207,4,507.342,495.897,493.418,97.984,32.688,0.767,0.131,0.0,0.0,370.063,1
20251208,4,459.094,451.47,449.213,97.919,29.599,0.163,0.0,0.0,0.0,336.91,1
20251209,4,405.01,390.142,388.192,96.656,26.453,2.204,0.718,0.0,0.0,291.144,1
20251210,4,426.819,407.146,405.11,95.458,28.228,3.157,0.0,0.0,0.0,303.833,1
20251211,4,364.399,351.757,349.998,98.077,23.456,1.999,0.0,0.0,0.0,262.498,1
20251212,4,476.022,461.873,459.564,97.409,30.851,1.495,0.0,0.0,0.0,344.673,1
20251213,4,478.816,460.226,457.925,97.998,30.846,2.419,0.0,0.0,0.0,343.444,1
20251214,4,380.706,374.996,373.121,96.084,25.014,0.0,0.0,0.0,0.0,279.841,1
20251215,4,484.661,473.368,471.001,95.851,31.922,0.843,0.0,0.0,0.0,353.251,1
20251216,4,400.853,392.988,391.024,98.571,25.673,0.469,0.0,0.0,0.0,293.268,1
20251217,4,513.027,496.393,493.911,94.643,34.221,1.769,0.0,0.0,0.0,370.433,1
20251218,4,454.089,447.095,444.859,98.147,29.208,0.041,0.0,0.0,0.0,333.644,1
20251219,4,477.331,462.665,460.351,98.491,30.596,1.597,0.0,0.0,0.0,345.263,1
20251220,4,393.507,384.147,382.226,100.0,24.843,0.892,0.0,0.0,0.0,286.67,1
20251221,4,423.973,416.69,414.607,98.646,27.133,0.221,0.0,0.0,0.0,310.955,1
20251222,4,425.698,405.001,402.976,96.346,27.894,3.413,0.0,0.0,0.0,302.232,1
20251223,4,413.57,403.118,401.102,94.312,27.684,1.043,0.0,0.0,0.0,300.827,1
20251224,4,414.089,407.878,405.838,96.08,27.209,0.0,0.0,0.0,0.0,304.379,1
20251225,4,462.736,455.746,453.468,99.309,29.416,0.011,0.0,0.0,0.0,340.101,1
20251226,4,409.305,397.645,395.657,99.782,25.896,1.369,0.0,0.0,0.0,296.742,1
20251227,4,414.365,402.04,400.03,95.969,27.258,1.497,0.0,0.0,0.0,300.022,1
20251228,4,464.021,452.705,450.441,97.867,29.933,0.953,0.0,0.0,0.0,337.831,1
20251229,4,503.712,485.206,482.78,99.622,31.921,2.207,0.0,0.0,0.0,362.085,1
20251230,4,538.544,523.727,521.108,100.0,33.999,1.27,0.0,0.0,0.0,390.831,1
20251231,4,494.364,475.228,472.852,98.682,31.627,2.407,0.0,0.0,0.0,354.639,1
20240101,5,126.69,122.98,122.365,97.131,28.604,1.45,0.0,0.0,0.0,91.774,1
20240102,5,115.174,112.081,111.521,97.011,26.036,1.203,0.0,0.0,0.0,83.641,1
20240103,5,107.449,105.838,105.308,99.524,23.676,0.0,0.0,0.0,0.0,78.981,1
20240104,5,142.011,136.757,136.074,98.337,31.669,2.233,0.0,0.0,0.0,102.055,1
20240105,5,129.704,124.084,123.463,97.119,29.288,2.876,0.0,0.0,0.0,92.597,1
20240106,5,129.347,122.201,121.59,99.715,28.447,4.086,0.0,0.0,0.0,91.193,1
20240107,5,152.791,148.842,148.098,100.0,33.507,1.101,0.0,0.0,0.0,111.073,1
20240108,5,120.829,119.017,118.422,94.261,28.111,0.0,0.0,0.0,0.0,88.816,1
20240109,5,152.21,145.341,144.614,98.327,33.947,3.059,0.0,0.0,0.0,108.461,1
20240110,5,105.233,103.549,103.031,97.812,23.594,0.102,0.046,0.0,0.0,77.273,1
20240111,5,111.11,107.742,107.203,96.836,25.162,1.554,0.0,0.0,0.0,80.402,1
20240112,5,139.699,135.386,134.709,95.283,32.152,1.612,0.0,0.0,0.0,101.032,1
20240113,5,118.688,114.821,114.247,98.901,26.317,1.784,0.0,0.0,0.0,85.685,1
20240114,5,127.09,124.276,123.654,96.716,28.817,0.725,0.0,0.0,0.0,92.741,1
20240115,5,142.665,140.525,139.822,97.867,31.968,0.0,0.335,0.0,0.0,104.866,1
20240116,5,114.974,110.572,110.019,96.493,26.13,2.365,0.0,0.0,0.0,82.514,1
20240117,5,154.514,150.794,150.04,96.354,35.167,0.921,0.0,0.0,0.0,112.53,1
20240118,5,136.638,133.987,133.317,99.361,30.157,0.447,0.0,0.0,0.0,99.987,1
20240119,5,97.893,94.779,94.305,97.606,21.994,1.707,0.0,0.0,0.0,70.729,1
20240120,5,110.751,107.863,107.324,98.709,24.605,1.124,0.0,0.0,0.0,80.493,1
20240121,5,114.006,110.272,109.72,98.626,25.35,1.802,0.0,0.0,0.0,82.29,1
20240122,5,116.878,114.483,113.91,95.221,26.917,0.558,0.0,0.0,0.0,85.433,1
20240123,5,135.649,133.614,132.946,99.387,29.931,0.0,0.0,0.0,0.0,99.709,1
20240124,5,110.425,108.242,107.7,97.032,24.957,0.484,0.0,0.0,0.0,80.775,1
20240125,5,118.87,114.158,113.587,96.702,26.957,2.501,0.0,0.0,0.0,85.19,1
20240126,5,129.041,123.458,122.841,100.0,28.298,2.87,0.0,0.0,0.0,92.131,1
20240127,5,121.595,118.335,117.743,96.907,27.517,1.199,0.0,0.0,0.0,88.308,1
20240128,5,124.627,121.188,120.582,95.096,28.74,1.279,0.0,0.0,0.0,90.437,1
20240129,5,118.958,114.636,114.063,97.099,26.867,2.166,0.0,0.117,0.0,85.547,1
20240130,5,131.643,128.488,127.845,98.556,29.292,0.91,0.0,0.0,0.0,95.884,1
20240131,5,140.7,137.108,136.423,97.984,31.49,1.069,0.0,0.0,0.0,102.317,1
20240201,5,127.415,121.311,120.705,97.415,28.683,3.341,0.409,0.0,0.0,90.529,1
20240202,5,120.586,118.777,118.183,98.5,26.847,0.0,0.0,0.0,0.0,88.637,1
20240203,5,115.007,112.582,112.019,97.998,25.736,0.618,0.0,0.0,0.0,84.014,1
20240204,5,134.093,129.197,128.551,96.101,30.6,2.184,0.0,0.0,0.0,96.413,1
20240205,5,133.528,129.574,128.926,94.747,30.906,1.484,0.0,0.0,0.0,96.695,1
20240206,5,115.309,112.843,112.279,98.057,25.788,0.648,0.0,0.0,0.0,84.209,1
20240207,5,120.671,118.861,118.267,95.296,27.769,0.0,0.0,0.0,0.0,88.7,1
20240208,5,128.258,124.957,124.332,98.898,28.44,1.09,0.0,0.0,0.0,93.249,1
20240209,5,113.548,111.485,110.928,96.798,25.724,0.322,0.0,0.0,0.0,83.196,1
20240210,5,138.402,133.034,132.369,97.825,31.026,2.415,0.0,0.0,0.0,99.277,1
20240211,5,128.728,126.797,126.163,96.581,29.229,0.0,0.0,0.0,0.0,94.622,1
20240212,5,145.945,139.985,139.285,100.0,32.005,2.623,0.0,0.0,0.0,104.464,1
20240213,5,153.568,148.54,147.797,99.835,33.733,1.801,0.0,0.0,0.0,110.848,1
20240214,5,122.128,119.087,118.491,100.0,26.782,1.005,0.0,0.0,0.0,88.869,1
20240215,5,115.359,113.476,112.909,97.207,26.025,0.134,0.0,0.0,0.0,84.682,1
20240216,5,89.935,87.324,86.887,95.093,20.74,1.425,0.0,0.0,0.0,65.165,1
20240217,5,109.16,106.948,106.413,95.683,25.019,0.535,0.0,0.0,0.0,79.81,1
20240218,5,118.302,115.892,115.312,98.534,26.33,0.546,0.0,0.0,0.0,86.484,1
20240219,5,134.027,130.511,129.858,97.269,30.217,1.141,0.0,0.0,0.0,97.394,1
20240220,5,114.73,111.826,111.267,95.661,26.301,1.047,0.7,0.0,0.0,83.45,1
20240221,5,105.196,102.879,102.365,95.311,24.204,0.713,0.0,0.0,0.0,76.773,1
20240222,5,117.786,116.019,115.439,95.028,27.182,0.0,0.0,0.0,0.0,86.579,1
20240223,5,119.573,117.779,117.19,97.939,26.774,0.0,0.0,0.0,0.0,87.893,1
20240224,5,134.888,132.256,131.595,98.049,30.169,0.459,0.517,0.0,0.0,98.696,1
20240225,5,143.415,137.797,137.108,100.0,31.451,2.454,0.0,0.0,0.0,102.831,1
20240226,5,122.868,118.963,118.369,98.392,27.385,1.703,0.0,0.0,0.0,88.776,1
20240227,5,120.101,115.561,114.984,95.675,27.529,2.314,0.0,0.0,0.0,86.238,1
20240228,5,135.513,131.226,130.57,98.625,30.132,1.689,0.304,0.0,0.0,97.927,1
20240229,5,125.001,120.012,119.412,95.393,28.736,2.529,0.0,0.0,0.0,89.559,1
20240301,5,137.103,131.785,131.126,94.246,31.902,2.415,0.0,0.0,0.0,98.344,1
20240302,5,130.419,127.084,126.449,99.661,28.698,1.073,0.0,0.0,0.0,94.837,1
20240303,5,126.999,124.487,123.864,97.176,28.66,0.485,0.0,0.0,0.0,92.898,1
20240304,5,107.122,105.237,104.711,96.912,24.24,0.264,0.0,0.0,0.0,78.533,1
20240305,5,95.624,92.264,91.803,96.574,21.714,2.044,0.0,0.0,0.0,68.852,1
20240306,5,158.087,155.716,154.938,99.68,34.779,0.0,0.0,0.0,0.0,116.203,1
20240307,5,101.215,99.181,98.685,97.543,22.755,0.517,0.0,0.0,0.0,74.014,1
20240308,5,122.388,120.342,119.74,97.739,27.46,0.174,0.0,0.0,0.0,89.805,1
20240309,5,123.191,118.39,117.798,97.793,27.625,2.433,0.0,0.0,0.0,88.349,1
20240310,5,125.217,121.716,121.107,95.936,28.623,1.316,0.0,0.0,0.0,90.83,1
20240311,5,110.22,105.893,105.364,99.416,24.313,2.462,0.0,0.0,0.0,79.023,1
20240312,5,114.618,112.898,112.334,96.862,25.95,0.0,0.0,0.0,0.0,84.25,1
20240313,5,130.479,127.01,126.375,97.716,29.283,1.176,0.0,0.0,0.0,94.781,1
20240314,5,132.75,130.758,130.105,95.192,30.582,0.0,0.0,0.0,0.0,97.578,1
20240315,5,126.827,122.516,121.903,96.664,28.773,1.929,0.0,0.0,0.0,91.427,1
20240316,5,110.674,107.772,107.233,96.354,25.189,1.14,0.0,0.0,0.0,80.425,1
20240317,5,106.794,104.02,103.5,95.701,24.472,1.114,0.0,0.0,0.0,77.625,1
20240318,5,113.127,107.465,106.927,96.833,25.62,3.558,0.0,0.0,0.0,80.196,1
20240319,5,128.255,124.837,124.213,99.891,28.157,1.183,0.0,0.0,0.0,93.16,1
20240320,5,127.353,122.051,121.441,98.552,28.339,2.704,0.0,0.0,0.0,91.08,1
20240321,5,116.746,113.089,112.524,95.184,26.898,1.657,0.0,0.0,0.0,84.393,1
20240322,5,127.738,125.822,125.193,98.145,28.542,0.0,0.0,0.0,0.0,93.895,1
20240323,5,125.136,123.085,122.469,99.597,27.553,0.141,0.0,0.0,0.0,91.852,1
20240324,5,110.184,105.842,105.312,98.119,24.627,2.478,0.0,0.0,0.0,78.984,1
20240325,5,124.769,119.133,118.537,95.823,28.554,3.063,0.0,0.0,0.0,88.903,1
20240326,5,110.913,107.923,107.383,96.372,25.239,1.214,0.0,0.0,0.0,80.538,1
20240327,5,125.78,122.561,121.948,99.46,27.733,1.075,0.0,0.0,0.0,91.461,1
20240328,5,107.319,103.986,103.466,98.604,23.868,1.63,0.0,0.0,0.0,77.599,1
20240329,5,121.036,117.424,116.837,98.408,26.972,1.506,0.0,0.0,0.0,87.628,1
20240330,5,108.108,103.515,102.998,97.851,24.228,2.79,0.505,0.0,0.0,77.248,1
20240331,5,111.645,109.97,109.42,96.741,25.308,0.0,0.0,0.0,0.0,82.065,1
20240401,5,122.55,118.174,117.583,100.0,26.875,2.102,0.0,0.0,0.0,88.187,1
20240402,5,112.465,109.749,109.2,98.752,24.975,0.929,0.0,0.0,0.0,81.9,1
20240403,5,83.214,79.599,79.201,95.785,19.052,2.887,0.0,0.0,0.0,59.401,1
20240404,5,111.701,106.562,106.029,94.116,26.027,3.148,0.0,0.0,0.0,79.522,1
20240405,5,125.067,119.398,118.801,97.146,28.233,3.079,0.0,0.123,0.0,89.101,1
20240406,5,112.645,108.79,108.246,97.525,25.33,1.952,0.0,0.0,0.0,81.185,1
20240407,5,100.137,95.513,95.036,95.914,22.896,3.165,0.0,0.0,0.0,71.277,1
20240408,5,87.686,86.371,85.939,96.623,19.902,0.0,0.0,0.0,0.0,64.454,1
20240409,5,113.783,110.778,110.224,97.601,25.566,1.158,0.0,0.0,0.0,82.668,1
20240410,5,104.953,99.934,99.434,100.0,23.016,3.332,0.0,0.001,0.0,74.575,1
20240411,5,91.038,89.477,89.03,98.039,20.364,0.217,0.0,0.0,0.0,66.772,1
20240412,5,109.859,106.691,106.158,96.203,25.043,1.405,0.0,0.0,0.0,79.618,1
20240413,5,90.722,88.126,87.685,96.23,20.675,1.382,0.0,0.0,0.0,65.764,1
20240414,5,113.369,108.782,108.238,100.0,24.862,2.585,0.0,0.0,0.0,81.179,1
20240415,5,120.74,117.803,117.214,97.849,27.06,0.947,0.0,0.0,0.0,87.911,1
20240416,5,85.301,83.75,83.332,98.345,19.021,0.323,0.0,0.0,0.0,62.499,1
20240417,5,108.897,105.929,105.399,97.872,24.4,1.245,0.0,0.0,0.0,79.05,1
20240418,5,109.186,106.48,105.948,98.611,24.282,0.993,0.0,0.0,0.0,79.461,1
20240419,5,100.021,97.522,97.034,96.651,22.694,1.014,0.0,0.225,0.0,72.776,1
20240420,5,105.566,103.983,103.463,98.128,23.592,0.0,0.0,0.0,0.0,77.597,1
20240421,5,106.331,104.737,104.213,100.0,23.318,0.0,0.0,0.375,0.0,78.16,1
20240422,5,109.539,107.366,106.829,98.405,24.411,0.491,0.0,0.0,0.0,80.122,1
20240423,5,100.01,95.92,95.44,97.047,22.599,2.629,0.0,0.0,0.0,71.58,1
20240424,5,88.507,86.539,86.106,94.876,20.457,0.734,0.0,0.0,0.0,64.58,1
20240425,5,102.345,100.764,100.26,97.814,22.946,0.045,0.0,0.0,0.0,75.195,1
20240426,5,96.303,92.957,92.492,94.178,22.425,2.004,0.0,0.0,0.0,69.369,1
20240427,5,108.232,106.559,106.026,98.325,24.14,0.046,0.0,0.0,0.0,79.52,1
20240428,5,89.987,87.175,86.739,97.348,20.272,1.65,0.0,0.0,0.0,65.054,1
20240429,5,94.042,91.218,90.762,97.093,21.241,1.526,0.0,0.0,0.0,68.072,1
20240430,5,99.881,96.541,96.058,95.414,22.957,1.873,0.0,0.0,0.0,72.044,1
20240501,5,99.206,95.195,94.719,99.355,21.897,2.582,0.0,0.0,0.0,71.039,1
20240502,5,109.184,105.541,105.013,95.695,25.021,1.865,0.547,0.0,0.0,78.76,1
20240503,5,88.604,86.595,86.162,100.0,19.431,0.779,0.0,0.0,0.0,64.621,1
20240504,5,74.235,72.222,71.861,95.872,16.981,1.23,0.0,0.0,0.0,53.896,1
20240505,5,91.876,90.498,90.046,98.797,20.394,0.0,0.0,0.0,0.0,67.534,1
20240506,5,126.038,123.482,122.865,98.255,28.131,0.536,0.0,0.0,0.0,92.149,1
20240507,5,90.29,88.935,88.491,96.317,20.557,0.0,0.0,0.0,0.0,66.368,1
20240508,5,88.333,84.743,84.319,98.892,19.588,2.604,0.0,0.0,0.0,63.239,1
20240509,5,91.493,89.462,89.015,98.449,20.38,0.731,0.0,0.0,0.0,66.761,1
20240510,5,96.751,93.301,92.835,98.73,21.49,2.098,0.0,0.0,0.0,69.626,1
20240511,5,95.267,93.153,92.687,96.793,21.584,0.731,0.0,0.0,0.0,69.515,1
20240512,5,92.329,89.728,89.279,99.037,20.444,1.338,0.0,0.0,0.0,66.959,1
20240513,5,100.106,96.792,96.308,97.415,22.536,1.838,0.0,0.0,0.0,72.231,1
20240514,5,109.888,105.617,105.089,97.513,24.713,2.423,0.0,0.0,0.0,78.817,1
20240515,5,106.112,103.461,102.943,98.447,23.637,1.014,0.0,0.0,0.0,77.208,1
20240516,5,93.364,91.964,91.504,96.948,21.119,0.0,0.0,0.0,0.0,68.628,1
20240517,5,95.135,93.708,93.24,95.367,21.876,0.0,0.0,0.0,0.0,69.93,1
20240518,5,96.131,92.644,92.181,96.449,21.858,2.16,0.0,0.0,0.0,69.136,1
20240519,5,85.911,84.622,84.199,96.013,19.622,0.0,0.342,0.0,0.0,63.149,1
20240520,5,93.359,91.671,91.212,99.264,20.625,0.313,0.0,0.0,0.0,68.409,1
20240521,5,97.137,92.753,92.289,96.633,22.044,3.059,0.0,0.0,0.0,69.217,1
20240522,5,83.674,79.856,79.457,99.748,18.396,3.109,0.0,0.0,0.0,59.593,1
20240523,5,96.426,93.246,92.78,97.054,21.788,1.826,0.0,0.0,0.0,69.585,1
20240524,5,92.826,91.434,90.977,98.792,20.606,0.0,0.0,0.0,0.0,68.232,1
20240525,5,90.532,86.521,86.088,95.206,20.853,2.976,0.0,0.0,0.0,64.566,1
20240526,5,82.09,79.926,79.527,95.57,18.837,1.154,0.686,0.0,0.0,59.645,1
20240527,5,106.055,102.639,102.126,98.817,23.536,1.747,0.0,0.0,0.0,76.594,1
20240528,5,79.064,76.534,76.152,96.564,17.955,1.725,0.0,0.0,0.0,57.114,1
20240529,5,72.975,71.881,71.521,95.688,16.725,0.0,0.0,0.0,0.0,53.641,1
20240530,5,91.902,90.524,90.071,100.0,20.154,0.0,0.0,0.0,0.0,67.553,1
20240531,5,75.144,72.788,72.424,95.658,17.227,1.661,0.0,0.0,0.0,54.318,1
20240601,5,82.719,79.747,79.348,97.722,18.563,2.124,0.0,0.0,0.0,59.511,1
20240602,5,90.519,86.506,86.073,98.607,20.131,2.978,0.0,0.0,0.0,64.555,1
20240603,5,85.193,83.915,83.496,96.698,19.321,0.0,0.0,0.0,0.0,62.622,1
20240604,5,88.735,85.628,85.2,98.288,19.798,2.032,0.294,0.0,0.0,63.9,1
20240605,5,101.444,97.679,97.19,98.995,22.472,2.245,0.0,0.0,0.0,72.893,1
20240606,5,116.397,113.635,113.066,99.327,25.699,0.887,0.0,0.0,0.0,84.8,1
20240607,5,87.604,86.29,85.859,98.267,19.55,0.0,0.0,0.0,0.0,64.394,1
20240608,5,74.883,73.439,73.071,97.297,16.878,0.436,0.0,0.0,0.0,54.803,1
20240609,5,82.661,80.449,80.047,97.515,18.589,1.194,0.0,0.0,0.0,60.035,1
20240610,5,100.523,98.044,97.554,99.706,22.109,0.98,0.0,0.0,0.0,73.166,1
20240611,5,93.883,91.626,91.168,98.085,20.99,0.919,0.0,0.0,0.0,68.376,1
20240612,5,91.811,88.474,88.031,97.461,20.659,2.168,0.0,0.0,0.0,66.023,1
20240613,5,79.716,77.687,77.299,94.868,18.427,1.061,0.0,0.0,0.0,57.974,1
20240614,5,80.215,79.012,78.617,97.33,18.074,0.0,0.0,0.0,0.0,58.963,1
20240615,5,82.682,79.401,79.004,97.46,18.605,2.507,0.0,0.0,0.0,59.253,1
20240616,5,91.311,89.941,89.491,98.341,20.362,0.0,0.0,0.0,0.0,67.119,1
20240617,5,77.224,75.086,74.711,95.474,17.738,1.287,0.25,0.0,0.0,56.033,1
20240618,5,78.733,76.057,75.677,95.896,18.005,1.928,0.0,0.0,0.0,56.757,1
20240619,5,87.171,82.903,82.489,98.723,19.364,3.448,0.0,0.0,0.0,61.867,1
20240620,5,74.664,72.953,72.588,99.427,16.468,0.803,0.0,0.0,0.0,54.441,1
20240621,5,99.206,97.214,96.727,97.017,22.424,0.516,0.0,0.0,0.0,72.546,1
20240622,5,80.203,79.0,78.605,99.165,17.736,0.0,0.0,0.0,0.0,58.954,1
20240623,5,85.676,82.932,82.517,95.766,19.619,1.728,0.0,0.353,0.0,61.888,1
20240624,5,91.061,89.225,88.779,97.305,20.523,0.524,0.0,0.0,0.0,66.584,1
20240625,5,95.712,93.763,93.294,99.354,21.126,0.545,0.0,0.0,0.0,69.97,1
20240626,5,73.335,70.22,69.869,96.796,16.615,2.79,0.0,0.0,0.0,52.401,1
20240627,5,84.823,80.483,80.08,100.0,18.601,3.671,0.0,0.0,0.0,60.06,1
20240628,5,77.648,74.621,74.248,96.468,17.651,2.435,0.0,0.0,0.0,55.686,1
20240629,5,75.64,73.398,73.031,98.482,16.843,1.487,0.0,0.0,0.0,54.773,1
20240630,5,88.17,84.274,83.852,97.58,19.815,2.964,0.0,0.0,0.0,62.889,1
20240701,5,77.545,76.382,76.0,99.753,17.048,0.0,0.0,0.0,0.0,57.0,1
20240702,5,73.53,72.094,71.734,96.807,16.657,0.459,0.0,0.0,0.0,53.8,1
20240703,5,78.352,74.306,73.934,95.516,17.989,3.72,0.0,0.0,0.0,55.451,1
20240704,5,92.342,90.819,90.365,98.745,20.508,0.152,0.0,0.0,0.0,67.774,1
20240705,5,75.018,72.885,72.521,98.866,16.64,1.363,0.0,0.0,0.0,54.391,1
20240706,5,81.651,78.59,78.197,95.746,18.702,2.283,0.0,0.0,0.0,58.648,1
20240707,5,80.227,77.331,76.944,98.424,17.875,2.142,0.0,0.0,0.0,57.708,1
20240708,5,92.758,90.31,89.858,100.0,20.342,1.156,0.0,0.0,0.0,67.394,1
20240709,5,77.414,74.656,74.282,95.688,17.742,2.095,0.0,0.0,0.0,55.712,1
20240710,5,90.275,88.166,87.725,98.877,20.022,0.849,0.0,0.203,0.0,65.794,1
20240711,5,76.835,74.994,74.619,100.0,16.85,0.909,0.0,0.0,0.0,55.964,1
20240712,5,92.901,90.119,89.668,94.25,21.616,1.517,0.0,0.0,0.0,67.251,1
20240713,5,81.654,79.755,79.356,100.0,17.907,0.839,0.0,0.0,0.0,59.517,1
20240714,5,86.372,85.077,84.651,97.767,19.374,0.0,0.0,0.0,0.0,63.488,1
20240715,5,83.229,80.966,80.561,98.41,18.547,1.238,0.0,0.0,0.0,60.421,1
20240716,5,85.039,81.52,81.112,99.291,18.782,2.679,0.0,0.0,0.0,60.834,1
20240717,5,103.582,99.803,99.304,100.0,22.715,2.181,0.0,0.0,0.0,74.478,1
20240718,5,96.731,93.54,93.072,97.97,21.653,1.827,0.0,0.0,0.0,69.804,1
20240719,5,77.164,76.006,75.626,97.006,17.444,0.0,0.0,0.0,0.0,56.72,1
20240720,5,81.473,79.106,78.711,97.104,18.4,1.426,0.0,0.0,0.0,59.033,1
20240721,5,82.087,80.306,79.905,96.127,18.727,0.679,0.0,0.0,0.0,59.928,1
20240722,5,82.952,80.084,79.683,96.401,18.87,1.987,0.011,0.0,0.0,59.763,1
20240723,5,91.135,88.089,87.648,99.82,20.022,1.871,0.0,0.0,0.0,65.736,1
20240724,5,89.556,88.212,87.771,96.769,20.295,0.0,0.0,0.0,0.0,65.829,1
20240725,5,96.815,92.929,92.464,95.626,22.202,2.552,0.0,0.0,0.0,69.348,1
20240726,5,97.312,92.132,91.671,98.294,21.711,3.881,0.0,0.0,0.0,68.754,1
20240727,5,90.893,88.725,88.281,96.149,20.731,0.899,0.0,0.0,0.0,66.211,1
20240728,5,72.045,70.406,70.054,98.08,16.109,0.787,0.0,0.0,0.0,52.541,1
20240729,5,78.378,76.436,76.054,96.208,17.866,0.992,0.0,0.0,0.0,57.041,1
20240730,5,81.038,77.881,77.492,98.081,18.119,2.432,0.0,0.0,0.0,58.119,1
20240731,5,94.156,92.116,91.655,95.972,21.515,0.677,0.0,0.0,0.0,68.742,1
20240801,5,80.037,78.521,78.128,98.296,17.856,0.4,0.0,0.0,0.0,58.596,1
20240802,5,90.502,89.118,88.672,97.828,20.287,0.029,0.0,0.0,0.0,66.504,1
20240803,5,89.831,87.113,86.677,96.302,20.456,1.549,0.0,0.0,0.0,65.008,1
20240804,5,98.294,96.82,96.336,95.956,22.464,0.0,0.0,0.0,0.0,72.252,1
20240805,5,77.746,73.962,73.592,96.065,17.748,3.419,0.0,0.0,0.0,55.194,1
20240806,5,73.814,71.751,71.392,96.773,16.727,1.315,0.0,0.0,0.0,53.544,1
20240807,5,84.512,82.233,81.822,94.779,19.554,1.214,0.0,0.0,0.0,61.366,1
20240808,5,98.817,96.089,95.608,98.195,22.069,1.28,0.0,0.0,0.0,71.706,1
20240809,5,92.782,91.39,90.933,98.196,20.721,0.0,0.0,0.0,0.0,68.2,1
20240810,5,81.83,78.205,77.814,98.561,18.207,2.975,0.0,0.0,0.0,58.36,1
20240811,5,91.639,88.347,87.905,97.15,20.686,2.124,0.0,0.0,0.0,65.929,1
20240812,5,106.107,104.516,103.993,100.0,23.269,0.0,0.0,0.0,0.0,77.995,1
20240813,5,96.893,94.396,93.924,98.485,21.575,1.093,0.0,0.0,0.0,70.443,1
20240814,5,90.736,88.436,87.993,98.674,20.166,1.051,0.0,0.0,0.0,65.995,1
20240815,5,99.591,95.478,95.0,98.448,22.185,2.671,0.0,0.0,0.0,71.25,1
20240816,5,92.911,89.056,88.611,97.921,20.808,2.689,0.0,0.0,0.0,66.458,1
20240817,5,85.791,83.994,83.574,99.143,18.977,0.604,0.0,0.0,0.0,62.68,1
20240818,5,97.54,94.183,93.712,97.185,22.01,1.971,0.0,0.0,0.0,70.284,1
20240819,5,101.121,97.716,97.227,94.289,23.519,1.896,0.0,0.0,0.0,72.92,1
20240820,5,85.298,83.823,83.404,97.495,19.186,0.233,0.0,0.0,0.0,62.553,1
20240821,5,97.609,96.1,95.619,95.171,22.492,0.047,0.0,0.0,0.0,71.714,1
20240822,5,105.722,103.847,103.328,96.068,24.133,0.278,0.0,0.0,0.0,77.496,1
20240823,5,90.119,88.45,88.008,97.733,20.221,0.357,0.0,0.0,0.0,66.006,1
20240824,5,95.705,93.276,92.809,97.332,21.563,1.054,0.0,0.0,0.0,69.607,1
20240825,5,102.059,99.323,98.826,99.34,22.53,1.199,0.0,0.0,0.0,74.119,1
20240826,5,89.627,86.964,86.529,97.134,20.235,1.493,0.0,0.0,0.0,64.897,1
20240827,5,98.104,96.633,96.149,97.324,22.106,0.0,0.0,0.0,0.0,72.112,1
20240828,5,68.35,66.246,65.915,97.298,15.405,1.602,0.0,0.0,0.0,49.436,1
20240829,5,85.474,84.192,83.771,95.35,19.658,0.0,0.0,0.0,0.0,62.828,1
20240830,5,85.182,82.977,82.562,97.24,19.21,1.105,0.0,0.0,0.0,61.922,1
20240831,5,108.109,103.682,103.163,96.851,24.479,2.634,0.0,0.0,0.0,77.373,1
20240901,5,103.709,101.167,100.662,97.092,23.424,0.965,0.0,0.0,0.0,75.496,1
20240902,5,103.825,101.919,101.41,98.845,23.035,0.341,0.69,0.0,0.0,76.057,1
20240903,5,86.749,84.848,84.423,95.816,19.855,0.703,0.0,0.254,0.0,63.318,1
20240904,5,89.253,87.914,87.474,94.232,20.771,0.0,0.0,0.0,0.0,65.606,1
20240905,5,91.828,89.005,88.56,97.113,20.736,1.598,0.0,0.0,0.0,66.42,1
20240906,5,82.546,80.008,79.608,96.663,18.727,1.599,0.117,0.0,0.0,59.706,1
20240907,5,90.329,87.52,87.083,98.826,20.044,1.634,0.0,0.0,0.0,65.312,1
20240908,5,97.126,94.894,94.42,98.466,21.631,0.81,0.0,0.0,0.0,70.815,1
20240909,5,82.403,81.166,80.761,95.359,18.95,0.0,0.0,0.0,0.0,60.57,1
20240910,5,104.595,102.081,101.57,96.269,23.827,0.918,0.0,0.0,0.0,76.178,1
20240911,5,109.939,108.29,107.748,98.57,24.459,0.0,0.0,0.0,0.0,80.811,1
20240912,5,107.899,104.644,104.12,96.978,24.4,1.54,0.0,0.0,0.0,78.09,1
20240913,5,83.631,81.96,81.55,98.111,18.693,0.506,0.0,0.0,0.0,61.162,1
20240914,5,80.262,78.08,77.689,96.859,18.172,1.237,0.0,0.0,0.0,58.267,1
20240915,5,104.504,100.52,100.017,97.195,23.579,2.348,0.0,0.0,0.0,75.013,1
20240916,5,98.477,96.701,96.218,96.665,22.341,0.307,0.0,0.0,0.0,72.163,1
20240917,5,100.037,97.99,97.5,100.0,21.938,0.554,0.0,0.0,0.0,73.125,1
20240918,5,107.615,104.741,104.218,97.54,24.195,1.188,0.0,0.0,0.0,78.163,1
20240919,5,94.806,92.892,92.427,97.529,21.318,0.527,0.0,0.0,0.0,69.32,1
20240920,5,105.095,101.369,100.862,95.025,24.254,2.077,0.0,0.0,0.0,75.647,1
20240921,5,97.222,93.652,93.183,96.697,22.049,2.205,0.0,0.0,0.0,69.888,1
20240922,5,87.809,85.463,85.036,97.099,19.832,1.189,0.0,0.0,0.0,63.777,1
20240923,5,96.849,94.681,94.208,97.91,21.692,0.75,0.0,0.0,0.0,70.656,1
20240924,5,89.843,87.284,86.848,95.099,20.718,1.368,0.0,0.0,0.0,65.136,1
20240925,5,92.733,89.759,89.31,97.619,20.832,1.733,0.0,0.0,0.0,66.983,1
20240926,5,92.061,88.148,87.707,97.646,20.676,2.793,0.0,0.0,0.0,65.78,1
20240927,5,103.135,101.588,101.08,97.547,23.186,0.0,0.0,0.0,0.0,75.81,1
20240928,5,98.719,96.872,96.388,97.338,22.241,0.376,0.0,0.0,0.0,72.291,1
20240929,5,108.384,103.886,103.366,96.784,24.558,2.691,0.0,0.0,0.0,77.525,1
20240930,5,97.793,95.2,94.724,99.021,21.658,1.17,0.0,0.0,0.0,71.043,1
20241001,5,98.414,94.944,94.47,94.444,22.852,2.056,0.587,0.0,0.0,70.852,1
20241002,5,104.019,101.16,100.654,99.094,23.02,1.268,0.0,0.0,0.0,75.491,1
20241003,5,119.65,114.802,114.228,98.246,26.707,2.591,0.0,0.0,0.0,85.671,1
20241004,5,111.644,109.969,109.419,97.976,24.989,0.0,0.0,0.0,0.0,82.064,1
20241005,5,106.879,105.276,104.75,97.259,24.099,0.0,0.0,0.0,0.0,78.562,1
20241006,5,86.395,84.667,84.243,99.37,19.067,0.508,0.0,0.0,0.0,63.183,1
20241007,5,112.453,110.766,110.212,97.08,25.402,0.0,0.0,0.0,0.0,82.659,1
20241008,5,101.963,100.199,99.698,96.828,23.093,0.233,0.0,0.0,0.0,74.774,1
20241009,5,98.255,94.748,94.274,97.925,22.004,2.1,0.0,0.0,0.0,70.706,1
20241010,5,103.044,97.97,97.48,98.405,22.964,3.477,0.0,0.0,0.0,73.11,1
20241011,5,78.402,77.226,76.84,94.69,18.158,0.0,0.0,0.0,0.0,57.63,1
20241012,5,93.143,88.84,88.396,96.113,21.252,3.167,0.0,0.0,0.0,66.297,1
20241013,5,87.275,84.504,84.082,95.449,20.052,1.701,0.0,0.0,0.0,63.061,1
20241014,5,107.592,104.053,103.533,97.844,24.114,1.816,0.0,0.0,0.0,77.65,1
20241015,5,102.806,99.772,99.274,95.7,23.558,1.473,0.0,0.0,0.0,74.455,1
20241016,5,107.206,103.923,103.403,98.837,23.787,1.586,0.0,0.0,0.0,77.552,1
20241017,5,112.148,108.255,107.713,98.267,25.028,2.002,0.0,0.0,0.0,80.785,1
20241018,5,89.065,86.841,86.406,97.32,20.07,1.012,0.0,0.0,0.0,64.805,1
20241019,5,111.661,109.547,108.999,94.857,25.815,0.4,0.0,0.0,0.0,81.749,1
20241020,5,109.569,106.106,105.575,97.69,24.596,1.686,0.0,0.0,0.0,79.181,1
20241021,5,105.971,102.392,101.88,94.049,24.71,1.906,0.0,0.0,0.0,76.41,1
20241022,5,120.743,115.232,114.656,96.022,27.576,3.111,0.0,0.0,0.0,85.992,1
20241023,5,106.235,103.859,103.339,94.429,24.672,0.749,0.0,0.0,0.0,77.504,1
20241024,5,96.378,94.284,93.813,99.933,21.15,0.683,0.0,0.0,0.0,70.359,1
20241025,5,102.172,100.64,100.136,99.479,22.523,0.0,0.0,0.0,0.0,75.102,1
20241026,5,106.37,104.046,103.525,98.143,23.768,0.695,0.0,0.0,0.0,77.644,1
20241027,5,114.384,107.604,107.066,99.719,25.155,4.496,0.0,0.0,0.0,80.299,1
20241028,5,106.318,102.31,101.798,97.214,23.984,2.305,0.0,0.137,0.0,76.349,1
20241029,5,118.261,114.564,113.991,99.116,26.166,1.652,0.0,0.0,0.0,85.493,1
20241030,5,122.479,119.702,119.103,95.833,28.027,0.779,0.0,0.0,0.0,89.328,1
20241031,5,97.09,95.137,94.662,95.727,22.242,0.519,0.0,0.0,0.0,70.996,1
20241101,5,117.194,111.944,111.385,97.83,26.271,3.025,0.0,0.0,0.0,83.538,1
20241102,5,111.426,109.754,109.205,98.293,24.86,0.0,0.0,0.0,0.0,81.904,1
20241103,5,106.351,103.171,102.655,99.222,23.505,1.513,0.0,0.0,0.0,76.991,1
20241104,5,124.219,120.448,119.846,94.944,28.692,1.559,0.0,0.0,0.0,89.884,1
20241105,5,101.548,98.613,98.12,97.676,22.799,1.412,0.0,0.0,0.0,73.59,1
20241106,5,107.555,104.701,104.177,95.037,24.818,1.171,0.0,0.0,0.0,78.133,1
20241107,5,109.204,105.725,105.196,95.968,24.954,1.711,0.0,0.0,0.0,78.897,1
20241108,5,108.744,107.112,106.577,98.789,24.14,0.0,0.0,0.0,0.0,79.933,1
20241109,5,112.561,110.873,110.319,98.606,25.034,0.0,0.0,0.0,0.0,82.739,1
20241110,5,107.326,103.412,102.895,96.776,24.321,2.18,0.0,0.0,0.0,77.171,1
20241111,5,117.614,115.85,115.271,98.985,26.057,0.0,0.0,0.0,0.0,86.453,1
20241112,5,109.84,105.577,105.049,95.932,25.109,2.418,0.0,0.0,0.0,78.787,1
20241113,5,110.158,104.847,104.322,95.97,25.172,3.372,0.0,0.0,0.0,78.242,1
20241114,5,121.386,115.223,114.647,96.938,27.461,3.632,0.0,0.0,0.0,85.985,1
20241115,5,132.605,128.273,127.632,97.89,29.707,1.793,0.0,0.0,0.0,95.724,1
20241116,5,111.548,107.306,106.769,96.234,25.42,2.338,0.0,0.0,0.0,80.077,1
20241117,5,138.758,134.697,134.023,98.281,30.962,1.448,0.0,0.0,0.0,100.517,1
20241118,5,105.125,103.241,102.724,97.078,23.748,0.297,0.0,0.0,0.0,77.043,1
20241119,5,131.404,128.993,128.348,97.093,29.679,0.34,0.0,0.0,0.0,96.261,1
20241120,5,99.446,97.593,97.105,95.417,22.856,0.369,0.0,0.0,0.0,72.829,1
20241121,5,105.131,103.135,102.619,97.094,23.745,0.405,0.0,0.0,0.0,76.964,1
20241122,5,104.853,101.771,101.262,96.949,23.718,1.461,0.0,0.0,0.0,75.947,1
20241123,5,120.93,117.721,117.133,98.794,26.843,1.171,0.007,0.0,0.0,87.849,1
20241124,5,124.162,121.698,121.089,98.327,27.692,0.492,0.0,0.0,0.0,90.817,1
20241125,5,130.329,127.374,126.737,97.747,29.24,0.78,0.0,0.0,0.0,95.053,1
20241126,5,130.393,127.01,126.375,98.037,29.168,1.111,0.584,0.0,0.0,94.782,1
20241127,5,116.082,112.453,111.891,98.046,25.964,1.651,0.0,0.0,0.0,83.918,1
20241128,5,124.616,120.418,119.816,93.971,29.081,1.897,0.0,0.0,0.0,89.862,1
20241129,5,130.738,125.544,124.916,97.009,29.555,2.511,0.0,0.0,0.0,93.687,1
20241130,5,132.815,130.823,130.169,99.253,29.345,0.0,0.0,0.0,0.0,97.627,1
20241201,5,111.75,107.963,107.423,97.689,25.086,1.918,0.0,0.0,0.0,80.567,1
20241202,5,117.876,111.62,111.062,96.201,26.871,3.865,0.0,0.0,0.0,83.296,1
20241203,5,134.193,129.485,128.838,99.169,29.675,2.039,0.0,0.0,0.0,96.628,1
20241204,5,116.155,114.168,113.597,97.063,26.243,0.214,0.0,0.0,0.0,85.198,1
20241205,5,117.709,114.156,113.585,97.573,26.455,1.541,0.0,0.0,0.0,85.189,1
20241206,5,119.609,116.335,115.753,96.259,27.249,1.256,0.0,0.0,0.0,86.815,1
20241207,5,134.517,130.254,129.603,95.621,30.85,1.694,0.0,0.0,0.0,97.202,1
20241208,5,116.503,114.171,113.6,99.213,25.752,0.509,0.0,0.0,0.0,85.2,1
20241209,5,121.475,119.239,118.642,98.128,27.148,0.346,0.0,0.0,0.0,88.982,1
20241210,5,113.871,109.744,109.195,96.809,25.795,2.156,0.0,0.0,0.0,81.896,1
20241211,5,125.163,122.125,121.515,98.075,27.987,0.941,0.0,0.0,0.0,91.136,1
20241212,5,118.052,116.281,115.7,95.941,26.984,0.0,0.0,0.0,0.0,86.775,1
20241213,5,118.732,116.951,116.366,99.822,26.084,0.0,0.0,0.0,0.0,87.275,1
20241214,5,115.285,110.352,109.8,97.203,26.009,2.821,0.0,0.0,0.0,82.35,1
20241215,5,137.9,133.439,132.772,99.037,30.535,1.761,0.0,0.0,0.0,99.579,1
20241216,5,139.82,131.718,131.059,100.0,30.662,4.36,0.0,0.0,0.0,98.294,1
20241217,5,126.22,122.733,122.12,97.066,28.516,1.281,0.0,0.0,0.0,91.59,1
20241218,5,103.181,99.059,98.564,96.706,23.398,2.533,0.0,0.0,0.0,73.923,1
20241219,5,116.69,114.94,114.365,100.0,25.59,0.0,0.0,0.0,0.0,85.774,1
20241220,5,120.156,118.354,117.762,99.075,26.596,0.0,0.0,0.17,0.0,88.322,1
20241221,5,127.704,121.918,121.309,99.612,28.114,3.076,0.0,0.0,0.0,90.982,1
20241222,5,108.799,106.253,105.722,96.042,24.843,0.853,0.0,0.0,0.0,79.291,1
20241223,5,124.24,120.878,120.274,96.29,28.295,1.224,0.0,0.0,0.0,90.205,1
20241224,5,112.404,107.706,107.168,97.897,25.18,2.72,0.0,0.0,0.0,80.376,1
20241225,5,158.223,154.111,153.34,100.0,34.698,1.116,0.0,0.0,0.0,115.005,1
20241226,5,131.178,128.119,127.478,96.87,29.697,0.845,0.0,0.0,0.0,95.608,1
20241227,5,135.392,129.331,128.684,96.232,30.854,3.022,0.0,0.0,0.0,96.513,1
20241228,5,108.335,106.71,106.177,95.448,24.891,0.0,0.0,0.0,0.0,79.633,1
20241229,5,117.022,115.205,114.629,99.35,25.831,0.053,0.0,0.0,0.0,85.972,1
20241230,5,138.852,134.53,133.857,100.0,30.45,1.637,0.0,0.0,0.0,100.393,1
20241231,5,128.407,124.174,123.553,98.1,28.705,1.824,0.0,0.0,0.0,92.665,1
20250101,5,133.453,129.702,129.053,96.868,30.212,1.331,0.0,0.0,0.0,96.79,1
20250102,5,157.95,154.14,153.369,93.744,36.95,0.926,0.0,0.0,0.0,115.027,1
20250103,5,125.158,122.523,121.91,97.637,28.111,0.615,0.0,0.0,0.0,91.432,1
20250104,5,152.887,147.462,146.724,97.122,34.521,2.08,0.0,0.0,0.0,110.043,1
20250105,5,130.982,128.651,128.007,95.959,29.934,0.284,0.0,0.0,0.0,96.006,1
20250106,5,134.003,131.935,131.275,96.083,30.585,0.044,0.0,0.0,0.0,98.456,1
20250107,5,117.725,114.606,114.033,96.669,26.706,1.166,0.0,0.0,0.0,85.525,1
20250108,5,114.387,110.952,110.398,98.465,25.476,1.526,0.0,0.0,0.0,82.798,1
20250109,5,149.982,147.732,146.993,97.264,33.816,0.0,0.0,0.0,0.0,110.245,1
20250110,5,124.117,119.468,118.871,96.602,28.176,2.28,0.0,0.0,0.0,89.153,1
20250111,5,144.172,139.678,138.98,98.889,31.972,1.641,0.103,0.0,0.0,104.235,1
20250112,5,95.913,91.599,91.141,94.615,22.231,3.043,0.259,0.0,0.0,68.356,1
20250113,5,133.435,129.047,128.402,97.126,30.128,1.815,0.0,0.0,0.0,96.302,1
20250114,5,117.115,115.358,114.782,96.675,26.567,0.0,0.0,0.0,0.0,86.086,1
20250115,5,124.328,121.738,121.129,97.891,27.852,0.592,0.0,0.0,0.0,90.847,1
20250116,5,126.401,124.505,123.883,96.759,28.648,0.0,0.0,0.0,0.0,92.912,1
20250117,5,120.788,116.575,115.992,97.18,27.257,2.018,0.214,0.0,0.0,86.994,1
20250118,5,116.999,115.181,114.605,95.136,26.969,0.054,0.0,0.0,0.0,85.954,1
20250119,5,133.71,128.449,127.807,99.102,29.588,2.472,0.0,0.0,0.0,95.855,1
20250120,5,112.425,107.269,106.732,97.446,25.301,3.133,0.0,0.0,0.0,80.049,1
20250121,5,129.236,124.985,124.361,96.093,29.493,1.817,0.0,0.0,0.0,93.27,1
20250122,5,132.914,128.741,128.097,96.984,30.054,1.665,0.0,0.0,0.0,96.073,1
20250123,5,112.2,109.65,109.102,96.961,25.376,0.784,0.0,0.0,0.0,81.826,1
20250124,5,115.927,112.4,111.838,97.184,26.159,1.566,0.0,0.0,0.0,83.878,1
20250125,5,133.004,128.994,128.349,98.243,29.689,1.538,0.0,0.0,0.0,96.262,1
20250126,5,131.639,127.77,127.132,93.86,30.757,1.461,0.0,0.0,0.0,95.349,1
20250127,5,111.603,109.929,109.379,99.316,24.643,0.0,0.0,0.0,0.0,82.035,1
20250128,5,152.444,148.43,147.687,95.337,35.066,1.151,0.0,0.0,0.0,110.766,1
20250129,5,124.144,122.282,121.671,99.206,27.443,0.0,0.0,0.0,0.0,91.253,1
20250130,5,123.249,118.892,118.297,97.107,27.834,2.067,0.0,0.0,0.0,88.723,1
20250131,5,131.966,125.918,125.288,98.492,29.383,3.13,0.0,0.0,0.0,93.966,1
20250201,5,106.575,102.802,102.288,98.234,23.792,2.071,0.0,0.0,0.0,76.716,1
20250202,5,129.153,127.216,126.58,98.145,28.858,0.0,0.0,0.0,0.0,94.935,1
20250203,5,146.797,140.849,140.144,98.175,32.791,2.591,0.0,0.0,0.0,105.108,1
20250204,5,137.393,133.066,132.401,96.109,31.35,1.674,0.0,0.0,0.0,99.301,1
20250205,5,116.539,111.01,110.455,98.433,25.963,3.294,0.0,0.0,0.0,82.841,1
20250206,5,145.824,141.984,141.274,100.0,31.979,1.151,0.0,0.0,0.0,105.955,1
20250207,5,112.923,110.628,110.075,100.0,24.764,0.54,0.0,0.0,0.0,82.556,1
20250208,5,133.215,128.913,128.269,93.833,31.134,1.755,0.0,0.0,0.0,96.202,1
20250209,5,137.27,129.782,129.133,95.859,31.403,4.015,0.0,0.0,0.0,96.85,1
20250210,5,133.892,129.134,128.488,96.811,30.33,2.085,0.0,0.0,0.0,96.366,1
20250211,5,122.38,118.586,117.993,95.07,28.229,1.625,0.0,0.0,0.0,88.495,1
20250212,5,102.152,99.161,98.665,98.449,22.755,1.45,0.0,0.0,0.0,73.999,1
20250213,5,121.453,118.08,117.49,98.985,26.907,1.297,0.0,0.0,0.0,88.117,1
20250214,5,126.447,123.807,123.188,97.072,28.566,0.597,0.0,0.0,0.0,92.391,1
20250215,5,131.382,127.283,126.647,96.179,29.956,1.644,0.0,0.0,0.0,94.985,1
20250216,5,120.675,118.706,118.113,95.256,27.782,0.133,0.0,0.0,0.0,88.585,1
20250217,5,107.401,105.79,105.261,97.121,24.251,0.0,0.0,0.0,0.0,78.946,1
20250218,5,127.927,126.008,125.378,96.179,29.169,0.0,0.0,0.0,0.0,94.034,1
20250219,5,127.655,121.788,121.179,99.509,28.133,3.143,0.0,0.0,0.0,90.884,1
20250220,5,120.684,118.874,118.28,96.985,27.288,0.0,0.0,0.0,0.0,88.71,1
20250221,5,123.53,120.611,120.008,98.206,27.585,0.876,0.0,0.0,0.0,90.006,1
20250222,5,135.599,132.305,131.644,97.41,30.527,0.943,0.0,0.0,0.0,98.733,1
20250223,5,133.949,130.494,129.842,95.407,30.789,1.095,0.0,0.0,0.0,97.381,1
20250224,5,104.627,100.378,99.876,93.92,24.43,2.6,0.0,0.0,0.0,74.907,1
20250225,5,135.605,129.672,129.024,98.395,30.223,2.919,0.0,0.0,0.0,96.768,1
20250226,5,126.904,122.018,121.408,100.0,27.83,2.386,0.0,0.0,0.0,91.056,1
20250227,5,115.324,111.025,110.47,100.0,25.29,2.261,0.0,0.0,0.0,82.853,1
20250228,5,108.122,103.197,102.681,95.011,24.956,3.102,0.0,0.0,0.0,77.011,1
20250301,5,129.978,126.803,126.169,97.386,29.269,0.957,0.0,0.0,0.0,94.627,1
20250302,5,142.033,139.463,138.766,99.587,31.277,0.314,0.0,0.0,0.0,104.075,1
20250303,5,116.449,114.466,113.893,99.459,25.676,0.206,0.0,0.283,0.0,85.42,1
20250304,5,132.919,130.926,130.271,97.46,29.909,0.0,0.0,0.0,0.0,97.703,1
20250305,5,127.403,124.799,124.175,94.526,29.557,0.552,0.0,0.0,0.0,93.131,1
20250306,5,125.172,121.145,120.539,97.381,28.188,1.743,0.0,0.0,0.0,90.405,1
20250307,5,122.958,119.912,119.313,96.792,27.858,0.992,0.0,0.0,0.0,89.484,1
20250308,5,133.597,128.524,127.882,97.64,30.006,2.332,0.0,0.0,0.0,95.911,1
20250309,5,111.002,106.743,106.209,95.936,25.374,2.373,0.0,0.0,0.0,79.657,1
20250310,5,124.732,119.717,119.118,97.36,28.095,2.559,0.0,0.0,0.0,89.339,1
20250311,5,121.407,119.586,118.988,100.0,26.624,0.0,0.0,0.0,0.0,89.241,1
20250312,5,113.559,109.381,108.834,97.152,25.633,2.212,0.0,0.0,0.0,81.626,1
20250313,5,119.139,117.352,116.765,97.52,26.791,0.0,0.0,0.0,0.0,87.574,1
20250314,5,121.498,118.227,117.636,97.228,27.404,1.21,0.0,0.0,0.0,88.227,1
20250315,5,117.281,113.758,113.189,99.59,25.825,1.527,0.0,0.0,0.0,84.892,1
20250316,5,117.644,114.286,113.714,97.282,26.52,1.375,0.0,0.0,0.0,85.286,1
20250317,5,118.018,114.72,114.146,97.988,26.413,1.314,0.0,0.0,0.0,85.61,1
20250318,5,136.254,131.055,130.4,98.134,30.448,2.351,0.0,0.0,0.0,97.8,1
20250319,5,110.552,107.932,107.392,99.601,24.341,0.883,0.0,0.0,0.0,80.544,1
20250320,5,121.186,115.728,115.149,97.148,27.356,3.05,0.0,0.0,0.0,86.362,1
20250321,5,119.051,114.812,114.238,95.567,27.319,2.092,0.0,0.0,0.0,85.678,1
20250322,5,123.264,119.068,118.473,98.424,27.464,1.933,0.0,0.0,0.0,88.855,1
20250323,5,128.618,124.675,124.051,96.535,29.218,1.59,0.0,0.0,0.0,93.038,1
20250324,5,99.648,96.37,95.888,98.327,22.224,1.817,0.0,0.0,0.0,71.916,1
20250325,5,138.044,134.391,133.719,98.503,30.733,1.164,0.0,0.0,0.0,100.29,1
20250326,5,126.09,123.012,122.397,96.107,28.771,0.956,0.0,0.0,0.0,91.798,1
20250327,5,132.887,126.422,125.79,96.325,30.254,3.416,0.0,0.0,0.0,94.343,1
20250328,5,92.835,89.298,88.851,95.339,21.354,2.346,0.0,0.0,0.0,66.638,1
20250329,5,116.497,111.098,110.543,99.028,25.798,3.182,0.0,0.0,0.0,82.907,1
20250330,5,108.881,105.819,105.29,96.35,24.782,1.333,0.0,0.0,0.0,78.967,1
20250331,5,123.53,119.797,119.198,97.198,27.871,1.545,0.0,0.0,0.0,89.399,1
20250401,5,131.113,126.033,125.402,98.054,29.323,2.411,0.0,0.0,0.0,94.052,1
20250402,5,121.903,116.796,116.212,98.578,27.119,2.73,0.0,0.0,0.0,87.159,1
20250403,5,116.405,111.338,110.782,97.468,26.191,2.896,0.0,0.0,0.0,83.086,1
20250404,5,120.227,116.102,115.521,96.17,27.416,1.96,0.0,0.0,0.0,86.641,1
20250405,5,125.372,123.233,122.617,99.285,27.692,0.21,0.0,0.0,0.0,91.962,1
20250406,5,107.03,104.409,103.887,96.033,24.441,0.964,0.0,0.0,0.0,77.915,1
20250407,5,89.194,87.785,87.346,97.945,19.97,0.081,0.0,0.0,0.0,65.51,1
20250408,5,108.853,105.712,105.183,96.683,24.69,1.407,0.0,0.0,0.0,78.887,1
20250409,5,114.387,107.933,107.394,96.803,25.913,4.205,0.0,0.0,0.0,80.545,1
20250410,5,106.472,104.611,104.088,98.042,23.815,0.252,0.0,0.0,0.0,78.066,1
20250411,5,135.751,133.714,133.046,98.393,30.256,0.0,0.0,0.0,0.0,99.784,1
20250412,5,96.868,94.877,94.403,98.096,21.655,0.564,0.0,0.0,0.0,70.802,1
20250413,5,117.15,114.518,113.946,96.748,26.554,0.758,0.0,0.0,0.0,85.459,1
20250414,5,97.429,93.641,93.173,96.859,22.059,2.424,0.0,0.0,0.0,69.88,1
20250415,5,96.572,93.825,93.356,95.343,22.212,1.365,0.0,0.0,0.0,70.017,1
20250416,5,100.544,98.654,98.161,95.304,23.136,0.385,0.0,0.0,0.0,73.621,1
20250417,5,100.211,97.653,97.164,99.362,22.117,1.069,0.0,0.0,0.0,72.873,1
20250418,5,102.055,99.784,99.285,97.568,22.938,0.736,0.0,0.0,0.0,74.464,1
20250419,5,119.227,116.672,116.089,98.829,26.456,0.652,0.0,0.0,0.0,87.067,1
20250420,5,104.566,101.875,101.366,96.861,23.674,1.09,0.0,0.0,0.0,76.024,1
20250421,5,97.517,93.115,92.649,99.811,21.426,3.06,0.0,0.0,0.0,69.487,1
20250422,5,98.797,95.779,95.3,97.022,22.331,1.579,0.0,0.0,0.0,71.475,1
20250423,5,95.461,93.696,93.227,96.644,21.661,0.355,0.0,0.0,0.0,69.92,1
20250424,5,96.529,93.885,93.416,96.242,21.995,1.258,0.0,0.0,0.0,70.062,1
20250425,5,127.588,124.261,123.64,97.267,28.766,1.125,0.0,0.0,0.0,92.73,1
20250426,5,106.022,103.798,103.279,97.531,23.839,0.607,0.0,0.0,0.0,77.459,1
20250427,5,99.853,96.973,96.489,94.542,23.162,1.404,0.0,0.0,0.0,72.366,1
20250428,5,111.077,108.657,108.114,99.122,24.575,0.688,0.0,0.0,0.0,81.086,1
20250429,5,125.104,122.507,121.894,97.218,28.22,0.585,0.0,0.603,0.0,91.42,1
20250430,5,114.672,112.501,111.938,98.44,25.546,0.4,0.0,0.0,0.0,83.954,1
20250501,5,76.397,74.03,73.66,99.112,16.904,1.622,0.0,0.0,0.0,55.245,1
20250502,5,114.535,111.928,111.368,98.703,25.447,0.788,0.0,0.0,0.0,83.526,1
20250503,5,113.411,111.593,111.035,98.387,25.279,0.105,0.0,0.0,0.0,83.276,1
20250504,5,93.311,91.911,91.451,94.8,21.585,0.0,0.0,0.0,0.0,68.589,1
20250505,5,101.956,100.364,99.862,98.301,22.745,0.063,0.0,0.0,0.0,74.896,1
20250506,5,95.234,91.89,91.431,96.267,21.695,2.042,0.0,0.0,0.0,68.573,1
20250507,5,94.182,90.766,90.312,98.064,21.062,2.159,0.0,0.0,0.0,67.734,1
20250508,5,77.886,74.096,73.725,96.761,17.652,3.418,0.0,0.0,0.0,55.294,1
20250509,5,115.919,113.462,112.895,97.949,25.953,0.629,0.0,0.0,0.0,84.671,1
20250510,5,93.376,88.999,88.554,96.61,21.196,3.236,0.0,0.0,0.0,66.415,1
20250511,5,106.517,100.975,100.47,97.016,24.077,3.76,0.0,0.0,0.0,75.353,1
20250512,5,100.897,97.414,96.927,97.439,22.708,1.981,0.0,0.0,0.0,72.696,1
20250513,5,97.5,94.391,93.92,96.407,22.178,1.714,0.0,0.0,0.0,70.44,1
20250514,5,92.25,90.866,90.412,95.802,21.117,0.0,0.0,0.0,0.0,67.809,1
20250515,5,109.182,104.121,103.601,97.187,24.637,3.183,0.0,0.0,0.0,77.701,1
20250516,5,106.321,102.365,101.854,97.862,23.825,2.254,0.0,0.0,0.0,76.39,1
20250517,5,107.468,105.327,104.8,96.278,24.479,0.499,0.0,0.0,0.0,78.6,1
20250518,5,106.275,104.681,104.158,97.828,23.824,0.0,0.0,0.0,0.0,78.118,1
20250519,5,98.927,95.286,94.81,95.927,22.616,2.214,0.0,0.0,0.0,71.107,1
20250520,5,92.013,88.858,88.414,96.95,20.813,1.959,0.0,0.0,0.0,66.31,1
20250521,5,98.029,94.216,93.744,98.153,21.902,2.426,0.122,0.0,0.0,70.308,1
20250522,5,108.385,105.736,105.207,98.059,24.239,0.959,0.0,0.0,0.0,78.905,1
20250523,5,106.726,104.728,104.204,98.765,23.698,0.378,0.0,0.0,0.0,78.153,1
20250524,5,111.282,109.322,108.775,98.64,24.741,0.266,0.0,0.0,0.0,81.581,1
20250525,5,88.074,83.328,82.912,97.25,19.861,3.947,0.0,0.0,0.0,62.184,1
20250526,5,82.614,80.576,80.174,95.386,18.993,0.981,0.0,0.0,0.0,60.13,1
20250527,5,97.105,95.649,95.171,98.11,21.705,0.0,0.0,0.0,0.0,71.378,1
20250528,5,87.025,85.677,85.248,100.0,19.084,0.05,0.0,0.0,0.0,63.936,1
20250529,5,95.615,89.482,89.035,98.158,21.362,4.989,0.0,0.0,0.0,66.776,1
20250530,5,102.255,98.914,98.419,97.203,23.07,1.794,0.0,0.0,0.0,73.814,1
20250531,5,93.368,90.062,89.612,98.188,20.853,2.072,0.0,0.0,0.0,67.209,1
20250601,5,95.175,93.52,93.052,97.936,21.311,0.243,0.0,0.0,0.0,69.789,1
20250602,5,90.563,88.293,87.852,96.405,20.601,1.021,0.0,0.0,0.0,65.889,1
20250603,5,73.948,71.478,71.121,96.865,16.741,1.867,0.0,0.0,0.0,53.341,1
20250604,5,94.954,93.107,92.641,97.292,21.403,0.453,0.0,0.0,0.0,69.481,1
20250605,5,88.957,86.975,86.54,98.537,19.798,0.739,0.0,0.0,0.0,64.905,1
20250606,5,105.073,103.094,102.579,98.509,23.391,0.389,0.0,0.0,0.0,76.934,1
20250607,5,70.462,68.686,68.342,96.59,15.998,1.036,0.0,0.0,0.0,51.257,1
20250608,5,79.805,78.07,77.68,94.566,18.507,0.685,0.0,0.0,0.0,58.26,1
20250609,5,85.271,81.81,81.401,99.382,18.816,2.597,0.0,0.0,0.0,61.051,1
20250610,5,87.335,86.025,85.594,96.584,19.83,0.0,0.0,0.0,0.0,64.196,1
20250611,5,95.847,92.655,92.192,97.169,21.631,1.858,0.0,0.0,0.0,69.144,1
20250612,5,69.877,67.532,67.195,96.2,15.929,1.883,0.0,0.0,0.0,50.396,1
20250613,5,77.955,74.381,74.009,98.06,17.434,3.132,0.0,0.0,0.0,55.507,1
20250614,5,92.783,87.227,86.791,94.724,21.481,4.556,0.0,0.0,0.0,65.094,1
20250615,5,90.701,88.469,88.027,95.453,20.838,0.975,0.0,0.0,0.0,66.02,1
20250616,5,96.204,94.705,94.231,96.241,21.921,0.06,0.0,0.0,0.0,70.673,1
20250617,5,87.529,84.84,84.416,96.955,19.798,1.596,0.0,0.0,0.0,63.312,1
20250618,5,87.222,85.903,85.474,97.591,19.6,0.013,0.0,0.419,0.0,64.105,1
20250619,5,106.434,103.319,102.802,99.17,23.536,1.448,0.0,0.0,0.0,77.102,1
20250620,5,94.368,92.952,92.487,99.142,20.874,0.0,0.0,0.0,0.0,69.366,1
20250621,5,87.774,85.191,84.765,99.681,19.31,1.465,0.0,0.0,0.0,63.574,1
20250622,5,99.852,97.059,96.573,97.988,22.347,1.317,0.0,0.0,0.0,72.43,1
20250623,5,76.992,73.275,72.909,97.705,17.281,3.378,0.0,0.0,0.0,54.682,1
20250624,5,93.811,91.51,91.053,99.317,20.714,0.967,0.0,0.0,0.0,68.289,1
20250625,5,85.122,83.589,83.171,98.522,18.947,0.305,0.0,0.0,0.0,62.378,1
20250626,5,88.24,86.331,85.899,97.156,19.917,0.673,0.0,0.0,0.0,64.424,1
20250627,5,83.072,81.261,80.855,96.504,18.878,0.691,0.15,0.0,0.0,60.641,1
20250628,5,93.169,91.068,90.612,99.04,20.63,0.767,0.0,0.0,0.0,67.959,1
20250629,5,80.839,77.807,77.418,96.121,18.443,2.285,0.0,0.0,0.0,58.063,1
20250630,5,82.131,80.829,80.425,96.981,18.572,0.086,0.0,0.0,0.0,60.319,1
20250701,5,88.422,85.991,85.561,97.397,19.909,1.269,0.0,0.0,0.0,64.171,1
20250702,5,92.816,91.424,90.967,97.456,20.886,0.0,0.0,0.0,0.0,68.225,1
20250703,5,91.984,90.605,90.152,98.088,20.565,0.0,0.0,0.0,0.0,67.614,1
20250704,5,70.901,69.837,69.488,99.971,15.553,0.0,0.0,0.0,0.0,52.116,1
20250705,5,77.61,75.541,75.163,98.518,17.276,1.184,0.0,0.0,0.0,56.372,1
20250706,5,83.06,79.294,78.897,96.48,18.88,3.081,0.0,0.0,0.0,59.173,1
20250707,5,75.454,73.593,73.225,95.844,17.265,0.982,0.0,0.0,0.0,54.919,1
20250708,5,89.805,85.656,85.228,97.426,20.214,3.168,0.904,0.0,0.0,63.921,1
20250709,5,98.683,96.637,96.154,98.256,22.025,0.582,0.0,0.0,0.0,72.115,1
20250710,5,84.272,80.847,80.442,95.906,19.27,2.604,0.0,0.0,0.0,60.332,1
20250711,5,80.857,78.622,78.229,95.911,18.488,1.283,0.0,0.0,0.0,58.672,1
20250712,5,88.972,86.697,86.264,97.148,20.084,1.073,0.0,0.0,0.0,64.698,1
20250713,5,89.545,88.046,87.606,98.261,19.984,0.176,0.0,0.0,0.0,65.704,1
20250714,5,77.53,75.229,74.853,97.436,17.45,1.489,0.0,0.0,0.0,56.14,1
20250715,5,94.826,93.404,92.937,99.281,20.946,0.0,0.0,0.0,0.0,69.703,1
20250716,5,75.1,73.577,73.209,97.066,16.967,0.537,0.0,0.0,0.0,54.907,1
20250717,5,83.38,81.123,80.718,98.225,18.616,1.225,0.0,0.0,0.0,60.538,1
20250718,5,93.498,90.044,89.594,96.63,21.219,2.228,0.0,0.0,0.0,67.195,1
20250719,5,85.683,83.264,82.848,99.827,18.823,1.342,0.0,0.0,0.0,62.136,1
20250720,5,78.669,76.395,76.013,100.0,17.252,1.412,0.0,0.0,0.0,57.01,1
20250721,5,92.073,89.315,88.869,98.163,20.569,1.518,0.0,0.0,0.0,66.651,1
20250722,5,106.425,102.007,101.497,98.905,23.597,2.692,0.0,0.0,0.0,76.123,1
20250723,5,78.216,76.297,75.916,96.885,17.704,0.968,0.0,0.0,0.0,56.937,1
20250724,5,75.598,73.299,72.932,99.243,16.705,1.565,0.0,0.0,0.0,54.699,1
20250725,5,97.366,94.484,94.011,98.446,21.689,1.482,0.0,0.0,0.0,70.508,1
20250726,5,97.439,94.831,94.357,100.0,21.368,1.194,0.0,0.0,0.0,70.768,1
20250727,5,90.098,86.617,86.184,97.563,20.252,2.399,0.0,0.0,0.0,64.638,1
20250728,5,80.329,77.315,76.928,98.881,17.815,2.287,0.0,0.0,0.0,57.696,1
20250729,5,92.284,88.701,88.258,98.131,20.623,2.419,0.0,0.0,0.0,66.193,1
20250730,5,85.452,82.255,81.844,95.033,19.719,2.275,0.0,0.0,0.0,61.383,1
20250731,5,94.82,92.398,91.936,98.234,21.168,1.071,0.0,0.0,0.0,68.952,1
20250801,5,73.515,70.967,70.613,96.963,16.627,1.995,0.0,0.0,0.0,52.959,1
20250802,5,83.345,80.706,80.302,96.01,19.037,1.692,0.0,0.0,0.0,60.227,1
20250803,5,72.74,71.385,71.028,97.657,16.335,0.368,0.0,0.0,0.0,53.271,1
20250804,5,76.805,72.755,72.391,98.727,17.06,3.83,0.0,0.0,0.0,54.293,1
20250805,5,91.12,87.311,86.875,96.533,20.7,2.72,0.0,0.0,0.0,65.156,1
20250806,5,89.616,87.273,86.836,98.07,20.04,1.132,0.0,0.0,0.0,65.127,1
20250807,5,77.635,76.471,76.088,97.168,17.521,0.0,0.0,0.0,0.0,57.066,1
20250808,5,83.941,82.098,81.688,96.798,19.017,0.706,0.0,0.0,0.0,61.266,1
20250809,5,83.228,79.596,79.198,97.601,18.7,2.908,0.0,0.0,0.0,59.398,1
20250810,5,99.33,97.84,97.351,99.745,21.839,0.0,0.0,0.0,0.0,73.013,1
20250811,5,94.764,91.486,91.029,99.327,20.922,1.989,0.0,0.0,0.0,68.271,1
20250812,5,90.442,89.085,88.64,100.0,19.834,0.0,0.0,0.0,0.0,66.48,1
20250813,5,91.235,88.195,87.754,100.0,20.008,1.86,0.0,0.0,0.0,65.815,1
20250814,5,87.323,85.078,84.652,98.049,19.531,1.087,0.0,0.0,0.0,63.489,1
20250815,5,95.913,92.937,92.472,98.893,21.269,1.627,0.0,0.0,0.0,69.354,1
20250816,5,93.961,92.551,92.088,96.608,21.329,0.0,0.0,0.0,0.0,69.066,1
20250817,5,93.478,91.666,91.208,99.074,20.691,0.445,0.0,0.0,0.0,68.406,1
20250818,5,81.623,79.227,78.831,100.0,17.9,1.458,0.0,0.0,0.0,59.123,1
20250819,5,92.105,90.264,89.813,98.501,20.506,0.506,0.0,0.0,0.0,67.36,1
20250820,5,104.796,100.59,100.088,98.909,23.235,2.551,0.0,0.0,0.0,75.066,1
20250821,5,96.639,95.189,94.714,97.784,21.673,0.0,0.0,0.483,0.0,71.035,1
20250822,5,81.461,78.354,77.962,96.558,18.501,2.35,0.0,0.0,0.0,58.471,1
20250823,5,93.847,90.142,89.691,97.591,21.089,2.486,0.367,0.0,0.0,67.268,1
20250824,5,81.859,79.193,78.797,96.835,18.538,1.784,0.0,0.0,0.0,59.098,1
20250825,5,90.945,88.181,87.74,97.066,20.547,1.563,0.0,0.0,0.0,65.805,1
20250826,5,95.513,92.824,92.36,96.442,21.719,1.336,0.0,0.0,0.0,69.27,1
20250827,5,87.512,86.199,85.768,97.013,19.782,0.0,0.0,0.0,0.0,64.326,1
20250828,5,100.711,98.198,97.707,98.473,22.428,1.011,0.0,0.0,0.0,73.28,1
20250829,5,79.652,77.287,76.901,95.864,18.221,1.49,0.0,0.0,0.0,57.676,1
20250830,5,87.454,85.045,84.62,97.214,19.728,1.274,0.0,0.0,0.0,63.465,1
20250831,5,96.424,94.591,94.118,97.601,21.665,0.407,0.0,0.0,0.0,70.589,1
20250901,5,93.371,90.593,90.14,97.866,20.923,1.498,0.0,0.0,0.0,67.605,1
20250902,5,72.424,71.337,70.981,97.325,16.319,0.0,0.0,0.0,0.0,53.235,1
20250903,5,98.645,95.666,95.188,100.0,21.633,1.543,0.0,0.0,0.0,71.391,1
20250904,5,89.269,87.93,87.49,95.848,20.424,0.0,0.444,0.0,0.0,65.617,1
20250905,5,73.441,72.065,71.704,96.501,16.689,0.38,0.0,0.0,0.0,53.778,1
20250906,5,99.161,97.271,96.784,98.194,22.146,0.412,0.0,0.0,0.0,72.588,1
20250907,5,82.557,80.875,80.471,96.716,18.719,0.545,0.0,0.0,0.0,60.353,1
20250908,5,105.384,100.753,100.249,98.701,23.415,2.939,0.0,0.0,0.0,75.187,1
20250909,5,82.821,81.256,80.85,96.053,18.909,0.395,0.0,0.0,0.0,60.638,1
20250910,5,98.87,95.843,95.364,96.842,22.389,1.586,0.0,0.0,0.0,71.523,1
20250911,5,98.838,94.505,94.033,99.775,21.724,2.928,0.0,0.0,0.0,70.524,1
20250912,5,104.531,102.963,102.448,97.717,23.459,0.0,0.0,0.0,0.0,76.836,1
20250913,5,94.848,93.426,92.959,96.737,21.502,0.0,0.0,0.0,0.0,69.719,1
20250914,5,98.683,96.344,95.862,98.282,22.019,0.884,0.0,0.0,0.0,71.897,1
20250915,5,111.668,109.777,109.229,100.0,24.489,0.196,0.0,0.0,0.0,81.921,1
20250916,5,104.689,102.919,102.405,99.793,23.006,0.194,0.0,0.0,0.0,76.803,1
20250917,5,98.645,96.419,95.937,99.571,21.726,0.768,0.0,0.0,0.0,71.953,1
20250918,5,91.498,87.033,86.598,94.768,21.173,3.432,0.0,0.0,0.0,64.948,1
20250919,5,85.165,83.888,83.469,98.596,18.943,0.0,0.0,0.0,0.0,62.601,1
20250920,5,98.579,96.402,95.92,97.635,22.142,0.719,0.0,0.0,0.0,71.94,1
20250921,5,79.028,76.597,76.214,97.164,17.837,1.601,0.0,0.0,0.0,57.16,1
20250922,5,110.893,109.229,108.683,95.828,25.377,0.0,0.0,0.0,0.0,81.512,1
20250923,5,99.824,96.338,95.856,99.343,22.036,2.023,0.0,0.0,0.0,71.892,1
20250924,5,90.421,87.582,87.144,99.56,19.917,1.665,0.0,0.0,0.0,65.358,1
20250925,5,94.593,91.571,91.113,97.81,21.208,1.72,0.0,0.0,0.0,68.335,1
20250926,5,94.343,91.741,91.282,98.515,21.001,1.278,0.0,0.0,0.0,68.461,1
20250927,5,101.029,96.235,95.753,94.829,23.364,3.295,0.0,0.0,0.0,71.815,1
20250928,5,89.715,87.357,86.92,98.598,19.954,1.146,0.0,0.0,0.0,65.19,1
20250929,5,118.159,113.498,112.93,98.377,26.34,2.482,0.569,0.0,0.0,84.698,1
20250930,5,111.529,109.602,109.054,98.835,24.746,0.231,0.049,0.0,0.0,81.79,1
20251001,5,92.512,89.497,89.05,98.05,20.691,1.785,0.0,0.0,0.0,66.787,1
20251002,5,89.342,87.875,87.436,95.865,20.438,0.144,0.0,0.0,0.0,65.577,1
20251003,5,116.474,112.387,111.825,95.2,26.831,2.04,0.0,0.0,0.0,83.869,1
20251004,5,113.949,112.24,111.678,98.802,25.292,0.0,0.0,0.0,0.0,83.759,1
20251005,5,99.78,94.895,94.421,96.221,22.741,3.447,0.0,0.0,0.0,70.815,1
20251006,5,103.883,101.696,101.188,100.0,22.781,0.614,0.0,0.0,0.0,75.891,1
20251007,5,126.303,123.407,122.79,100.0,27.698,0.805,0.0,0.0,0.0,92.092,1
20251008,5,106.651,102.842,102.328,97.942,23.88,2.103,0.0,0.0,0.0,76.746,1
20251009,5,97.206,94.763,94.289,95.434,22.337,1.029,0.0,0.0,0.0,70.717,1
20251010,5,102.357,99.362,98.865,99.165,22.636,1.447,0.0,0.0,0.0,74.149,1
20251011,5,104.218,100.377,99.875,97.737,23.384,2.219,0.0,0.0,0.0,74.906,1
20251012,5,113.283,108.39,107.848,95.472,26.021,2.862,0.0,0.0,0.0,80.886,1
20251013,5,106.673,104.76,104.236,96.338,24.283,0.298,0.0,0.0,0.0,78.177,1
20251014,5,117.715,113.653,113.084,99.019,26.071,1.981,0.0,0.0,0.0,84.813,1
20251015,5,93.692,92.286,91.825,97.374,21.1,0.0,0.0,0.0,0.0,68.869,1
20251016,5,109.185,106.961,106.426,98.454,24.32,0.545,0.0,0.0,0.0,79.82,1
20251017,5,105.327,103.747,103.228,97.937,23.585,0.0,0.0,0.0,0.0,77.421,1
20251018,5,110.45,108.793,108.249,96.387,25.129,0.0,0.0,0.0,0.0,81.187,1
20251019,5,102.759,99.797,99.298,95.588,23.575,1.404,0.0,0.0,0.0,74.473,1
20251020,5,109.117,105.268,104.741,99.493,24.051,2.058,0.0,0.0,0.0,78.556,1
20251021,5,77.244,73.826,73.457,97.385,17.394,2.97,0.0,0.0,0.0,55.093,1
20251022,5,107.531,103.678,103.16,100.0,23.581,2.115,0.0,0.0,0.0,77.37,1
20251023,5,106.059,102.989,102.474,97.961,23.743,1.415,0.0,0.053,0.0,76.856,1
20251024,5,119.588,117.12,116.534,99.922,26.246,0.573,0.0,0.0,0.0,87.401,1
20251025,5,127.528,125.359,124.732,98.535,28.382,0.204,0.0,0.0,0.0,93.549,1
20251026,5,112.862,107.971,107.431,97.45,25.398,2.877,0.0,0.0,0.0,80.573,1
20251027,5,119.434,116.35,115.769,97.616,26.831,1.098,0.0,0.0,0.0,86.826,1
20251028,5,113.672,110.085,109.534,98.403,25.333,1.681,0.0,0.0,0.0,82.151,1
20251029,5,118.909,114.771,114.197,99.279,26.266,2.01,0.0,0.0,0.0,85.648,1
20251030,5,109.812,106.397,105.865,97.72,24.643,1.634,0.0,0.0,0.0,79.399,1
20251031,5,124.302,119.936,119.336,98.568,27.655,2.044,0.0,0.0,0.0,89.502,1
20251101,5,108.18,103.367,102.851,98.268,24.142,2.994,0.0,0.0,0.0,77.138,1
20251102,5,96.055,92.806,92.342,99.771,21.113,1.911,0.0,0.0,0.0,69.257,1
20251103,5,110.503,106.598,106.065,97.509,24.852,2.065,0.0,0.0,0.0,79.549,1
20251104,5,122.363,117.878,117.288,98.848,27.147,2.199,0.0,0.0,0.0,87.966,1
20251105,5,135.042,131.468,130.811,97.46,30.386,1.164,0.0,0.0,0.0,98.108,1
20251106,5,109.211,104.151,103.63,99.569,24.053,3.181,0.0,0.378,0.0,77.723,1
20251107,5,114.461,111.242,110.686,97.695,25.693,1.332,0.0,0.0,0.0,83.015,1
20251108,5,138.508,135.061,134.386,96.75,31.395,1.003,0.0,0.0,0.0,100.789,1
20251109,5,120.865,115.336,114.759,100.0,26.505,3.121,0.0,0.0,0.0,86.069,1
20251110,5,110.468,106.338,105.807,95.93,25.253,2.272,0.0,0.0,0.0,79.355,1
20251111,5,107.755,105.983,105.453,98.083,24.092,0.147,0.0,0.0,0.0,79.09,1
20251112,5,108.781,105.416,104.889,94.06,25.362,1.617,0.0,0.0,0.0,78.667,1
20251113,5,104.962,102.29,101.779,98.322,23.411,1.061,0.0,0.0,0.0,76.334,1
20251114,5,112.974,109.642,109.093,97.363,25.446,1.472,0.0,0.0,0.0,81.82,1
20251115,5,124.545,120.087,119.486,96.056,28.434,2.111,0.0,0.0,0.0,89.615,1
20251116,5,113.148,110.232,109.681,97.153,25.54,1.093,0.0,0.0,0.0,82.26,1
20251117,5,100.534,99.026,98.531,97.981,22.501,0.0,0.0,0.0,0.0,73.898,1
20251118,5,113.65,111.032,110.477,95.582,26.075,0.815,0.0,0.0,0.0,82.858,1
20251119,5,101.248,97.73,97.241,96.48,23.014,2.005,0.0,0.0,0.0,72.931,1
20251120,5,102.115,99.101,98.606,97.968,22.858,1.473,0.0,0.0,0.0,73.954,1
20251121,5,109.338,107.059,106.523,98.761,24.278,0.594,0.0,0.0,0.0,79.892,1
20251122,5,128.709,126.778,126.144,98.317,28.709,0.0,0.0,0.0,0.0,94.608,1
20251123,5,115.422,111.344,110.787,97.338,26.004,2.064,0.0,0.0,0.0,83.09,1
20251124,5,109.329,107.013,106.478,96.285,24.901,0.628,0.0,0.0,0.0,79.859,1
20251125,5,133.326,126.59,125.957,95.241,30.699,3.606,0.0,0.0,0.0,94.468,1
20251126,5,113.23,109.831,109.282,96.78,25.657,1.524,0.0,0.0,0.0,81.962,1
20251127,5,111.805,109.24,108.693,98.983,24.77,0.806,0.0,0.0,0.0,81.52,1
20251128,5,123.645,120.998,120.393,97.18,27.902,0.65,0.0,0.122,0.0,90.295,1
20251129,5,115.533,112.262,111.701,97.857,25.891,1.352,0.0,0.0,0.0,83.775,1
20251130,5,124.563,122.694,122.081,98.038,27.863,0.0,0.0,0.0,0.0,91.56,1
20251201,5,120.605,117.945,117.355,96.149,27.508,0.716,0.0,0.0,0.0,88.017,1
20251202,5,109.688,107.137,106.602,98.637,24.387,0.838,0.0,0.0,0.0,79.951,1
20251203,5,96.776,93.472,93.004,96.813,21.922,1.944,0.0,0.0,0.0,69.753,1
20251204,5,129.094,124.048,123.428,99.395,28.483,2.445,0.0,0.0,0.0,92.571,1
20251205,5,124.462,121.404,120.797,97.13,28.101,0.971,0.0,0.0,0.0,90.598,1
20251206,5,117.025,112.951,112.386,99.49,25.795,2.012,0.0,0.0,0.0,84.289,1
20251207,5,135.355,130.837,130.183,98.325,30.189,1.866,0.0,0.0,0.0,97.637,1
20251208,5,117.484,115.722,115.143,100.0,25.764,0.0,0.0,0.0,0.0,86.357,1
20251209,5,121.519,119.633,119.035,96.643,27.575,0.052,0.0,0.0,0.0,89.276,1
20251210,5,126.315,121.642,121.034,99.591,27.815,2.233,0.0,0.0,0.0,90.775,1
20251211,5,125.495,122.899,122.285,97.727,28.161,0.577,0.0,0.0,0.0,91.714,1
20251212,5,115.825,114.088,113.518,96.978,26.192,0.0,0.0,0.0,0.0,85.138,1
20251213,5,109.946,107.338,106.801,99.603,24.207,0.885,0.0,0.0,0.0,80.101,1
20251214,5,136.19,133.065,132.4,97.879,30.513,0.806,0.0,0.0,0.0,99.3,1
20251215,5,124.936,122.366,121.754,96.012,28.536,0.566,0.0,0.0,0.0,91.315,1
20251216,5,134.082,132.071,131.411,97.335,30.209,0.0,0.0,0.0,0.0,98.558,1
20251217,5,137.76,135.02,134.345,99.457,30.375,0.496,0.0,0.0,0.0,100.759,1
20251218,5,123.227,121.341,120.734,96.965,27.869,0.031,0.431,0.0,0.0,90.551,1
20251219,5,135.308,129.556,128.909,98.329,30.177,2.792,0.0,0.0,0.0,96.682,1
20251220,5,123.346,121.329,120.723,95.988,28.18,0.137,0.0,0.0,0.0,90.542,1
20251221,5,128.68,124.555,123.932,99.135,28.466,1.732,0.0,0.0,0.0,92.949,1
20251222,5,111.635,109.742,109.193,95.594,25.61,0.198,0.0,0.0,0.0,81.895,1
20251223,5,131.736,127.609,126.971,98.368,29.369,1.657,0.0,0.0,0.0,95.228,1
20251224,5,126.748,123.537,122.92,96.36,28.846,1.049,0.0,0.0,0.0,92.19,1
20251225,5,134.31,132.295,131.634,99.152,29.706,0.0,0.0,0.0,0.0,98.725,1
20251226,5,114.595,111.408,110.851,95.483,26.319,1.301,0.0,0.0,0.0,83.138,1
20251227,5,151.581,145.57,144.843,98.225,33.842,2.503,0.0,0.0,0.0,108.632,1
20251228,5,120.419,118.084,117.494,95.888,27.54,0.446,0.0,0.0,0.0,88.12,1
20251229,5,115.12,113.393,112.826,98.125,25.728,0.0,0.0,0.0,0.0,84.62,1
20251230,5,122.341,118.229,117.638,96.014,27.943,1.889,0.0,0.0,0.0,88.229,1
20251231,5,116.516,112.167,111.606,95.544,26.743,2.267,0.0,0.0,0.0,83.704,1
20240101,6,353.59,337.894,336.204,99.302,29.673,2.984,0.0,0.0,0.0,252.153,1
20240102,6,331.946,326.835,325.2,99.03,27.933,0.041,0.0,0.0,0.0,243.9,1
20240103,6,286.68,279.864,278.465,94.827,25.193,0.891,0.0,0.0,0.0,208.848,1
20240104,6,372.982,364.062,362.242,99.727,31.167,0.905,0.0,0.0,0.0,271.681,1
20240105,6,358.967,349.556,347.809,98.812,30.274,1.139,0.0,0.0,0.0,260.856,1
20240106,6,286.624,276.376,274.994,98.847,24.164,2.107,0.0,0.0,0.0,206.246,1
20240107,6,295.274,279.951,278.551,96.588,25.475,3.746,0.0,0.0,0.0,208.913,1
20240108,6,327.611,322.696,321.083,95.67,28.537,0.0,0.0,0.0,0.0,240.812,1
20240109,6,349.165,336.882,335.198,96.125,30.27,2.049,0.0,0.0,0.0,251.398,1
20240110,6,329.271,314.926,313.352,93.616,29.31,2.9,0.0,0.0,0.0,235.014,1
20240111,6,354.212,344.819,343.095,98.634,29.926,1.169,0.0,0.0,0.0,257.321,1
20240112,6,331.421,325.774,324.146,99.507,27.755,0.207,0.0,0.0,0.0,243.109,1
20240113,6,368.491,362.593,360.78,97.249,31.576,0.102,0.0,0.0,0.0,270.585,1
20240114,6,258.204,254.331,253.059,96.221,22.362,0.0,0.0,0.0,0.0,189.795,1
20240115,6,372.131,366.549,364.716,97.745,31.726,0.0,0.0,0.0,0.0,273.537,1
20240116,6,352.004,340.428,338.726,98.861,29.672,1.816,0.0,0.0,0.0,254.044,1
20240117,6,278.324,267.141,265.805,97.478,23.794,2.556,0.0,0.0,0.0,199.354,1
20240118,6,304.648,300.078,298.578,97.431,26.057,0.0,0.0,0.0,0.0,223.933,1
20240119,6,262.555,253.675,252.407,97.557,22.427,1.911,0.0,0.0,0.0,189.305,1
20240120,6,374.754,369.132,367.287,96.566,32.34,0.0,0.0,0.0,0.0,275.465,1
20240121,6,369.028,359.739,357.94,97.912,31.408,1.033,0.0,0.0,0.0,268.455,1
20240122,6,360.795,355.118,353.342,96.959,31.009,0.075,0.0,0.0,0.0,265.007,1
20240123,6,337.479,331.48,329.822,96.155,29.248,0.282,0.0,0.0,0.0,247.367,1
20240124,6,339.41,330.509,328.856,96.345,29.357,1.14,0.0,0.0,0.0,246.642,1
20240125,6,354.471,346.542,344.809,97.724,30.227,0.748,0.0,0.0,0.0,258.607,1
20240126,6,379.579,370.275,368.424,94.603,33.436,0.966,0.0,0.0,0.0,276.318,1
20240127,6,324.156,317.715,316.127,98.403,27.451,0.494,0.0,0.0,0.0,237.095,1
20240128,6,339.375,334.284,332.613,98.609,28.68,0.0,0.0,0.0,0.0,249.459,1
20240129,6,333.117,328.12,326.48,97.771,28.392,0.0,0.0,0.0,0.0,244.86,1
20240130,6,351.045,345.779,344.05,96.785,30.225,0.0,0.0,0.0,0.0,258.038,1
20240131,6,348.179,339.711,338.013,98.691,29.4,0.946,0.0,0.0,0.0,253.509,1
20240201,6,315.412,306.337,304.806,97.034,27.088,1.398,0.0,0.0,0.0,228.604,1
20240202,6,317.569,309.846,308.297,98.506,26.865,0.946,0.0,0.0,0.0,231.222,1
20240203,6,300.214,294.619,293.146,95.295,26.253,0.369,0.0,0.0,0.0,219.86,1
20240204,6,398.305,388.245,386.304,99.534,33.347,1.041,0.0,0.0,0.0,289.728,1
20240205,6,297.223,288.222,286.781,97.355,25.441,1.552,0.0,0.0,0.0,215.086,1
20240206,6,374.185,360.475,358.672,98.1,31.786,2.197,0.0,0.0,0.0,269.004,1
20240207,6,294.571,288.699,287.256,97.864,25.083,0.501,0.0,0.0,0.0,215.442,1
20240208,6,309.673,304.523,303.0,95.637,26.983,0.166,0.0,0.0,0.0,227.25,1
20240209,6,308.931,297.373,295.886,98.306,26.188,2.276,0.0,0.0,0.0,221.914,1
20240210,6,330.721,316.428,314.846,98.933,27.857,2.865,0.0,0.154,0.0,236.134,1
20240211,6,380.876,367.236,365.4,99.23,31.986,2.113,0.0,0.0,0.0,274.05,1
20240212,6,382.81,369.17,367.324,99.244,32.144,2.094,0.0,0.0,0.0,275.493,1
20240213,6,336.024,329.737,328.088,97.789,28.635,0.377,0.0,0.0,0.0,246.066,1
20240214,6,298.98,286.506,285.074,95.101,26.198,2.713,0.0,0.288,0.0,213.805,1
20240215,6,380.887,366.481,364.649,99.628,31.859,2.317,0.0,0.0,0.0,273.487,1
20240216,6,383.045,371.116,369.26,99.834,31.973,1.639,0.0,0.0,0.0,276.945,1
20240217,6,353.05,346.032,344.302,99.378,29.605,0.495,0.0,0.0,0.0,258.227,1
20240218,6,296.323,291.878,290.419,98.301,25.12,0.0,0.0,0.0,0.0,217.814,1
20240219,6,347.326,342.116,340.405,97.979,29.541,0.0,0.0,0.0,0.0,255.304,1
20240220,6,306.734,296.865,295.381,96.729,26.425,1.743,0.0,0.0,0.0,221.536,1
20240221,6,285.938,278.746,277.352,98.22,24.26,1.031,0.0,0.0,0.0,208.014,1
20240222,6,231.865,226.646,225.513,96.423,20.039,0.762,0.0,0.0,0.0,169.135,1
20240223,6,299.458,287.175,285.739,96.275,25.92,2.641,0.0,0.0,0.0,214.304,1
20240224,6,315.843,306.513,304.981,97.474,27.002,1.476,0.0,0.0,0.0,228.735,1
20240225,6,318.391,305.362,303.835,98.094,27.048,2.632,0.0,0.0,0.0,227.876,1
20240226,6,324.331,311.127,309.572,100.0,27.028,2.61,0.0,0.0,0.0,232.179,1
20240227,6,325.939,316.646,315.062,96.415,28.171,1.372,0.0,0.0,0.0,236.297,1
20240228,6,306.561,301.874,300.364,98.75,25.87,0.029,0.0,0.0,0.0,225.273,1
20240229,6,355.757,346.573,344.84,98.251,30.174,1.098,0.0,0.0,0.0,258.63,1
20240301,6,323.055,315.847,314.268,100.0,26.921,0.742,0.0,0.0,0.0,235.701,1
20240302,6,255.169,247.091,245.856,95.659,22.229,1.691,0.0,0.0,0.0,184.392,1
20240303,6,357.559,347.253,345.517,98.087,30.378,1.404,0.0,0.0,0.0,259.137,1
20240304,6,302.03,294.565,293.092,98.209,25.628,0.987,0.0,0.0,0.0,219.819,1
20240305,6,370.004,364.454,362.632,99.571,30.966,0.0,0.0,0.0,0.0,271.974,1
20240306,6,377.068,366.772,364.938,99.055,31.722,1.249,0.0,0.0,0.0,273.704,1
20240307,6,315.21,304.448,302.926,98.524,26.661,1.943,0.0,0.0,0.0,227.195,1
20240308,6,288.241,277.755,276.367,96.639,24.855,2.17,0.0,0.0,0.0,207.275,1
20240309,6,348.575,330.894,329.24,97.595,29.764,3.627,0.0,0.0,0.0,246.93,1
20240310,6,383.81,374.467,372.594,98.185,32.575,0.949,0.0,0.0,0.0,279.446,1
20240311,6,293.522,278.758,277.364,97.426,25.106,3.584,0.0,0.0,0.0,208.023,1
20240312,6,307.967,298.128,296.637,95.267,26.939,1.721,0.0,0.0,0.0,222.478,1
20240313,6,295.067,289.757,288.308,97.908,25.114,0.304,0.0,0.0,0.0,216.231,1
20240314,6,266.995,256.692,255.408,98.433,22.604,2.395,0.0,0.0,0.0,191.556,1
20240315,6,334.995,328.368,326.726,96.511,28.925,0.486,0.0,0.0,0.0,245.044,1
20240316,6,355.73,350.394,348.642,97.323,30.46,0.0,0.0,0.0,0.0,261.481,1
20240317,6,318.902,303.752,302.233,96.034,27.673,3.3,0.0,0.0,0.0,226.675,1
20240318,6,368.582,353.604,351.836,95.94,32.015,2.603,0.0,0.0,0.0,263.877,1
20240319,6,240.279,236.674,235.491,97.631,20.509,0.0,0.0,0.0,0.0,176.618,1
20240320,6,288.284,277.323,275.937,97.588,24.617,2.337,0.0,0.0,0.0,206.953,1
20240321,6,301.991,290.206,288.755,96.443,26.094,2.439,0.0,0.0,0.0,216.566,1
20240322,6,294.844,282.64,281.227,96.106,25.566,2.679,0.0,0.0,0.0,210.92,1
20240323,6,279.276,273.271,271.904,96.498,24.118,0.66,0.0,0.0,0.0,203.928,1
20240324,6,332.519,320.195,318.594,95.443,29.033,2.24,0.0,0.0,0.0,238.945,1
20240325,6,298.9,292.111,290.65,97.907,25.441,0.783,0.0,0.0,0.0,217.988,1
20240326,6,290.089,285.738,284.309,100.0,24.174,0.0,0.0,0.0,0.0,213.232,1
20240327,6,351.905,341.873,340.163,96.672,30.335,1.371,0.0,0.0,0.0,255.122,1
20240328,6,311.041,303.674,302.156,100.0,25.92,0.882,0.0,0.0,0.0,226.617,1
20240329,6,291.613,283.873,282.454,97.724,24.867,1.172,0.0,0.0,0.0,211.84,1
20240330,6,258.936,246.274,245.043,98.072,22.002,3.441,0.0,0.0,0.0,183.782,1
20240331,6,339.227,325.552,323.924,98.766,28.622,2.57,0.0,0.0,0.0,242.943,1
20240401,6,344.981,333.389,331.722,98.712,29.123,1.888,0.0,0.0,0.0,248.791,1
20240402,6,317.762,312.995,311.43,97.384,27.192,0.0,0.0,0.0,0.0,233.573,1
20240403,6,259.65,248.756,247.512,95.509,22.655,2.737,0.0,0.0,0.0,185.634,1
20240404,6,291.711,279.147,277.751,98.244,24.744,2.85,0.0,0.0,0.0,208.314,1
20240405,6,297.05,288.741,287.297,96.216,25.728,1.317,0.0,0.0,0.0,215.473,1
20240406,6,297.171,288.366,286.924,96.988,25.533,1.485,0.0,0.0,0.0,215.193,1
20240407,6,300.027,293.127,291.661,96.866,25.811,0.812,0.0,0.0,0.0,218.746,1
20240408,6,312.567,297.52,296.032,98.859,26.348,3.364,0.0,0.0,0.0,222.024,1
20240409,6,303.111,295.536,294.058,99.149,25.476,1.015,0.0,0.0,0.0,220.543,1
20240410,6,262.045,251.978,250.718,97.847,22.318,2.377,0.0,0.0,0.0,188.039,1
20240411,6,327.213,307.113,305.578,99.929,27.287,4.713,0.0,0.0,0.0,229.183,1
20240412,6,313.748,309.042,307.497,97.837,26.724,0.0,0.0,0.0,0.0,230.623,1
20240413,6,260.725,245.847,244.617,97.332,22.323,4.27,0.0,0.0,0.0,183.463,1
20240414,6,276.146,270.298,268.946,97.917,23.502,0.627,0.0,0.0,0.0,201.71,1
20240415,6,318.312,310.423,308.871,98.165,27.022,0.993,0.0,0.0,0.0,231.653,1
20240416,6,276.171,267.658,266.32,98.264,23.421,1.607,0.0,0.0,0.0,199.74,1
20240417,6,272.242,268.11,266.769,94.273,24.065,0.018,0.0,0.0,0.0,200.077,1
20240418,6,288.862,280.016,278.616,98.472,24.445,1.586,0.0,0.0,0.0,208.962,1
20240419,6,302.057,289.992,288.542,97.04,25.939,2.532,0.0,0.0,0.0,216.406,1
20240420,6,234.717,230.587,229.434,98.725,19.812,0.263,0.0,0.0,0.0,172.075,1
20240421,6,278.051,268.502,267.16,97.591,23.743,1.963,0.0,0.0,0.0,200.37,1
20240422,6,221.412,214.427,213.355,96.498,19.121,1.68,0.0,0.0,0.0,160.016,1
20240423,6,292.342,284.273,282.852,99.71,24.433,1.279,0.0,0.0,0.0,212.139,1
20240424,6,275.518,265.414,264.087,99.46,23.085,2.2,0.0,0.0,0.0,198.065,1
20240425,6,281.575,277.351,275.965,97.997,23.944,0.0,0.0,0.0,0.0,206.973,1
20240426,6,308.719,299.563,298.065,96.458,26.671,1.488,0.114,0.0,0.0,223.549,1
20240427,6,265.432,255.402,254.125,96.425,22.939,2.313,0.0,0.0,0.0,190.593,1
20240428,6,229.749,226.041,224.911,96.292,19.883,0.116,0.0,0.0,0.0,168.683,1
20240429,6,251.505,247.733,246.494,97.349,21.53,0.0,0.0,0.0,0.0,184.87,1
20240430,6,293.25,281.909,280.499,99.489,24.563,2.403,0.0,0.0,0.0,210.374,1
20240501,6,297.483,292.537,291.074,94.306,26.287,0.165,0.0,0.0,0.0,218.306,1
20240502,6,305.904,294.08,292.61,97.233,26.217,2.401,0.0,0.0,0.0,219.457,1
20240503,6,293.336,274.691,273.317,100.0,24.445,4.93,0.0,0.0,0.0,204.988,1
20240504,6,301.072,296.556,295.073,98.311,25.52,0.0,0.0,0.0,0.0,221.305,1
20240505,6,242.702,236.583,235.4,99.566,20.313,1.037,0.0,0.0,0.0,176.55,1
20240506,6,257.633,249.809,248.56,98.7,21.752,1.56,0.0,0.0,0.0,186.42,1
20240507,6,244.052,235.046,233.871,99.882,20.362,2.223,0.0,0.0,0.0,175.403,1
20240508,6,262.487,248.707,247.463,98.113,22.295,3.807,0.0,0.0,0.0,185.597,1
20240509,6,227.125,217.706,216.617,98.031,19.307,2.688,0.0,0.0,0.0,162.463,1
20240510,6,259.924,256.026,254.745,95.658,22.644,0.0,0.0,0.0,0.0,191.059,1
20240511,6,222.633,214.24,213.169,97.513,19.026,2.304,0.294,0.0,0.0,159.877,1
20240512,6,236.113,231.051,229.896,98.44,19.988,0.654,0.36,0.0,0.0,172.422,1
20240513,6,232.003,226.076,224.946,94.967,20.358,1.071,0.0,0.0,0.0,168.709,1
20240514,6,223.552,220.199,219.098,96.193,19.367,0.0,0.0,0.0,0.0,164.323,1
20240515,6,243.655,238.095,236.904,98.109,20.696,0.794,0.0,0.0,0.0,177.678,1
20240516,6,285.142,277.516,276.128,99.272,23.936,1.192,0.0,0.0,0.0,207.096,1
20240517,6,225.271,215.096,214.02,97.054,19.342,3.063,0.0,0.0,0.0,160.515,1
20240518,6,238.157,234.585,233.412,96.526,20.561,0.0,0.0,0.0,0.0,175.059,1
20240519,6,246.121,241.092,239.886,97.412,21.055,0.552,0.0,0.0,0.0,179.915,1
20240520,6,241.065,236.709,235.525,95.266,21.087,0.312,0.0,0.0,0.0,176.644,1
20240521,6,309.219,297.499,296.011,100.0,25.768,2.325,0.0,0.0,0.0,222.008,1
20240522,6,222.479,215.377,214.3,93.627,19.802,1.718,0.0,0.0,0.0,160.725,1
20240523,6,236.993,231.63,230.471,95.784,20.619,0.775,0.0,0.0,0.0,172.854,1
20240524,6,231.707,222.977,221.862,95.221,20.278,2.302,0.0,0.0,0.0,166.396,1
20240525,6,226.321,221.43,220.323,97.056,19.432,0.671,0.0,0.0,0.0,165.242,1
20240526,6,251.838,243.522,242.304,94.822,22.132,1.829,0.0,0.0,0.0,181.728,1
20240527,6,160.882,154.565,153.792,97.111,13.806,2.463,0.0,0.0,0.0,115.344,1
20240528,6,247.927,235.987,234.807,95.695,21.59,3.366,0.0,0.0,0.0,176.106,1
20240529,6,250.831,242.3,241.089,98.26,21.273,1.93,0.0,0.0,0.0,180.817,1
20240530,6,277.395,265.225,263.899,97.766,23.644,2.931,0.0,0.0,0.0,197.924,1
20240531,6,266.142,262.15,260.84,97.707,22.699,0.0,0.0,0.0,0.0,195.63,1
20240601,6,240.803,228.212,227.071,97.326,20.618,3.785,0.0,0.0,0.0,170.304,1
20240602,6,234.968,230.457,229.305,98.649,19.849,0.426,0.0,0.0,0.0,171.979,1
20240603,6,246.55,242.851,241.637,98.221,20.918,0.0,0.0,0.0,0.0,181.228,1
20240604,6,217.783,212.636,211.572,97.395,18.634,0.877,0.0,0.0,0.0,158.679,1
20240605,6,224.02,220.651,219.548,96.412,19.363,0.004,0.0,0.0,0.0,164.661,1
20240606,6,239.43,232.845,231.681,98.015,20.357,1.269,0.0,0.0,0.0,173.761,1
20240607,6,212.232,208.606,207.563,95.813,18.459,0.212,0.0,0.0,0.0,155.673,1
20240608,6,250.425,245.775,244.546,97.642,21.373,0.362,0.0,0.0,0.0,183.41,1
20240609,6,255.753,247.273,246.036,98.655,21.603,1.843,0.0,0.0,0.0,184.527,1
20240610,6,230.837,227.375,226.238,95.225,20.201,0.0,0.0,0.0,0.0,169.678,1
20240611,6,230.522,223.606,222.488,99.424,19.321,1.523,0.0,0.0,0.0,166.866,1
20240612,6,248.08,243.207,241.991,97.648,21.171,0.471,0.0,0.0,0.0,181.493,1
20240613,6,270.347,264.383,263.061,99.115,22.73,0.717,0.0,0.0,0.0,197.296,1
20240614,6,227.248,220.573,219.47,96.696,19.584,1.459,0.0,0.0,0.0,164.602,1
20240615,6,233.709,230.203,229.052,95.958,20.296,0.0,0.499,0.0,0.0,171.789,1
20240616,6,196.767,189.907,188.958,97.593,16.802,2.016,0.0,0.0,0.0,141.718,1
20240617,6,198.089,189.656,188.708,96.642,17.081,2.799,0.0,0.0,0.0,141.531,1
20240618,6,267.335,254.291,253.019,97.711,22.8,3.431,0.0,0.0,0.0,189.764,1
20240619,6,245.791,239.405,238.208,99.277,20.632,1.115,0.0,0.0,0.0,178.656,1
20240620,6,190.454,186.385,185.453,100.0,15.871,0.646,0.0,0.0,0.0,139.09,1
20240621,6,198.433,192.072,191.112,99.639,16.596,1.732,0.0,0.0,0.0,143.334,1
20240622,6,228.122,219.822,218.723,96.323,19.736,2.171,0.0,0.0,0.0,164.042,1
20240623,6,241.84,238.212,237.021,97.468,20.677,0.0,0.0,0.0,0.0,177.766,1
20240624,6,192.946,186.298,185.366,97.377,16.512,1.975,0.0,0.0,0.0,139.025,1
20240625,6,230.573,223.698,222.58,98.251,19.557,1.504,0.0,0.0,0.0,166.935,1
20240626,6,212.943,204.481,203.458,97.798,18.145,2.512,0.0,0.0,0.0,152.594,1
20240627,6,242.305,231.725,230.566,97.948,20.615,2.91,0.0,0.0,0.0,172.925,1
20240628,6,236.213,228.44,227.298,97.026,20.288,1.818,0.0,0.0,0.0,170.473,1
20240629,6,227.947,221.926,220.816,96.468,19.691,1.159,0.0,0.0,0.0,165.612,1
20240630,6,226.947,222.794,221.68,98.175,19.264,0.335,0.0,0.0,0.0,166.26,1
20240701,6,213.753,207.764,206.725,98.828,18.024,1.322,0.0,0.0,0.0,155.044,1
20240702,6,192.861,185.392,184.465,99.547,16.145,2.409,0.0,0.0,0.0,138.349,1
20240703,6,260.639,254.705,253.432,97.802,22.208,0.789,0.0,0.0,0.0,190.074,1
20240704,6,190.64,187.78,186.841,97.822,16.24,0.0,0.0,0.0,0.0,140.131,1
20240705,6,249.141,245.243,244.017,97.036,21.396,0.066,0.0,0.0,0.0,183.013,1
20240706,6,270.236,255.246,253.97,99.222,22.696,4.109,0.0,0.0,0.0,190.477,1
20240707,6,248.691,240.311,239.109,97.857,21.178,1.898,0.0,0.0,0.0,179.332,1
20240708,6,198.789,192.684,191.72,94.988,17.44,1.595,0.0,0.0,0.0,143.79,1
20240709,6,195.021,187.636,186.697,98.491,16.501,2.322,0.0,0.0,0.0,140.023,1
20240710,6,212.805,206.715,205.681,96.054,18.462,1.382,0.0,0.0,0.0,154.261,1
20240711,6,258.161,251.566,250.308,97.625,22.037,1.071,0.0,0.0,0.0,187.731,1
20240712,6,247.27,241.264,240.058,99.585,20.692,0.943,0.0,0.0,0.0,180.043,1
20240713,6,202.972,192.707,191.744,95.541,17.704,3.611,0.0,0.0,0.0,143.808,1
20240714,6,234.186,228.285,227.144,97.357,20.045,1.035,0.0,0.0,0.0,170.358,1
20240715,6,268.967,257.602,256.314,97.284,23.04,2.767,0.0,0.0,0.0,192.235,1
20240716,6,254.635,250.776,249.522,97.502,21.763,0.016,0.0,0.0,0.0,187.141,1
20240717,6,223.159,210.942,209.887,97.493,19.075,4.035,0.0,0.0,0.0,157.415,1
20240718,6,172.866,168.454,167.612,95.674,15.057,1.069,0.0,0.0,0.0,125.709,1
20240719,6,191.024,181.388,180.481,97.132,16.389,3.599,0.0,0.0,0.0,135.361,1
20240720,6,217.473,213.801,212.732,97.76,18.538,0.191,0.0,0.0,0.0,159.549,1
20240721,6,219.025,215.739,214.661,98.006,18.623,0.0,0.0,0.0,0.0,160.996,1
20240722,6,249.025,240.662,239.459,98.213,21.13,1.887,0.0,0.0,0.0,179.594,1
20240723,6,227.821,224.404,223.282,98.22,19.329,0.0,0.0,0.0,0.0,167.462,1
20240724,6,239.581,229.844,228.695,98.05,20.362,2.603,0.0,0.0,0.0,171.521,1
20240725,6,218.867,215.584,214.506,95.721,19.054,0.0,0.0,0.0,0.0,160.879,1
20240726,6,270.434,264.306,262.984,99.073,22.747,0.778,0.0,0.0,0.0,197.238,1
20240727,6,197.6,194.234,193.263,93.483,17.615,0.207,0.0,0.0,0.0,144.947,1
20240728,6,219.279,215.989,214.909,96.668,18.903,0.0,0.566,0.0,0.0,161.182,1
20240729,6,262.665,252.729,251.465,98.6,22.2,2.317,0.692,0.0,0.0,188.599,1
20240730,6,226.902,218.84,217.746,98.41,19.214,2.084,0.0,0.0,0.0,163.309,1
20240731,6,229.506,221.116,220.01,99.383,19.244,2.189,0.0,0.0,0.0,165.007,1
20240801,6,204.504,197.117,196.132,97.581,17.464,2.144,0.0,0.0,0.0,147.099,1
20240802,6,213.725,210.233,209.182,96.629,18.432,0.136,0.0,0.0,0.0,156.887,1
20240803,6,251.52,245.983,244.753,97.663,21.462,0.712,0.0,0.0,0.0,183.565,1
20240804,6,188.228,185.404,184.477,93.739,16.733,0.0,0.0,0.0,0.0,138.358,1
20240805,6,245.644,233.09,231.924,98.709,20.738,3.666,0.0,0.0,0.0,173.943,1
20240806,6,263.9,256.996,255.711,99.287,22.15,1.133,0.0,0.0,0.0,191.783,1
20240807,6,234.21,227.278,226.141,95.614,20.413,1.482,0.0,0.0,0.0,169.606,1
20240808,6,228.702,224.433,223.311,96.521,19.745,0.372,0.0,0.0,0.0,167.483,1
20240809,6,250.954,246.534,245.301,98.893,21.147,0.265,0.0,0.0,0.0,183.976,1
20240810,6,225.868,219.081,217.985,97.716,19.262,1.528,0.0,0.0,0.0,163.489,1
20240811,6,206.709,202.923,201.909,98.082,17.563,0.337,0.0,0.0,0.0,151.432,1
20240812,6,246.776,243.074,241.859,95.524,21.528,0.0,0.0,0.0,0.0,181.394,1
20240813,6,225.242,217.973,216.883,97.832,19.186,1.754,0.0,0.0,0.0,162.662,1
20240814,6,196.057,190.261,189.31,100.0,16.338,1.478,0.0,0.0,0.0,141.982,1
20240815,6,249.871,239.49,238.293,98.967,21.04,2.695,0.0,0.0,0.0,178.72,1
20240816,6,230.658,223.057,221.942,97.322,19.75,1.823,0.0,0.0,0.0,166.456,1
20240817,6,264.044,253.825,252.556,98.593,22.318,2.406,0.0,0.0,0.0,189.417,1
20240818,6,230.198,225.17,224.044,100.0,19.183,0.695,0.0,0.0,0.0,168.033,1
20240819,6,215.196,209.445,208.398,96.953,18.497,1.19,0.0,0.0,0.0,156.298,1
20240820,6,227.703,223.865,222.745,94.032,20.18,0.188,0.0,0.0,0.0,167.059,1
20240821,6,234.792,230.696,229.542,99.606,19.643,0.248,0.0,0.0,0.0,172.157,1
20240822,6,282.709,274.102,272.731,99.799,23.607,1.568,0.0,0.0,0.0,204.549,1
20240823,6,245.608,240.877,239.673,97.538,20.984,0.432,0.0,0.0,0.0,179.755,1
20240824,6,214.306,207.571,206.534,99.549,17.94,1.668,0.095,0.0,0.0,154.9,1
20240825,6,297.266,287.002,285.567,98.809,25.071,1.983,0.191,0.424,0.0,214.175,1
20240826,6,220.034,208.787,207.743,98.181,18.676,3.667,0.0,0.0,0.0,155.807,1
20240827,6,218.085,212.933,211.869,98.044,18.536,0.875,0.0,0.0,0.0,158.902,1
20240828,6,253.416,247.736,246.497,98.307,21.482,0.753,0.0,0.0,0.0,184.873,1
20240829,6,207.582,201.365,200.358,96.923,17.848,1.518,0.0,0.0,0.0,150.269,1
20240830,6,259.066,254.343,253.072,99.415,21.716,0.328,0.0,0.0,0.0,189.804,1
20240831,6,238.038,232.559,231.397,96.779,20.497,0.814,0.0,0.0,0.0,173.547,1
20240901,6,199.027,191.778,190.819,98.392,16.857,2.175,0.0,0.0,0.0,143.114,1
20240902,6,266.221,261.144,259.838,98.55,22.512,0.413,0.0,0.0,0.0,194.879,1
20240903,6,239.088,235.502,234.324,97.605,20.413,0.0,0.0,0.0,0.0,175.743,1
20240904,6,253.546,248.796,247.552,98.859,21.373,0.379,0.0,0.0,0.0,185.664,1
20240905,6,224.154,216.407,215.325,98.167,19.028,1.986,0.0,0.0,0.0,161.494,1
20240906,6,272.487,267.923,266.584,97.583,23.27,0.177,0.0,0.0,0.0,199.938,1
20240907,6,248.567,237.938,236.748,95.179,21.763,2.819,0.0,0.0,0.0,177.561,1
20240908,6,237.772,228.175,227.034,94.716,20.92,2.575,0.0,0.0,0.0,170.276,1
20240909,6,297.861,292.304,290.842,97.196,25.538,0.371,0.251,0.0,0.0,218.132,1
20240910,6,292.824,281.257,279.851,97.302,25.079,2.487,0.0,0.0,0.0,209.888,1
20240911,6,201.263,194.502,193.529,97.882,17.135,1.888,0.0,0.0,0.0,145.147,1
20240912,6,289.355,275.477,274.1,99.46,24.244,3.346,0.0,0.0,0.0,205.575,1
20240913,6,221.643,215.66,214.582,98.365,18.777,1.218,0.0,0.0,0.0,160.937,1
20240914,6,259.401,252.989,251.724,97.973,22.064,0.987,0.0,0.0,0.0,188.793,1
20240915,6,230.192,221.445,220.338,96.791,19.819,2.335,0.0,0.0,0.0,165.253,1
20240916,6,269.567,258.718,257.424,99.215,22.642,2.563,0.0,0.0,0.0,193.068,1
20240917,6,257.344,253.484,252.217,97.196,22.064,0.0,0.0,0.0,0.0,189.163,1
20240918,6,289.264,280.421,279.019,96.884,24.881,1.581,0.0,0.0,0.0,209.264,1
20240919,6,244.151,238.445,237.252,94.537,21.522,0.85,0.0,0.0,0.0,177.939,1
20240920,6,283.538,276.77,275.386,96.705,24.433,0.901,0.0,0.0,0.0,206.539,1
20240921,6,252.721,243.354,242.138,99.412,21.185,2.24,0.0,0.0,0.0,181.603,1
20240922,6,233.105,224.449,223.327,100.0,19.425,2.247,0.0,0.0,0.0,167.495,1
20240923,6,254.257,250.403,249.151,96.781,21.893,0.016,0.0,0.0,0.0,186.863,1
20240924,6,234.844,229.107,227.961,99.726,19.624,0.957,0.0,0.0,0.0,170.971,1
20240925,6,263.452,257.226,255.94,99.646,22.032,0.876,0.0,0.0,0.0,191.955,1
20240926,6,247.021,238.319,237.127,96.495,21.333,2.054,0.0,0.0,0.0,177.845,1
20240927,6,258.486,247.596,246.358,98.972,21.764,2.754,0.0,0.0,0.0,184.769,1
20240928,6,328.896,322.508,320.895,99.017,27.68,0.449,0.0,0.0,0.0,240.671,1
20240929,6,254.841,250.904,249.65,97.404,21.803,0.046,0.0,0.0,0.0,187.237,1
20240930,6,275.844,263.984,262.664,98.576,23.319,2.842,0.0,0.0,0.0,196.998,1
20241001,6,301.2,289.774,288.325,98.03,25.604,2.328,0.701,0.0,0.0,216.244,1
20241002,6,325.09,317.514,315.927,98.753,27.433,0.843,0.0,0.0,0.0,236.945,1
20241003,6,290.432,283.767,282.348,98.167,24.655,0.807,0.0,0.0,0.0,211.761,1
20241004,6,244.014,237.406,236.219,99.271,20.484,1.227,0.0,0.0,0.0,177.164,1
20241005,6,242.638,237.529,236.341,96.862,20.875,0.615,0.0,0.0,0.0,177.256,1
20241006,6,249.164,245.117,243.891,96.424,21.534,0.126,0.0,0.0,0.0,182.918,1
20241007,6,290.072,279.97,278.57,97.801,24.716,2.013,0.0,0.0,0.0,208.927,1
20241008,6,289.7,282.031,280.62,98.611,24.482,1.165,0.0,0.0,0.0,210.465,1
20241009,6,250.158,240.743,239.539,98.758,21.109,2.298,0.0,0.0,0.0,179.654,1
20241010,6,263.72,259.764,258.465,99.37,22.116,0.0,0.0,0.0,0.0,193.849,1
20241011,6,292.625,288.236,286.795,98.141,24.847,0.0,0.0,0.0,0.0,215.096,1
20241012,6,267.959,263.94,262.62,97.171,22.98,0.0,0.0,0.0,0.0,196.965,1
20241013,6,295.909,286.467,285.035,97.131,25.387,1.716,0.0,0.0,0.0,213.776,1
20241014,6,267.09,258.026,256.736,95.065,23.413,1.922,0.0,0.0,0.0,192.552,1
20241015,6,266.514,256.709,255.425,95.315,23.301,2.212,0.0,0.0,0.0,191.569,1
20241016,6,266.998,255.445,254.168,94.973,23.427,2.87,0.0,0.0,0.0,190.626,1
20241017,6,283.406,277.966,276.577,97.432,24.24,0.426,0.0,0.0,0.0,207.432,1
20241018,6,277.001,266.158,264.827,96.119,24.015,2.451,0.0,0.0,0.0,198.62,1
20241019,6,300.498,294.075,292.604,99.828,25.085,0.647,0.0,0.0,0.0,219.453,1
20241020,6,351.723,343.47,341.753,100.0,29.31,0.859,0.0,0.0,0.0,256.315,1
20241021,6,272.548,268.269,266.928,98.287,23.108,0.071,0.0,0.0,0.0,200.196,1
20241022,6,298.712,288.789,287.345,99.503,25.017,1.85,0.0,0.0,0.0,215.509,1
20241023,6,244.778,237.039,235.854,96.242,21.195,1.687,0.0,0.0,0.0,176.89,1
20241024,6,304.885,299.223,297.727,97.459,26.07,0.363,0.0,0.0,0.0,223.295,1
20241025,6,302.123,290.261,288.809,97.332,25.867,2.463,0.0,0.0,0.0,216.607,1
20241026,6,336.646,316.388,314.806,98.987,28.341,4.587,0.0,0.0,0.0,236.104,1
20241027,6,266.949,261.399,260.092,98.822,22.511,0.588,0.161,0.0,0.0,195.069,1
20241028,6,307.33,297.214,295.728,97.975,26.14,1.819,0.0,0.0,0.0,221.796,1
20241029,6,319.169,314.381,312.809,100.0,26.597,0.0,0.0,0.0,0.0,234.607,1
20241030,6,315.751,309.965,308.416,98.772,26.64,0.337,0.0,0.0,0.0,231.312,1
20241031,6,286.506,277.836,276.446,97.679,24.443,1.549,0.0,0.0,0.0,207.335,1
20241101,6,322.864,316.322,314.74,98.353,27.356,0.534,0.0,0.0,0.0,236.055,1
20241102,6,347.666,340.933,339.228,97.333,29.766,0.443,0.0,0.0,0.0,254.421,1
20241103,6,305.03,297.247,295.761,96.416,26.364,1.068,0.0,0.0,0.0,221.82,1
20241104,6,315.41,307.102,305.567,97.508,26.956,1.151,0.0,0.0,0.0,229.175,1
20241105,6,256.01,250.235,248.983,97.895,21.793,0.768,0.0,0.103,0.0,186.738,1
20241106,6,330.684,322.588,320.975,98.3,28.034,0.963,0.0,0.0,0.0,240.731,1
20241107,6,311.372,294.981,293.506,94.529,27.449,3.821,0.0,0.0,0.0,220.13,1
20241108,6,272.25,263.86,262.541,95.824,23.676,1.606,0.0,0.0,0.0,196.906,1
20241109,6,306.929,302.325,300.813,96.558,26.489,0.0,0.0,0.0,0.0,225.61,1
20241110,6,261.584,251.541,250.283,96.929,22.489,2.375,0.0,0.0,0.0,187.712,1
20241111,6,353.387,348.086,346.346,98.48,29.903,0.0,0.0,0.0,0.0,259.759,1
20241112,6,292.672,282.182,280.771,96.997,25.144,2.116,0.0,0.0,0.0,210.578,1
20241113,6,329.633,320.984,319.379,98.72,27.826,1.141,0.0,0.0,0.0,239.534,1
20241114,6,321.243,315.711,314.132,96.395,27.771,0.225,0.0,0.0,0.0,235.599,1
20241115,6,331.933,319.534,317.937,98.297,28.14,2.269,0.0,0.0,0.0,238.453,1
20241116,6,305.582,294.745,293.271,96.6,26.361,2.077,0.0,0.0,0.0,219.953,1
20241117,6,301.687,297.161,295.675,95.791,26.245,0.0,0.0,0.0,0.0,221.757,1
20241118,6,316.073,311.332,309.776,100.0,26.339,0.0,0.0,0.0,0.0,232.332,1
20241119,6,277.642,258.525,257.232,98.694,23.443,5.468,0.532,0.0,0.0,192.924,1
20241120,6,300.431,290.454,289.001,98.084,25.525,1.849,0.0,0.0,0.0,216.751,1
20241121,6,286.208,281.915,280.505,97.174,24.544,0.0,0.0,0.0,0.0,210.379,1
20241122,6,311.253,306.585,305.052,100.0,25.938,0.0,0.265,0.0,0.0,228.789,1
20241123,6,288.251,277.727,276.339,97.164,24.722,2.184,0.0,0.0,0.0,207.254,1
20241124,6,321.236,305.798,304.269,99.344,26.946,3.356,0.0,0.343,0.0,228.202,1
20241125,6,317.351,310.502,308.95,97.106,27.234,0.668,0.0,0.0,0.0,231.712,1
20241126,6,291.828,284.582,283.159,99.479,24.446,0.998,0.0,0.0,0.0,212.369,1
20241127,6,316.715,310.019,308.469,95.91,27.518,0.624,0.0,0.0,0.0,231.352,1
20241128,6,386.899,381.096,379.19,98.145,32.851,0.0,0.0,0.0,0.0,284.393,1
20241129,6,343.416,338.264,336.573,100.0,28.618,0.0,0.0,0.0,0.0,252.43,1
20241130,6,298.62,294.14,292.67,97.79,25.447,0.0,0.0,0.0,0.0,219.502,1
20241201,6,262.745,252.574,251.311,98.215,22.293,2.407,0.0,0.0,0.0,188.483,1
20241202,6,344.926,334.892,333.217,97.511,29.478,1.431,0.0,0.0,0.0,249.913,1
20241203,6,381.532,375.809,373.93,99.207,32.049,0.0,0.0,0.0,0.0,280.448,1
20241204,6,342.579,335.699,334.021,96.254,29.659,0.516,0.0,0.0,0.0,250.516,1
20241205,6,421.895,398.786,396.792,98.236,35.789,4.038,0.0,0.0,0.0,297.594,1
20241206,6,337.675,328.653,327.01,96.651,29.115,1.19,0.0,0.0,0.0,245.258,1
20241207,6,345.113,336.154,334.473,100.0,28.759,1.113,0.0,0.0,0.0,250.855,1
20241208,6,314.666,305.391,303.864,99.108,26.458,1.469,0.0,0.0,0.0,227.898,1
20241209,6,315.181,305.003,303.478,95.471,27.511,1.756,0.0,0.0,0.0,227.608,1
20241210,6,335.989,330.95,329.295,100.0,27.999,0.0,0.0,0.0,0.0,246.971,1
20241211,6,290.353,280.151,278.75,98.426,24.583,2.044,0.555,0.0,0.0,209.063,1
20241212,6,365.663,359.208,357.412,98.904,30.809,0.269,0.0,0.0,0.0,268.059,1
20241213,6,313.796,307.663,306.124,95.936,27.257,0.461,0.0,0.0,0.0,229.593,1
20241214,6,309.233,302.769,301.255,96.362,26.742,0.599,0.0,0.0,0.0,225.941,1
20241215,6,331.188,324.043,322.423,94.862,29.094,0.667,0.0,0.0,0.0,241.817,1
20241216,6,319.862,311.733,310.175,98.804,26.978,1.057,0.0,0.0,0.0,232.631,1
20241217,6,334.504,318.37,316.778,100.0,27.875,3.374,0.0,0.0,0.0,237.584,1
20241218,6,349.432,333.266,331.6,96.489,30.179,3.174,0.0,0.0,0.0,248.7,1
20241219,6,356.051,350.71,348.957,99.35,29.865,0.0,0.0,0.0,0.0,261.717,1
20241220,6,340.468,332.748,331.084,99.555,28.499,0.779,0.632,0.194,0.0,248.313,1
20241221,6,338.546,333.468,331.8,97.819,28.841,0.0,0.0,0.0,0.0,248.85,1
20241222,6,315.088,304.551,303.028,96.307,27.264,1.872,0.0,0.0,0.0,227.271,1
20241223,6,290.258,280.252,278.851,97.353,24.846,1.977,0.0,0.0,0.0,209.138,1
20241224,6,368.976,360.099,358.298,98.209,31.309,0.92,0.0,0.0,0.0,268.724,1
20241225,6,367.79,359.205,357.409,98.86,31.003,0.847,0.0,0.0,0.0,268.057,1
20241226,6,268.647,264.617,263.294,98.16,22.807,0.0,0.0,0.0,0.0,197.471,1
20241227,6,308.094,303.472,301.955,96.85,26.51,0.0,0.0,0.0,0.0,226.466,1
20241228,6,345.536,335.407,333.73,97.175,29.632,1.453,0.0,0.0,0.0,250.298,1
20241229,6,415.919,408.958,406.913,97.141,35.68,0.176,0.0,0.0,0.0,305.185,1
20241230,6,348.662,343.432,341.715,97.005,29.952,0.0,0.0,0.0,0.0,256.286,1
20241231,6,362.262,345.836,344.107,95.636,31.566,3.08,0.0,0.0,0.0,258.08,1
20250101,6,302.361,290.02,288.57,97.722,25.784,2.621,0.0,0.0,0.0,216.427,1
20250102,6,327.015,316.304,314.723,99.018,27.522,1.802,0.0,0.0,0.0,236.042,1
20250103,6,338.564,329.034,327.389,96.788,29.15,1.335,0.0,0.0,0.0,245.542,1
20250104,6,335.335,318.434,316.842,98.397,28.4,3.594,0.0,0.0,0.0,237.632,1
20250105,6,373.1,367.503,365.666,98.424,31.589,0.0,0.0,0.0,0.0,274.249,1
20250106,6,338.415,331.127,329.471,93.827,30.056,0.663,0.0,0.0,0.0,247.104,1
20250107,6,419.98,399.178,397.182,100.0,34.998,3.506,0.0,0.0,0.0,297.887,1
20250108,6,352.206,345.253,343.526,96.087,30.546,0.481,0.0,0.0,0.0,257.645,1
20250109,6,343.055,337.909,336.219,97.975,29.179,0.0,0.0,0.0,0.0,252.164,1
20250110,6,360.892,355.478,353.701,96.138,31.282,0.0,0.0,0.0,0.0,265.276,1
20250111,6,295.695,291.259,289.803,97.066,25.386,0.0,0.0,0.0,0.0,217.352,1
20250112,6,327.38,318.912,317.317,96.374,28.308,1.103,0.0,0.0,0.0,237.988,1
20250113,6,319.823,310.839,309.284,100.0,26.652,1.329,0.0,0.0,0.0,231.963,1
20250114,6,324.621,319.596,317.998,96.354,28.075,0.049,0.0,0.0,0.0,238.499,1
20250115,6,403.634,389.287,387.341,100.0,33.636,2.086,0.0,0.0,0.0,290.506,1
20250116,6,301.327,294.508,293.036,96.676,25.974,0.774,0.0,0.0,0.0,219.777,1
20250117,6,289.51,281.317,279.91,96.447,25.015,1.35,0.0,0.0,0.0,209.933,1
20250118,6,265.5,257.895,256.605,98.922,22.366,1.385,0.0,0.0,0.0,192.454,1
20250119,6,309.69,298.225,296.734,94.983,27.171,2.236,0.0,0.0,0.0,222.55,1
20250120,6,399.374,385.181,383.255,97.836,34.017,2.085,0.0,0.0,0.0,287.441,1
20250121,6,313.003,303.389,301.873,96.744,26.961,1.595,0.0,0.0,0.0,226.404,1
20250122,6,316.084,304.421,302.898,94.519,27.868,2.223,0.0,0.0,0.0,227.174,1
20250123,6,353.729,344.486,342.764,99.671,29.575,1.13,0.0,0.0,0.0,257.073,1
20250124,6,327.021,318.217,316.626,98.232,27.742,1.21,0.0,0.0,0.0,237.469,1
20250125,6,346.188,332.38,330.718,95.99,30.054,2.527,0.0,0.0,0.0,248.038,1
20250126,6,362.534,353.943,352.173,99.944,30.228,0.883,0.0,0.0,0.0,264.13,1
20250127,6,366.159,360.666,358.863,97.227,31.384,0.0,0.0,0.0,0.0,269.147,1
20250128,6,304.357,295.659,294.18,95.616,26.526,1.379,0.0,0.0,0.0,220.635,1
20250129,6,351.875,337.16,335.474,98.036,29.91,2.723,0.0,0.0,0.0,251.606,1
20250130,6,364.298,345.486,343.758,96.831,31.352,3.72,0.092,0.0,0.0,257.819,1
20250131,6,285.654,271.385,270.028,94.453,25.202,3.548,0.0,0.0,0.0,202.521,1
20250201,6,366.978,353.314,351.547,99.594,30.706,2.257,0.0,0.0,0.0,263.66,1
20250202,6,291.389,278.176,276.785,97.487,24.908,3.081,0.15,0.0,0.0,207.589,1
20250203,6,312.505,307.817,306.278,98.699,26.385,0.0,0.0,0.0,0.0,229.709,1
20250204,6,278.97,270.061,268.711,98.228,23.667,1.719,0.0,0.0,0.0,201.533,1
20250205,6,323.948,313.46,311.893,96.429,27.995,1.764,0.0,0.0,0.0,233.919,1
20250206,6,316.11,307.377,305.84,95.717,27.521,1.282,0.494,0.0,0.0,229.38,1
20250207,6,317.384,304.441,302.919,96.166,27.503,2.617,0.0,0.0,0.0,227.189,1
20250208,6,348.047,341.734,340.026,97.624,29.71,0.319,0.0,0.0,0.0,255.019,1
20250209,6,318.71,309.53,307.982,96.789,27.44,1.401,0.0,0.0,0.0,230.987,1
20250210,6,383.894,373.672,371.804,99.36,32.197,1.18,0.0,0.0,0.0,278.853,1
20250211,6,350.042,336.314,334.633,97.164,30.022,2.459,0.0,0.0,0.0,250.974,1
20250212,6,280.998,272.408,271.046,96.859,24.176,1.581,0.0,0.0,0.0,203.285,1
20250213,6,339.568,330.739,329.085,97.03,29.163,1.117,0.0,0.0,0.0,246.814,1
20250214,6,335.549,319.427,317.83,96.821,28.88,3.355,0.0,0.0,0.0,238.372,1
20250215,6,359.922,351.708,349.95,95.702,31.341,0.794,0.0,0.0,0.0,262.462,1
20250216,6,344.647,325.542,323.915,96.961,29.621,4.105,0.0,0.0,0.0,242.936,1
20250217,6,340.705,330.037,328.386,95.476,29.737,1.656,0.0,0.0,0.0,246.29,1
20250218,6,342.429,327.665,326.027,95.716,29.813,2.855,0.0,0.0,0.0,244.52,1
20250219,6,348.746,334.513,332.841,100.0,29.062,2.621,0.0,0.0,0.0,249.631,1
20250220,6,375.784,370.147,368.296,97.38,32.158,0.0,0.0,0.0,0.0,276.222,1
20250221,6,338.818,329.905,328.256,98.581,28.641,1.148,0.0,0.0,0.0,246.192,1
20250222,6,267.063,255.614,254.336,99.994,22.257,2.83,0.0,0.0,0.0,190.752,1
20250223,6,358.073,348.812,347.068,97.91,30.477,1.103,0.0,0.0,0.0,260.301,1
20250224,6,362.341,352.186,350.425,96.484,31.295,1.322,0.0,0.0,0.0,262.819,1
20250225,6,337.21,332.151,330.491,95.433,29.446,0.0,0.0,0.0,0.0,247.868,1
20250226,6,293.045,284.111,282.691,94.225,25.917,1.572,0.0,0.0,0.0,212.018,1
20250227,6,321.539,315.761,314.182,94.41,28.381,0.302,0.0,0.0,0.0,235.636,1
20250228,6,314.079,305.688,304.16,97.869,26.743,1.189,0.0,0.0,0.0,228.12,1
20250301,6,338.907,329.772,328.124,96.114,29.384,1.213,0.0,0.0,0.0,246.093,1
20250302,6,342.367,332.184,330.523,97.642,29.22,1.497,0.0,0.0,0.0,247.892,1
20250303,6,317.847,311.803,310.244,96.011,27.588,0.408,0.0,0.0,0.0,232.683,1
20250304,6,292.2,285.913,284.484,96.354,25.271,0.661,0.0,0.0,0.0,213.363,1
20250305,6,285.808,273.284,271.918,95.81,24.859,2.926,0.0,0.0,0.0,203.938,1
20250306,6,271.221,262.153,260.842,95.192,23.743,1.872,0.0,0.071,0.0,195.631,1
20250307,6,320.797,314.849,313.274,97.43,27.438,0.359,0.0,0.0,0.0,234.956,1
20250308,6,282.856,275.849,274.469,97.904,24.076,0.992,0.0,0.0,0.0,205.852,1
20250309,6,315.868,302.75,301.237,98.098,26.833,2.693,0.0,0.0,0.0,225.927,1
20250310,6,311.005,298.11,296.62,99.629,26.014,2.686,0.0,0.0,0.0,222.465,1
20250311,6,310.392,296.451,294.969,97.847,26.435,3.037,0.0,0.0,0.0,221.227,1
20250312,6,351.284,340.958,339.253,99.084,29.544,1.461,0.0,0.0,0.0,254.44,1
20250313,6,333.424,321.779,320.17,96.721,28.727,2.023,0.0,0.0,0.0,240.127,1
20250314,6,341.842,333.736,332.067,96.838,29.417,0.885,0.0,0.0,0.0,249.05,1
20250315,6,287.376,276.859,275.474,96.13,24.912,2.193,0.0,0.0,0.0,206.606,1
20250316,6,328.882,320.879,319.275,95.236,28.778,0.948,0.0,0.0,0.0,239.456,1
20250317,6,303.226,297.142,295.656,97.169,26.005,0.514,0.0,0.0,0.0,221.742,1
20250318,6,348.708,341.037,339.332,97.538,29.793,0.71,0.0,0.0,0.0,254.499,1
20250319,6,290.778,282.779,281.365,98.648,24.564,1.27,0.0,0.0,0.0,211.024,1
20250320,6,294.988,281.58,280.172,96.621,25.442,3.091,0.0,0.0,0.0,210.129,1
20250321,6,334.305,323.24,321.624,96.558,28.852,1.837,0.0,0.0,0.0,241.218,1
20250322,6,278.094,270.12,268.769,95.075,24.375,1.388,0.0,0.0,0.0,201.577,1
20250323,6,311.899,304.827,303.303,98.432,26.406,0.779,0.0,0.0,0.0,227.477,1
20250324,6,288.237,283.913,282.494,97.258,24.697,0.0,0.0,0.0,0.0,211.87,1
20250325,6,281.921,275.314,273.938,97.732,24.039,0.856,0.0,0.0,0.0,205.453,1
20250326,6,329.484,322.203,320.592,98.565,27.857,0.721,0.0,0.0,0.0,240.444,1
20250327,6,263.395,257.625,256.336,95.803,22.911,0.701,0.0,0.0,0.0,192.252,1
20250328,6,318.018,313.248,311.681,97.199,27.265,0.0,0.0,0.301,0.0,233.761,1
20250329,6,304.181,299.619,298.121,97.417,26.021,0.0,0.0,0.0,0.0,223.59,1
20250330,6,294.229,288.326,286.884,95.453,25.687,0.514,0.0,0.0,0.0,215.163,1
20250331,6,325.496,311.728,310.17,95.952,28.269,2.771,0.0,0.0,0.0,232.627,1
20250401,6,341.72,334.638,332.965,94.99,29.979,0.581,0.0,0.0,0.0,249.724,1
20250402,6,293.035,284.508,283.086,97.324,25.091,1.431,0.0,0.0,0.0,212.314,1
20250403,6,259.133,253.937,252.667,96.882,22.289,0.513,0.0,0.0,0.0,189.501,1
20250404,6,319.924,315.125,313.55,97.411,27.369,0.0,0.173,0.0,0.0,235.162,1
20250405,6,283.576,276.776,275.392,97.918,24.134,0.912,0.0,0.0,0.0,206.544,1
20250406,6,284.572,277.108,275.722,98.669,24.034,1.14,0.0,0.0,0.0,206.792,1
20250407,6,299.707,287.528,286.091,98.137,25.45,2.602,0.0,0.0,0.0,214.568,1
20250408,6,252.795,244.08,242.86,96.543,21.82,1.977,0.0,0.0,0.0,182.145,1
20250409,6,214.911,211.687,210.629,97.782,18.315,0.0,0.0,0.0,0.0,157.972,1
20250410,6,309.11,299.428,297.931,97.514,26.416,1.657,0.0,0.0,0.0,223.448,1
20250411,6,316.644,308.65,307.107,97.194,27.149,1.04,0.0,0.0,0.0,230.33,1
20250412,6,255.523,246.511,245.278,98.514,21.615,2.058,0.0,0.0,0.0,183.958,1
20250413,6,215.298,205.227,204.201,96.546,18.583,3.226,0.0,0.0,0.0,153.151,1
20250414,6,258.924,249.393,248.146,100.0,21.577,2.214,0.0,0.0,0.0,186.109,1
20250415,6,311.221,306.552,305.02,98.475,26.337,0.0,0.0,0.0,0.0,228.765,1
20250416,6,258.314,253.151,251.885,97.358,22.11,0.506,0.0,0.0,0.0,188.914,1
20250417,6,270.25,259.354,258.057,96.18,23.415,2.57,0.0,0.0,0.0,193.543,1
20250418,6,306.881,296.67,295.187,96.831,26.41,1.855,0.0,0.0,0.0,221.39,1
20250419,6,271.042,264.016,262.696,96.874,23.316,1.109,0.0,0.0,0.0,197.022,1
20250420,6,295.877,289.548,288.1,97.707,25.235,0.649,0.0,0.0,0.0,216.075,1
20250421,6,243.876,239.023,237.828,96.891,20.975,0.497,0.0,0.0,0.0,178.371,1
20250422,6,241.524,236.266,235.084,95.102,21.164,0.688,0.0,0.0,0.0,176.313,1
20250423,6,244.829,240.077,238.877,96.228,21.202,0.447,0.0,0.0,0.0,179.158,1
20250424,6,271.758,267.681,266.343,100.0,22.646,0.0,0.0,0.0,0.0,199.757,1
20250425,6,265.66,257.51,256.222,96.533,22.933,1.592,0.0,0.0,0.0,192.167,1
20250426,6,245.278,238.291,237.1,96.508,21.179,1.369,0.0,0.0,0.0,177.825,1
20250427,6,274.256,264.579,263.256,97.575,23.423,2.059,0.0,0.0,0.0,197.442,1
20250428,6,286.677,281.633,280.224,97.535,24.493,0.264,0.0,0.0,0.0,210.168,1
20250429,6,249.406,242.868,241.654,98.316,21.14,1.138,0.0,0.0,0.0,181.24,1
20250430,6,292.477,283.219,281.803,98.455,24.755,1.691,0.0,0.0,0.0,211.352,1
20250501,6,279.609,268.979,267.634,95.173,24.482,2.337,0.0,0.0,0.0,200.725,1
20250502,6,289.852,285.413,283.986,98.383,24.551,0.032,0.147,0.0,0.0,212.989,1
20250503,6,235.353,229.668,228.52,96.904,20.239,0.93,0.0,0.0,0.0,171.39,1
20250504,6,257.093,249.405,248.158,95.982,22.321,1.513,0.0,0.0,0.0,186.119,1
20250505,6,277.942,273.249,271.883,98.242,23.576,0.191,0.0,0.0,0.0,203.912,1
20250506,6,271.087,259.703,258.405,97.182,23.246,2.741,0.0,0.0,0.0,193.804,1
20250507,6,253.163,244.879,243.654,99.101,21.288,1.799,0.0,0.0,0.0,182.741,1
20250508,6,239.354,231.276,230.12,98.841,20.18,1.903,0.0,0.0,0.0,172.59,1
20250509,6,268.314,261.559,260.251,98.086,22.796,1.033,0.0,0.0,0.0,195.188,1
20250510,6,284.879,280.606,279.203,99.168,23.939,0.0,0.0,0.0,0.0,209.402,1
20250511,6,277.829,271.1,269.745,99.335,23.307,0.936,0.0,0.0,0.0,202.309,1
20250512,6,247.808,243.811,242.592,97.848,21.105,0.115,0.0,0.0,0.0,181.944,1
20250513,6,271.986,265.401,264.074,97.859,23.161,0.935,0.0,0.0,0.0,198.056,1
20250514,6,282.298,272.01,270.65,96.838,24.293,2.177,0.0,0.0,0.0,202.987,1
20250515,6,285.246,273.422,272.054,99.127,23.98,2.686,0.0,0.0,0.0,204.041,1
20250516,6,289.415,278.022,276.632,95.817,25.171,2.473,0.0,0.0,0.0,207.474,1
20250517,6,208.548,202.284,201.272,94.83,18.326,1.527,0.0,0.0,0.0,150.954,1
20250518,6,218.55,215.272,214.195,94.965,19.178,0.0,0.0,0.0,0.0,160.646,1
20250519,6,232.688,220.543,219.44,97.388,19.911,3.776,0.081,0.0,0.0,164.58,1
20250520,6,237.286,231.072,229.917,95.517,20.702,1.136,0.0,0.0,0.0,172.437,1
20250521,6,271.245,259.029,257.734,100.0,22.604,3.049,0.0,0.0,0.0,193.3,1
20250522,6,238.338,226.556,225.423,98.684,20.126,3.496,0.0,0.0,0.0,169.067,1
20250523,6,249.039,245.303,244.076,94.881,21.873,0.0,0.0,0.0,0.0,183.057,1
20250524,6,249.128,242.341,241.129,93.728,22.15,1.243,0.0,0.0,0.0,180.847,1
20250525,6,233.89,228.4,227.258,96.278,20.244,0.86,0.0,0.0,0.0,170.444,1
20250526,6,208.123,201.111,200.106,97.545,17.78,1.897,0.0,0.0,0.0,150.079,1
20250527,6,240.143,233.548,232.38,97.674,20.488,1.265,0.0,0.0,0.0,174.285,1
20250528,6,265.989,256.855,255.571,99.052,22.378,1.963,0.0,0.0,0.0,191.678,1
20250529,6,251.708,240.86,239.656,96.435,21.751,2.852,0.0,0.0,0.0,179.742,1
20250530,6,203.54,198.661,197.667,99.96,16.968,0.911,0.0,0.0,0.0,148.25,1
20250531,6,248.72,244.989,243.764,96.539,21.47,0.0,0.0,0.0,0.0,182.823,1
20250601,6,297.58,292.511,291.048,97.595,25.41,0.207,0.0,0.0,0.0,218.286,1
20250602,6,233.336,225.756,224.627,97.637,19.915,1.775,0.0,0.0,0.0,168.47,1
20250603,6,245.718,239.618,238.42,98.089,20.875,0.997,0.0,0.0,0.0,178.815,1
20250604,6,270.528,265.285,263.958,96.084,23.463,0.445,0.0,0.0,0.0,197.969,1
20250605,6,215.642,204.927,203.902,98.828,18.183,3.522,0.0,0.0,0.0,152.927,1
20250606,6,199.236,195.402,194.425,97.37,17.051,0.431,0.0,0.0,0.0,145.819,1
20250607,6,256.553,252.705,251.442,97.474,21.934,0.0,0.0,0.0,0.0,188.581,1
20250608,6,241.266,236.897,235.713,97.121,20.701,0.315,0.0,0.0,0.0,176.784,1
20250609,6,275.673,271.538,270.18,98.561,23.308,0.0,0.0,0.0,0.0,202.635,1
20250610,6,223.494,217.601,216.513,98.101,18.985,1.154,0.0,0.0,0.0,162.385,1
20250611,6,242.766,232.899,231.735,97.486,20.752,2.603,0.0,0.0,0.0,173.801,1
20250612,6,252.605,247.837,246.597,100.0,21.05,0.394,0.0,0.0,0.0,184.948,1
20250613,6,196.125,193.183,192.217,97.29,16.799,0.0,0.0,0.0,0.0,144.163,1
20250614,6,232.857,225.625,224.497,98.108,19.779,1.63,0.0,0.0,0.0,168.373,1
20250615,6,263.956,252.089,250.829,99.804,22.04,3.041,0.0,0.0,0.0,188.121,1
20250616,6,212.54,205.118,204.092,100.0,17.712,2.022,0.0,0.0,0.0,153.069,1
20250617,6,179.891,176.503,175.621,95.941,15.625,0.389,0.0,0.0,0.0,131.716,1
20250618,6,226.131,217.699,216.611,98.419,19.147,2.263,0.0,0.0,0.0,162.458,1
20250619,6,241.82,231.529,230.371,97.127,20.748,2.798,0.0,0.0,0.0,172.779,1
20250620,6,238.677,233.398,232.231,99.486,19.993,0.723,0.0,0.0,0.0,174.173,1
20250621,6,213.997,206.448,205.416,99.238,17.97,2.059,0.0,0.0,0.0,154.062,1
20250622,6,240.54,235.048,233.873,96.415,20.79,0.795,0.0,0.0,0.0,175.405,1
20250623,6,227.907,221.151,220.045,98.695,19.243,1.487,0.0,0.0,0.0,165.034,1
20250624,6,219.819,212.764,211.7,96.098,19.062,1.736,0.0,0.0,0.0,158.775,1
20250625,6,238.5,234.885,233.71,96.408,20.616,0.016,0.0,0.0,0.0,175.283,1
20250626,6,229.831,224.66,223.537,97.894,19.565,0.762,0.0,0.0,0.0,167.652,1
20250627,6,246.523,240.639,239.436,96.28,21.337,0.9,0.0,0.0,0.0,179.577,1
20250628,6,228.762,218.558,217.465,95.483,19.965,3.006,0.0,0.0,0.0,163.099,1
20250629,6,250.523,244.726,243.502,99.151,21.056,0.827,0.0,0.0,0.0,182.626,1
20250630,6,280.38,271.68,270.322,97.03,24.08,1.627,0.0,0.0,0.0,202.741,1
20250701,6,221.948,217.613,216.525,95.7,19.327,0.46,0.0,0.0,0.0,162.394,1
20250702,6,185.376,177.959,177.069,98.157,15.738,2.539,0.0,0.0,0.0,132.802,1
20250703,6,202.626,199.586,198.588,96.188,17.555,0.0,0.0,0.0,0.0,148.941,1
20250704,6,232.138,222.995,221.88,98.898,19.56,2.476,0.0,0.0,0.0,166.41,1
20250705,6,167.803,165.286,164.46,99.92,13.995,0.0,0.0,0.0,0.0,123.345,1
20250706,6,190.783,184.477,183.554,100.0,15.899,1.833,0.0,0.0,0.0,137.666,1
20250707,6,246.858,238.176,236.985,99.118,20.755,2.048,0.0,0.0,0.0,177.739,1
20250708,6,234.789,225.621,224.493,94.777,20.644,2.441,0.0,0.0,0.0,168.37,1
20250709,6,213.136,206.283,205.252,98.558,18.021,1.741,0.0,0.0,0.0,153.939,1
20250710,6,225.509,222.127,221.016,98.571,19.065,0.0,0.0,0.0,0.0,165.762,1
20250711,6,213.949,206.005,204.975,96.774,18.423,2.247,0.0,0.0,0.0,153.731,1
20250712,6,195.107,188.75,187.807,98.176,16.561,1.785,0.0,0.0,0.0,140.855,1
20250713,6,246.287,237.934,236.744,97.58,21.033,1.92,0.0,0.0,0.0,177.558,1
20250714,6,238.242,229.806,228.657,94.931,20.914,2.072,0.0,0.0,0.0,171.493,1
20250715,6,216.046,206.608,205.575,96.406,18.675,2.912,0.0,0.0,0.0,154.182,1
20250716,6,268.543,262.862,261.548,99.001,22.604,0.625,0.728,0.0,0.0,196.161,1
20250717,6,207.203,202.745,201.732,96.445,17.903,0.661,0.319,0.0,0.0,151.299,1
20250718,6,231.709,228.234,227.093,98.465,19.61,0.0,0.0,0.0,0.0,170.319,1
20250719,6,204.009,199.108,198.112,97.409,17.453,0.916,0.249,0.0,0.0,148.584,1
20250720,6,260.877,256.08,254.8,98.316,22.112,0.344,0.0,0.0,0.0,191.1,1
20250721,6,225.902,220.832,219.728,97.914,19.226,0.756,0.0,0.0,0.0,164.796,1
20250722,6,218.858,215.575,214.497,100.0,18.238,0.0,0.0,0.0,0.0,160.873,1
20250723,6,220.17,214.284,213.213,98.91,18.55,1.191,0.0,0.0,0.0,159.909,1
20250724,6,247.151,239.113,237.918,96.363,21.373,1.779,0.0,0.0,0.0,178.438,1
20250725,6,222.187,217.123,216.037,97.939,18.905,0.791,0.0,0.0,0.0,162.028,1
20250726,6,212.134,208.952,207.907,96.795,18.263,0.0,0.0,0.0,0.0,155.93,1
20250727,6,216.592,213.343,212.276,95.903,18.82,0.0,0.0,0.0,0.0,159.207,1
20250728,6,209.369,201.156,200.151,98.03,17.798,2.459,0.0,0.0,0.0,150.113,1
20250729,6,219.602,208.514,207.471,96.339,18.996,3.603,0.0,0.0,0.0,155.603,1
20250730,6,265.923,259.19,257.894,97.208,22.797,1.048,0.0,0.0,0.0,193.42,1
20250731,6,238.275,228.884,227.739,97.954,20.271,2.479,0.0,0.0,0.0,170.804,1
20250801,6,211.699,204.973,203.948,96.115,18.355,1.703,0.0,0.0,0.0,152.961,1
20250802,6,218.467,212.909,211.845,97.159,18.738,1.06,0.0,0.0,0.0,158.883,1
20250803,6,268.448,260.605,259.302,98.607,22.687,1.443,0.069,0.0,0.0,194.476,1
20250804,6,204.704,195.481,194.504,98.842,17.259,3.051,0.0,0.0,0.0,145.878,1
20250805,6,281.9,275.034,273.659,100.0,23.492,0.95,0.0,0.0,0.0,205.244,1
20250806,6,186.361,181.994,181.084,97.516,15.926,0.856,0.193,0.0,0.0,135.813,1
20250807,6,239.296,229.715,228.567,95.961,20.781,2.542,0.0,0.0,0.0,171.425,1
20250808,6,266.367,257.179,255.893,96.933,22.9,1.979,0.0,0.0,0.0,191.92,1
20250809,6,246.725,238.687,237.493,99.638,20.635,1.785,0.0,0.0,0.0,178.12,1
20250810,6,216.301,206.209,205.178,94.104,19.154,3.214,0.0,0.0,0.0,153.884,1
20250811,6,235.615,227.357,226.22,96.307,20.388,2.035,0.0,0.0,0.0,169.665,1
20250812,6,227.445,218.676,217.583,98.406,19.261,2.391,0.0,0.0,0.0,163.187,1
20250813,6,188.793,185.961,185.031,95.407,16.49,0.0,0.0,0.0,0.0,138.773,1
20250814,6,195.515,190.38,189.428,97.812,16.657,1.143,0.0,0.0,0.0,142.071,1
20250815,6,233.542,230.039,228.889,99.19,19.621,0.0,0.0,0.0,0.0,171.667,1
20250816,6,247.213,243.029,241.814,99.947,20.612,0.195,0.0,0.0,0.0,181.361,1
20250817,6,228.951,221.165,220.059,95.757,19.925,1.93,0.0,0.0,0.0,165.044,1
20250818,6,272.935,264.65,263.326,96.917,23.468,1.559,0.0,0.0,0.0,197.495,1
20250819,6,237.784,231.702,230.543,97.264,20.373,1.074,0.0,0.0,0.0,172.907,1
20250820,6,210.161,207.008,205.973,94.88,18.458,0.0,0.0,0.0,0.0,154.48,1
20250821,6,233.163,225.793,224.664,97.284,19.973,1.686,0.0,0.0,0.0,168.498,1
20250822,6,227.877,219.275,218.179,96.614,19.655,2.309,0.0,0.0,0.0,163.634,1
20250823,6,239.849,232.026,230.865,97.144,20.575,1.788,0.0,0.0,0.0,173.149,1
20250824,6,244.974,241.3,240.093,98.458,20.734,0.0,0.0,0.012,0.0,180.07,1
20250825,6,246.472,241.964,240.754,98.02,20.954,0.334,0.0,0.0,0.0,180.566,1
20250826,6,193.456,189.987,189.037,96.454,16.714,0.298,0.0,0.0,0.0,141.778,1
20250827,6,265.618,256.816,255.532,98.946,22.371,1.841,0.0,0.0,0.0,191.649,1
20250828,6,254.199,249.029,247.784,94.481,22.421,0.542,0.0,0.0,0.0,185.838,1
20250829,6,272.576,265.052,263.727,100.0,22.715,1.279,0.0,0.0,0.0,197.795,1
20250830,6,220.934,215.451,214.373,96.113,19.156,0.997,0.0,0.0,0.0,160.78,1
20250831,6,217.395,213.382,212.315,96.495,18.774,0.351,0.0,0.0,0.0,159.236,1
20250901,6,256.221,248.087,246.847,97.155,21.977,1.7,0.0,0.0,0.0,185.135,1
20250902,6,207.596,202.94,201.926,96.952,17.844,0.754,0.0,0.0,0.0,151.444,1
20250903,6,240.518,232.185,231.024,97.216,20.617,1.995,0.0,0.0,0.0,173.268,1
20250904,6,226.16,215.933,214.853,97.788,19.273,3.068,0.0,0.0,0.0,161.14,1
20250905,6,315.151,310.423,308.871,97.311,26.988,0.0,0.0,0.0,0.0,231.654,1
20250906,6,274.284,270.169,268.818,96.97,23.571,0.0,0.0,0.0,0.0,201.614,1
20250907,6,228.761,225.329,224.203,100.0,19.063,0.0,0.0,0.0,0.0,168.152,1
20250908,6,248.848,237.502,236.314,99.762,20.787,3.106,0.0,0.0,0.0,177.236,1
20250909,6,283.459,277.173,275.788,98.001,24.103,0.728,0.0,0.362,0.0,206.841,1
20250910,6,269.63,259.365,258.068,97.127,23.134,2.342,0.0,0.0,0.0,193.551,1
20250911,6,257.809,248.191,246.95,96.338,22.301,2.264,0.0,0.0,0.0,185.213,1
20250912,6,270.628,262.891,261.577,97.231,23.195,1.38,0.0,0.0,0.0,196.182,1
20250913,6,262.432,256.878,255.593,96.617,22.635,0.626,0.0,0.0,0.0,191.695,1
20250914,6,242.493,236.012,234.832,95.009,21.269,1.19,0.0,0.0,0.0,176.124,1
20250915,6,183.533,175.461,174.584,97.121,15.748,2.942,0.0,0.0,0.0,130.938,1
20250916,6,189.108,185.776,184.847,96.275,16.369,0.266,0.0,0.0,0.0,138.635,1
20250917,6,307.383,298.552,297.059,98.068,26.12,1.394,0.0,0.0,0.0,222.794,1
20250918,6,294.409,286.663,285.23,100.0,24.534,1.148,0.0,0.0,0.0,213.923,1
20250919,6,248.415,238.521,237.329,98.972,20.916,2.52,0.0,0.0,0.0,177.997,1
20250920,6,286.2,274.048,272.678,95.701,24.921,2.788,0.0,0.0,0.0,204.508,1
20250921,6,229.186,223.424,222.307,96.093,19.875,1.029,0.0,0.0,0.0,166.73,1
20250922,6,267.237,263.162,261.847,95.789,23.249,0.025,0.0,0.0,0.0,196.385,1
20250923,6,241.062,233.163,231.997,97.828,20.534,1.804,0.0,0.0,0.0,173.998,1
20250924,6,245.886,236.687,235.504,98.996,20.698,2.275,0.0,0.0,0.0,176.628,1
20250925,6,199.214,189.26,188.313,98.602,16.836,3.55,0.0,0.0,0.0,141.235,1
20250926,6,251.648,245.644,244.416,98.934,21.197,0.899,0.0,0.0,0.0,183.312,1
20250927,6,260.862,256.949,255.664,99.792,21.784,0.0,0.0,0.0,0.0,191.748,1
20250928,6,252.079,248.298,247.056,98.972,21.225,0.0,0.0,0.0,0.0,185.292,1
20250929,6,290.326,285.971,284.541,99.455,24.326,0.0,0.0,0.0,0.0,213.406,1
20250930,6,279.329,265.89,264.561,95.97,24.255,3.362,0.0,0.0,0.0,198.42,1
20251001,6,278.107,272.327,270.965,96.894,23.918,0.587,0.0,0.0,0.0,203.224,1
20251002,6,309.45,300.922,299.418,99.413,25.94,1.275,0.0,0.0,0.0,224.563,1
20251003,6,249.102,238.455,237.263,98.157,21.148,2.816,0.0,0.0,0.0,177.947,1
20251004,6,250.137,240.59,239.387,97.555,21.367,2.352,0.0,0.192,0.0,179.54,1
20251005,6,309.04,298.852,297.358,98.533,26.137,1.824,0.0,0.0,0.0,223.018,1
20251006,6,311.828,301.661,300.153,97.463,26.662,1.787,0.0,0.0,0.0,225.115,1
20251007,6,271.883,262.975,261.66,95.748,23.663,1.804,0.0,0.0,0.0,196.245,1
20251008,6,254.36,244.848,243.624,97.414,21.759,2.274,0.0,0.0,0.0,182.718,1
20251009,6,255.072,251.246,249.989,95.747,22.2,0.0,0.0,0.028,0.0,187.492,1
20251010,6,247.871,239.482,238.285,97.744,21.133,1.913,0.0,0.0,0.0,178.714,1
20251011,6,238.474,228.325,227.184,95.197,20.876,2.798,0.0,0.0,0.0,170.388,1
20251012,6,276.12,267.272,265.935,94.526,24.342,1.73,0.0,0.0,0.0,199.451,1
20251013,6,249.285,238.293,237.102,97.729,21.256,2.954,0.0,0.201,0.0,177.826,1
20251014,6,282.188,272.039,270.679,96.275,24.426,2.128,0.0,0.0,0.0,203.009,1
20251015,6,263.107,253.55,252.283,97.636,22.456,2.165,0.0,0.0,0.0,189.212,1
20251016,6,264.7,260.73,259.426,96.673,22.817,0.0,0.0,0.0,0.0,194.57,1
20251017,6,291.297,281.209,279.803,97.338,24.938,1.993,0.0,0.0,0.0,209.852,1
20251018,6,273.433,265.659,264.331,95.816,23.781,1.364,0.0,0.0,0.0,198.248,1
20251019,6,264.921,255.459,254.182,96.323,22.919,2.103,0.0,0.0,0.0,190.636,1
20251020,6,308.267,299.024,297.529,97.031,26.475,1.521,0.0,0.0,0.0,223.147,1
20251021,6,219.822,213.629,212.561,96.044,19.073,1.337,0.0,0.0,0.0,159.421,1
20251022,6,292.376,278.282,276.891,97.929,24.88,3.371,0.0,0.0,0.0,207.668,1
20251023,6,274.612,268.953,267.608,96.504,23.713,0.569,0.0,0.0,0.0,200.706,1
20251024,6,233.285,222.617,221.504,95.315,20.396,3.12,0.0,0.0,0.0,166.128,1
20251025,6,291.558,287.185,285.749,96.014,25.305,0.0,0.0,0.0,0.0,214.312,1
20251026,6,300.358,295.852,294.373,98.309,25.46,0.0,0.0,0.0,0.0,220.78,1
20251027,6,286.619,282.32,280.908,97.076,24.604,0.0,0.0,0.0,0.0,210.681,1
20251028,6,299.161,287.449,286.012,98.477,25.316,2.452,0.0,0.0,0.0,214.509,1
20251029,6,278.981,272.828,271.464,97.044,23.957,0.716,0.0,0.0,0.0,203.598,1
20251030,6,326.395,317.189,315.603,97.183,27.988,1.341,0.0,0.0,0.0,236.702,1
20251031,6,331.903,321.66,320.052,98.886,27.97,1.61,0.0,0.0,0.0,240.039,1
20251101,6,316.474,311.727,310.168,95.957,27.484,0.0,0.0,0.0,0.0,232.626,1
20251102,6,346.371,335.282,333.606,97.508,29.602,1.727,0.0,0.0,0.0,250.204,1
20251103,6,269.089,263.511,262.194,96.635,23.205,0.582,0.0,0.0,0.0,196.645,1
20251104,6,325.73,317.352,315.766,97.907,27.725,1.088,0.0,0.0,0.0,236.824,1
20251105,6,276.114,265.332,264.005,100.0,23.009,2.441,0.0,0.0,0.0,198.004,1
20251106,6,276.5,269.417,268.07,93.978,24.518,1.078,0.0,0.0,0.0,201.052,1
20251107,6,277.85,272.777,271.413,93.757,24.696,0.331,0.0,0.0,0.0,203.56,1
20251108,6,323.02,311.025,309.47,95.956,28.053,2.247,0.0,0.0,0.0,232.103,1
20251109,6,297.743,293.277,291.811,99.701,24.886,0.0,0.0,0.0,0.0,218.858,1
20251110,6,255.314,247.32,246.083,98.005,21.709,1.656,0.0,0.0,0.0,184.563,1
20251111,6,335.626,325.529,323.901,99.076,28.23,1.531,0.0,0.0,0.0,242.926,1
20251112,6,318.869,312.682,311.119,96.788,27.454,0.447,0.0,0.0,0.0,233.339,1
20251113,6,325.661,316.62,315.037,99.761,27.203,1.296,0.0,0.0,0.0,236.278,1
20251114,6,298.605,288.568,287.125,95.329,26.103,1.89,0.0,0.0,0.0,215.344,1
20251115,6,341.551,336.358,334.677,98.605,28.865,0.02,0.0,0.0,0.0,251.007,1
20251116,6,304.423,296.613,295.13,96.413,26.313,1.082,0.0,0.0,0.0,221.348,1
20251117,6,327.964,317.98,316.39,96.388,28.354,1.568,0.0,0.0,0.0,237.292,1
20251118,6,312.143,301.004,299.499,98.741,26.344,2.1,0.0,0.0,0.0,224.624,1
20251119,6,299.247,290.162,288.712,97.364,25.612,1.559,0.0,0.0,0.0,216.534,1
20251120,6,314.42,308.434,306.892,95.746,27.366,0.41,0.0,0.0,0.0,230.169,1
20251121,6,269.999,264.168,262.847,97.265,23.133,0.67,0.0,0.0,0.0,197.135,1
20251122,6,318.165,313.392,311.825,97.655,27.15,0.0,0.0,0.0,0.0,233.869,1
20251123,6,309.759,297.14,295.654,94.867,27.21,2.613,0.0,0.0,0.0,221.741,1
20251124,6,244.667,237.24,236.054,100.0,20.389,1.559,0.0,0.0,0.0,177.04,1
20251125,6,334.63,327.236,325.6,97.075,28.726,0.72,0.0,0.0,0.0,244.2,1
20251126,6,305.12,297.352,295.865,96.692,26.296,1.062,0.0,0.0,0.0,221.899,1
20251127,6,345.297,334.839,333.165,95.571,30.108,1.552,0.0,0.0,0.0,249.874,1
20251128,6,338.554,329.108,327.463,98.18,28.736,1.31,0.0,0.0,0.0,245.597,1
20251129,6,289.926,284.965,283.54,98.458,24.539,0.214,0.147,0.0,0.0,212.655,1
20251130,6,305.993,301.353,299.846,98.214,25.963,0.017,0.0,0.0,0.0,224.884,1
20251201,6,296.456,288.606,287.163,100.0,24.705,1.166,0.0,0.527,0.0,215.372,1
20251202,6,368.415,359.924,358.124,98.479,31.175,0.817,0.0,0.0,0.0,268.593,1
20251203,6,330.775,319.44,317.843,97.847,28.171,1.956,0.0,0.0,0.0,238.382,1
20251204,6,363.367,349.466,347.719,98.311,30.801,2.361,0.0,0.0,0.0,260.789,1
20251205,6,314.197,309.484,307.936,98.166,26.672,0.0,0.0,0.0,0.0,230.952,1
20251206,6,336.636,326.957,325.322,99.828,28.101,1.396,0.0,0.0,0.0,243.991,1
20251207,6,323.382,311.345,309.788,97.675,27.59,2.256,0.0,0.0,0.0,232.341,1
20251208,6,399.481,383.3,381.383,98.221,33.893,2.589,0.0,0.0,0.0,286.037,1
20251209,6,325.874,315.719,314.14,97.901,27.738,1.641,0.0,0.0,0.0,235.605,1
20251210,6,361.121,348.943,347.198,98.902,30.427,1.901,0.0,0.0,0.0,260.398,1
20251211,6,306.694,298.593,297.1,98.842,25.857,1.159,0.0,0.0,0.0,222.825,1
20251212,6,337.781,326.62,324.987,95.953,29.336,1.832,0.0,0.0,0.0,243.74,1
20251213,6,359.076,343.833,342.114,96.962,30.86,2.787,0.0,0.0,0.0,256.585,1
20251214,6,318.022,307.545,306.007,94.905,27.925,1.822,0.0,0.0,0.0,229.505,1
20251215,6,277.27,270.836,269.482,97.032,23.813,0.833,0.0,0.0,0.0,202.111,1
20251216,6,385.886,376.564,374.681,95.895,33.534,0.93,0.0,0.0,0.0,281.011,1
20251217,6,328.73,321.293,319.687,97.445,28.112,0.774,0.002,0.0,0.0,239.765,1
20251218,6,318.246,311.694,310.136,97.034,27.331,0.567,0.0,0.0,0.0,232.602,1
20251219,6,267.679,262.206,260.895,96.975,23.002,0.553,0.0,0.0,0.0,195.671,1
20251220,6,360.976,343.919,342.199,99.574,30.21,3.274,0.0,0.0,0.0,256.65,1
20251221,6,341.292,336.173,334.492,98.061,29.004,0.0,0.386,0.0,0.0,250.869,1
20251222,6,314.514,304.301,302.78,95.725,27.38,1.774,0.0,0.0,0.0,227.085,1
20251223,6,327.603,314.371,312.8,95.628,28.548,2.578,0.0,0.0,0.0,234.6,1
20251224,6,297.742,289.434,287.987,95.854,25.885,1.31,0.0,0.0,0.0,215.99,1
20251225,6,309.631,297.429,295.942,97.823,26.377,2.478,0.0,0.0,0.0,221.956,1
20251226,6,329.274,319.595,317.997,95.961,28.594,1.461,0.0,0.0,0.0,238.498,1
20251227,6,375.704,364.049,362.229,97.742,32.032,1.627,0.0,0.0,0.0,271.672,1
20251228,6,287.726,281.31,279.903,95.799,25.029,0.741,0.0,0.0,0.0,209.927,1
20251229,6,323.711,317.735,316.146,97.246,27.74,0.351,0.0,0.0,0.0,237.11,1
20251230,6,329.774,320.749,319.146,97.953,28.055,1.256,0.0,0.0,0.0,239.359,1
20251231,6,329.817,320.468,318.865,96.329,28.532,1.355,0.0,0.0,0.0,239.149,1
20240101,7,728.232,670.393,667.041,93.677,36.808,4.107,0.0,0.0,466.929,0.0,1
20240102,7,862.858,820.383,816.281,95.839,42.629,0.961,0.0,0.0,571.397,0.0,1
20240103,7,926.536,879.266,874.87,95.27,46.048,1.148,0.259,0.131,612.409,0.0,1
20240104,7,876.587,835.144,830.968,96.61,42.961,0.758,0.0,0.0,581.677,0.0,1
20240105,7,892.563,856.86,852.576,93.5,45.2,0.0,0.0,0.0,596.803,0.0,1
20240106,7,906.964,870.686,866.332,92.586,46.382,0.0,0.0,0.0,606.433,0.0,1
20240107,7,815.765,783.134,779.218,93.11,41.484,0.0,0.0,0.0,545.453,0.0,1
20240108,7,838.388,790.67,786.717,93.809,42.316,1.762,0.0,0.0,550.702,0.0,1
20240109,7,786.985,746.55,742.818,94.768,39.32,1.185,0.0,0.0,519.972,0.0,1
20240110,7,862.853,826.923,822.789,92.685,44.079,0.171,0.0,0.0,575.952,0.0,1
20240111,7,842.034,808.353,804.311,92.381,43.157,0.0,0.0,0.0,563.018,0.0,1
20240112,7,812.615,780.111,776.21,94.644,40.654,0.0,0.0,0.0,543.347,0.0,1
20240113,7,860.808,820.896,816.791,93.516,43.584,0.663,0.0,0.0,571.754,0.0,1
20240114,7,879.061,823.137,819.022,93.109,44.703,2.46,0.0,0.0,573.315,0.0,1
20240115,7,858.308,814.306,810.234,97.821,41.545,1.174,0.0,0.0,567.164,0.0,1
20240116,7,793.36,741.888,738.179,95.943,39.153,2.591,0.0,0.0,516.725,0.0,1
20240117,7,854.461,813.273,809.207,92.962,43.52,0.854,0.0,0.0,566.445,0.0,1
20240118,7,838.597,798.269,794.277,95.204,41.707,0.843,0.0,0.0,555.994,0.0,1
20240119,7,893.845,845.557,841.33,93.918,45.063,1.461,0.0,0.0,588.931,0.0,1
20240120,7,839.019,799.854,795.855,97.112,40.908,0.696,0.0,0.0,557.098,0.0,1
20240121,7,911.955,861.311,857.004,94.177,45.849,1.618,0.0,0.0,599.903,0.0,1
20240122,7,783.532,733.275,729.609,94.386,39.306,2.515,0.0,0.0,510.726,0.0,1
20240123,7,844.253,785.379,781.452,92.149,43.38,3.097,0.0,0.0,547.016,0.0,1
20240124,7,811.885,779.41,775.513,97.146,39.571,0.0,0.0,0.0,542.859,0.0,1
20240125,7,874.141,827.912,823.772,94.194,43.94,1.342,0.0,0.0,576.641,0.0,1
20240126,7,832.252,787.7,783.762,93.785,42.017,1.41,0.0,0.0,548.633,0.0,1
20240127,7,852.377,818.282,814.191,94.379,42.763,0.0,0.0,0.0,569.933,0.0,1
20240128,7,871.375,832.841,828.677,92.585,44.563,0.44,0.0,0.0,580.074,0.0,1
20240129,7,753.947,710.722,707.168,93.146,38.325,1.805,0.0,0.0,495.018,0.0,1
20240130,7,820.654,775.381,771.504,95.354,40.75,1.58,0.0,0.0,540.053,0.0,1
20240131,7,864.426,813.211,809.145,93.161,43.934,2.005,0.0,0.0,566.402,0.0,1
20240201,7,921.647,869.887,865.538,94.055,46.397,1.683,0.148,0.0,605.876,0.0,1
20240202,7,945.284,895.912,891.432,94.419,47.403,1.274,0.0,0.0,624.003,0.0,1
20240203,7,726.146,672.491,669.129,93.288,36.856,3.53,0.0,0.0,468.39,0.0,1
20240204,7,810.894,768.248,764.407,91.116,42.138,1.312,0.0,0.0,535.085,0.0,1
20240205,7,929.107,869.475,865.128,95.44,46.094,2.519,0.0,0.0,605.59,0.0,1
20240206,7,801.187,754.434,750.662,95.452,39.742,1.912,0.0,0.0,525.463,0.0,1
20240207,7,897.872,861.957,857.647,93.39,45.522,0.0,0.0,0.0,600.353,0.0,1
20240208,7,821.587,784.262,780.341,93.444,41.63,0.566,0.0,0.0,546.238,0.0,1
20240209,7,819.483,783.358,779.441,94.418,41.095,0.425,0.0,0.0,545.609,0.0,1
20240210,7,782.928,739.6,735.902,95.146,38.962,1.598,0.0,0.0,515.131,0.0,1
20240211,7,798.052,760.276,756.475,93.57,40.383,0.764,0.0,0.0,529.532,0.0,1
20240212,7,854.732,809.84,805.791,92.293,43.85,1.304,0.293,0.0,564.053,0.0,1
20240213,7,808.259,765.941,762.112,94.624,40.444,1.287,0.0,0.0,533.478,0.0,1
20240214,7,832.35,779.576,775.678,92.236,42.728,2.438,0.0,0.0,542.975,0.0,1
20240215,7,877.424,837.768,833.579,95.021,43.722,0.541,0.0,0.0,583.505,0.0,1
20240216,7,795.261,763.45,759.633,91.597,41.109,0.0,0.0,0.0,531.743,0.0,1
20240217,7,778.775,738.11,734.419,93.847,39.291,1.273,0.0,0.0,514.093,0.0,1
20240218,7,806.18,762.303,758.491,95.457,39.988,1.503,0.0,0.0,530.944,0.0,1
20240219,7,788.601,749.949,746.199,92.888,40.198,0.939,0.0,0.0,522.339,0.0,1
20240220,7,849.759,799.551,795.554,95.311,42.214,1.988,0.0,0.0,556.887,0.0,1
20240221,7,769.937,739.14,735.444,95.486,38.179,0.0,0.0,0.0,514.811,0.0,1
20240222,7,797.146,765.26,761.434,95.947,39.338,0.0,0.0,0.0,533.004,0.0,1
20240223,7,785.471,750.242,746.491,94.51,39.351,0.505,0.0,0.0,522.544,0.0,1
20240224,7,797.784,755.913,752.133,96.487,39.149,1.3,0.0,0.0,526.493,0.0,1
20240225,7,875.617,818.746,814.653,92.571,44.786,2.599,0.0,0.0,570.257,0.0,1
20240226,7,746.755,704.658,701.135,93.843,37.677,1.705,0.0,0.0,490.794,0.0,1
20240227,7,772.204,724.501,720.878,92.898,39.358,2.268,0.0,0.0,504.615,0.0,1
20240228,7,833.744,792.422,788.46,93.577,42.186,0.996,0.0,0.0,551.922,0.0,1
20240229,7,774.692,724.255,720.634,95.431,38.437,2.615,0.0,0.0,504.444,0.0,1
20240301,7,849.571,802.927,798.913,94.395,42.614,1.552,0.0,0.0,559.239,0.0,1
20240302,7,850.478,807.483,803.446,96.975,41.525,1.099,0.0,0.0,562.412,0.0,1
20240303,7,873.426,825.755,821.626,95.85,43.146,1.519,0.0,0.0,575.138,0.0,1
20240304,7,817.83,765.298,761.471,95.887,40.384,2.524,0.0,0.0,533.03,0.0,1
20240305,7,791.857,744.141,740.42,93.957,39.905,2.11,0.405,0.0,518.294,0.0,1
20240306,7,858.387,824.051,819.931,93.437,43.498,0.0,0.0,0.0,573.952,0.0,1
20240307,7,846.579,812.716,808.652,90.776,44.157,0.0,0.0,0.0,566.057,0.0,1
20240308,7,765.862,721.975,718.365,91.549,39.61,1.803,0.0,0.0,502.855,0.0,1
20240309,7,812.358,759.783,755.984,93.287,41.232,2.575,0.0,0.0,529.189,0.0,1
20240310,7,801.729,764.341,760.519,93.955,40.403,0.691,0.0,0.0,532.363,0.0,1
20240311,7,816.661,775.593,771.715,94.44,40.944,1.072,0.0,0.0,540.2,0.0,1
20240312,7,807.27,763.777,759.958,94.287,40.539,1.445,0.0,0.057,531.971,0.0,1
20240313,7,866.416,828.689,824.545,96.402,42.554,0.369,0.0,0.0,577.182,0.0,1
20240314,7,870.192,823.44,819.323,93.595,44.022,1.43,0.0,0.0,573.526,0.0,1
20240315,7,791.373,751.111,747.356,93.823,39.937,1.133,0.0,0.0,523.149,0.0,1
20240316,7,876.842,825.806,821.677,92.033,45.111,1.896,0.0,0.0,575.174,0.0,1
20240317,7,817.071,765.622,761.794,91.411,42.322,2.392,0.0,0.0,533.256,0.0,1
20240318,7,754.121,711.423,707.865,92.716,38.512,1.731,0.0,0.0,495.506,0.0,1
20240319,7,764.582,728.232,724.591,91.603,39.52,0.786,0.0,0.0,507.214,0.0,1
20240320,7,771.223,718.987,715.392,93.355,39.115,2.889,0.0,0.0,500.775,0.0,1
20240321,7,882.682,842.779,838.565,94.277,44.331,0.542,0.0,0.0,586.995,0.0,1
20240322,7,798.89,750.327,746.575,94.286,40.119,2.166,0.0,0.0,522.603,0.0,1
20240323,7,839.387,783.969,780.049,94.536,42.041,2.711,0.0,0.0,546.034,0.0,1
20240324,7,846.678,811.874,807.815,96.269,41.643,0.115,0.0,0.0,565.47,0.0,1
20240325,7,946.729,890.155,885.705,92.572,48.423,2.058,0.0,0.0,619.993,0.0,1
20240326,7,817.306,751.589,747.831,92.363,41.898,4.209,0.0,0.0,523.481,0.0,1
20240327,7,798.134,763.589,759.771,89.585,42.184,0.342,0.0,0.0,531.84,0.0,1
20240328,7,798.127,743.554,739.836,93.97,40.215,2.956,0.0,0.0,517.885,0.0,1
20240329,7,887.161,851.674,847.416,93.657,44.851,0.0,0.0,0.0,593.191,0.0,1
20240330,7,829.387,778.408,774.516,94.79,41.429,2.236,0.0,0.0,542.161,0.0,1
20240331,7,856.596,822.332,818.22,93.587,43.338,0.0,0.0,0.0,572.754,0.0,1
20240401,7,883.285,826.232,822.1,96.748,43.228,2.562,0.0,0.0,575.47,0.0,1
20240402,7,768.571,731.851,728.192,95.069,38.278,0.81,0.0,0.0,509.734,0.0,1
20240403,7,897.881,855.149,850.873,93.832,45.308,0.791,0.0,0.0,595.611,0.0,1
20240404,7,773.934,723.326,719.71,93.292,39.28,2.645,0.0,0.0,503.797,0.0,1
20240405,7,839.469,797.355,793.368,93.288,42.607,1.059,0.0,0.0,555.358,0.0,1
20240406,7,833.075,791.791,787.832,94.394,41.788,0.995,0.0,0.0,551.483,0.0,1
20240407,7,785.964,754.525,750.753,93.081,39.981,0.0,0.0,0.0,525.527,0.0,1
20240408,7,878.419,833.13,828.964,92.586,44.922,1.204,0.0,0.0,580.275,0.0,1
20240409,7,714.262,685.691,682.263,94.586,35.755,0.0,0.0,0.0,477.584,0.0,1
20240410,7,920.349,868.131,863.791,92.011,47.361,1.743,0.0,0.0,604.653,0.0,1
20240411,7,830.224,797.015,793.03,93.146,42.202,0.0,0.0,0.0,555.121,0.0,1
20240412,7,898.602,827.548,823.41,94.329,45.105,4.07,0.0,0.0,576.387,0.0,1
20240413,7,818.52,769.563,765.715,94.024,41.219,2.064,0.0,0.0,536.0,0.0,1
20240414,7,829.104,787.372,783.435,95.204,41.234,1.076,0.0,0.0,548.405,0.0,1
20240415,7,815.282,771.398,767.541,92.685,41.649,1.44,0.0,0.0,537.279,0.0,1
20240416,7,838.601,793.997,790.027,94.751,41.906,1.374,0.0,0.305,553.019,0.0,1
20240417,7,806.676,764.125,760.304,93.788,40.725,1.328,0.0,0.0,532.213,0.0,1
20240418,7,791.269,750.491,746.738,93.667,39.998,1.202,0.0,0.0,522.717,0.0,1
20240419,7,944.181,893.152,888.686,96.023,46.557,1.463,0.0,0.0,622.08,0.0,1
20240420,7,820.102,774.629,770.756,93.75,41.419,1.609,0.742,0.0,539.529,0.0,1
20240421,7,716.588,683.895,680.475,95.235,35.627,0.586,0.0,0.0,476.333,0.0,1
20240422,7,856.672,818.89,814.795,94.029,43.138,0.427,0.0,0.0,570.357,0.0,1
20240423,7,843.812,788.266,784.325,96.795,41.276,2.69,0.0,0.0,549.027,0.0,1
20240424,7,860.912,826.476,822.343,92.439,44.097,0.0,0.0,0.0,575.64,0.0,1
20240425,7,767.904,718.797,715.203,94.536,38.46,2.495,0.0,0.0,500.642,0.0,1
20240426,7,783.867,752.512,748.75,93.317,39.773,0.0,0.0,0.0,524.125,0.0,1
20240427,7,786.682,739.437,735.74,91.416,40.746,2.089,0.0,0.0,515.018,0.0,1
20240428,7,804.203,763.974,760.155,94.8,40.166,1.044,0.0,0.0,532.108,0.0,1
20240429,7,694.86,656.371,653.09,95.342,34.508,1.603,0.0,0.0,457.163,0.0,1
20240430,7,763.449,729.384,725.737,94.112,38.41,0.481,0.0,0.0,508.016,0.0,1
20240501,7,869.381,821.631,817.523,92.504,44.5,1.555,0.0,0.0,572.266,0.0,1
20240502,7,833.61,788.164,784.223,95.843,41.182,1.512,0.0,0.0,548.956,0.0,1
20240503,7,873.829,827.604,823.466,94.361,43.847,1.344,0.0,0.0,576.426,0.0,1
20240504,7,862.457,827.406,823.269,93.391,43.726,0.067,0.0,0.0,576.288,0.0,1
20240505,7,877.503,818.538,814.445,95.947,43.304,2.833,0.0,0.0,570.112,0.0,1
20240506,7,794.006,749.617,745.869,97.153,38.697,1.657,0.0,0.0,522.108,0.0,1
20240507,7,821.376,788.521,784.578,94.535,41.139,0.0,0.0,0.0,549.205,0.0,1
20240508,7,809.512,766.914,763.079,92.842,41.284,1.315,0.0,0.0,534.155,0.0,1
20240509,7,901.032,864.99,860.665,95.92,44.477,0.0,0.0,0.0,602.466,0.0,1
20240510,7,902.844,863.617,859.299,95.895,44.578,0.359,0.0,0.0,601.509,0.0,1
20240511,7,864.635,829.976,825.826,94.116,43.498,0.009,0.0,0.0,578.078,0.0,1
20240512,7,856.099,821.855,817.745,93.571,43.32,0.0,0.0,0.0,572.422,0.0,1
20240513,7,813.824,773.014,769.149,94.728,40.678,1.057,0.0,0.0,538.404,0.0,1
20240514,7,819.558,761.696,757.888,94.025,41.271,3.188,0.0,0.0,530.521,0.0,1
20240515,7,881.549,833.23,829.064,93.968,44.42,1.543,0.0,0.0,580.345,0.0,1
20240516,7,819.173,770.56,766.707,95.45,40.636,2.015,0.0,0.0,536.695,0.0,1
20240517,7,874.644,839.659,835.46,92.768,44.641,0.0,0.0,0.0,584.822,0.0,1
20240518,7,807.0,764.907,761.083,95.252,40.115,1.267,0.0,0.0,532.758,0.0,1
20240519,7,843.224,798.574,794.581,94.933,42.056,1.349,0.0,0.0,556.207,0.0,1
20240520,7,748.663,709.988,706.438,91.931,38.559,1.214,0.0,0.0,494.507,0.0,1
20240521,7,798.301,745.727,741.998,93.104,40.598,2.694,0.0,0.0,519.399,0.0,1
20240522,7,729.918,682.344,678.932,94.935,36.405,2.623,0.0,0.0,475.253,0.0,1
20240523,7,808.035,765.974,762.144,95.416,40.097,1.256,0.0,0.067,533.501,0.0,1
20240524,7,789.805,747.389,743.652,94.655,39.508,1.428,0.0,0.0,520.556,0.0,1
20240525,7,872.485,828.704,824.56,93.555,44.157,1.06,0.0,0.0,577.192,0.0,1
20240526,7,785.715,750.994,747.239,94.19,39.497,0.437,0.0,0.0,523.067,0.0,1
20240527,7,805.6,746.95,743.216,94.694,40.281,3.417,0.0,0.0,520.251,0.0,1
20240528,7,868.739,833.989,829.819,94.779,43.399,0.0,0.626,0.0,580.874,0.0,1
20240529,7,877.57,842.467,838.255,94.398,44.017,0.0,0.0,0.0,586.779,0.0,1
20240530,7,796.523,760.817,757.012,91.803,41.082,0.503,0.0,0.0,529.909,0.0,1
20240531,7,823.686,788.384,784.442,92.395,42.21,0.298,0.332,0.0,549.109,0.0,1
20240601,7,776.683,737.816,734.127,94.764,38.807,1.046,0.0,0.0,513.889,0.0,1
20240602,7,854.619,811.17,807.114,94.514,42.814,1.129,0.0,0.0,564.98,0.0,1
20240603,7,851.432,793.829,789.86,97.091,41.522,2.881,0.0,0.223,552.902,0.0,1
20240604,7,810.192,765.067,761.241,96.009,39.956,1.635,0.0,0.0,532.869,0.0,1
20240605,7,769.906,730.769,727.115,93.704,38.903,1.128,0.0,0.0,508.981,0.0,1
20240606,7,865.0,803.208,799.192,93.483,43.812,3.275,0.0,0.0,559.434,0.0,1
20240607,7,774.741,743.751,740.033,94.254,38.919,0.0,0.0,0.0,518.023,0.0,1
20240608,7,790.386,746.142,742.411,94.784,39.483,1.664,0.0,0.0,519.688,0.0,1
20240609,7,798.127,756.527,752.744,94.947,39.801,1.263,0.0,0.0,526.921,0.0,1
20240610,7,766.627,720.826,717.222,92.762,39.131,2.057,0.0,0.0,502.055,0.0,1
20240611,7,799.51,762.428,758.616,91.826,41.225,0.665,0.0,0.0,531.031,0.0,1
20240612,7,861.641,827.175,823.04,94.861,43.008,0.0,0.0,0.0,576.128,0.0,1
20240613,7,812.324,775.445,771.568,93.6,41.092,0.562,0.0,0.0,540.097,0.0,1
20240614,7,764.146,733.58,729.912,93.097,38.864,0.0,0.0,0.0,510.938,0.0,1
20240615,7,889.601,854.017,849.747,94.708,44.475,0.0,0.0,0.0,594.823,0.0,1
20240616,7,924.176,883.634,879.216,96.421,45.382,0.403,0.0,0.0,615.451,0.0,1
20240617,7,809.735,758.959,755.165,93.84,40.857,2.365,0.0,0.0,528.615,0.0,1
20240618,7,826.845,793.771,789.802,92.27,42.43,0.0,0.0,0.0,552.862,0.0,1
20240619,7,859.934,825.536,821.409,95.208,42.766,0.0,0.0,0.0,574.986,0.0,1
20240620,7,878.001,829.139,824.993,91.649,45.36,1.63,0.0,0.0,577.495,0.0,1
20240621,7,756.395,726.139,722.509,92.353,38.78,0.0,0.0,0.0,505.756,0.0,1
20240622,7,832.822,789.143,785.197,91.727,42.989,1.297,0.0,0.0,549.638,0.0,1
20240623,7,844.807,797.783,793.794,95.741,41.78,1.632,0.0,0.0,555.656,0.0,1
20240624,7,952.114,909.823,905.274,95.11,47.399,0.46,0.0,0.0,633.692,0.0,1
20240625,7,855.57,790.026,786.076,92.671,43.714,3.813,0.611,0.0,550.253,0.0,1
20240626,7,929.365,873.728,869.359,94.752,46.441,2.069,0.0,0.0,608.551,0.0,1
20240627,7,795.052,751.366,747.609,91.967,40.933,1.557,0.0,0.0,523.326,0.0,1
20240628,7,855.103,809.685,805.636,94.774,42.72,1.366,0.0,0.0,563.946,0.0,1
20240629,7,857.8,793.707,789.739,93.997,43.209,3.616,0.0,0.0,552.817,0.0,1
20240630,7,863.487,810.446,806.393,94.313,43.35,2.232,0.0,0.0,564.475,0.0,1
20240701,7,834.004,782.376,778.464,94.932,41.597,2.282,0.0,0.0,544.925,0.0,1
20240702,7,835.954,776.728,772.844,94.701,41.796,3.213,0.0,0.0,540.991,0.0,1
20240703,7,848.355,802.584,798.571,92.944,43.218,1.453,0.0,0.0,559.0,0.0,1
20240704,7,858.327,816.059,811.979,94.04,43.216,0.963,0.0,0.0,568.385,0.0,1
20240705,7,864.319,792.701,788.737,97.566,41.945,4.465,0.0,0.0,552.116,0.0,1
20240706,7,854.687,820.5,816.397,94.18,42.969,0.0,0.0,0.0,571.478,0.0,1
20240707,7,855.705,810.357,806.305,92.1,43.992,1.354,0.0,0.0,564.414,0.0,1
20240708,7,850.094,797.249,793.263,96.079,41.893,2.309,0.0,0.0,555.284,0.0,1
20240709,7,765.582,729.712,726.063,91.668,39.544,0.714,0.0,0.0,508.244,0.0,1
20240710,7,848.39,807.25,803.214,93.376,43.019,0.885,0.0,0.0,562.25,0.0,1
20240711,7,764.216,721.569,717.961,91.814,39.41,1.646,0.0,0.0,502.573,0.0,1
20240712,7,865.729,811.163,807.107,93.248,43.959,2.399,0.0,0.0,564.975,0.0,1
20240713,7,781.867,727.077,723.442,92.635,39.963,3.133,0.0,0.0,506.409,0.0,1
20240714,7,819.457,774.901,771.026,92.932,41.751,1.497,0.0,0.0,539.718,0.0,1
20240715,7,848.79,803.421,799.404,95.941,41.889,1.401,0.0,0.0,559.583,0.0,1
20240716,7,801.502,758.418,754.626,93.56,40.562,1.433,0.0,0.0,528.238,0.0,1
20240717,7,903.027,866.906,862.571,96.273,44.412,0.0,0.0,0.0,603.8,0.0,1
20240718,7,920.377,869.135,864.789,94.744,45.996,1.633,0.0,0.0,605.353,0.0,1
20240719,7,884.897,828.525,824.382,95.343,43.945,2.469,0.0,0.506,577.068,0.0,1
20240720,7,808.704,774.262,770.391,91.499,41.848,0.27,0.0,0.0,539.274,0.0,1
20240721,7,840.152,805.282,801.256,94.248,42.208,0.157,0.0,0.0,560.879,0.0,1
20240722,7,852.105,799.104,795.109,92.885,43.436,2.312,0.0,0.0,556.576,0.0,1
20240723,7,940.985,886.954,882.519,95.311,46.746,1.815,0.0,0.079,617.764,0.0,1
20240724,7,792.385,760.69,756.887,92.396,40.606,0.0,0.0,0.0,529.821,0.0,1
20240725,7,780.25,731.154,727.498,94.887,38.934,2.388,0.0,0.0,509.249,0.0,1
20240726,7,848.262,804.298,800.276,93.052,43.163,1.232,0.0,0.0,560.193,0.0,1
20240727,7,837.708,787.31,783.373,94.561,41.946,2.1,0.0,0.0,548.361,0.0,1
20240728,7,836.489,803.029,799.014,90.548,43.741,0.0,0.0,0.0,559.31,0.0,1
20240729,7,827.74,793.471,789.504,93.727,41.815,0.146,0.0,0.0,552.653,0.0,1
20240730,7,882.201,831.531,827.373,97.454,42.862,1.816,0.0,0.0,579.161,0.0,1
20240731,7,825.899,788.343,784.402,96.645,40.463,0.57,0.0,0.0,549.081,0.0,1
20240801,7,855.451,821.233,817.127,92.803,43.646,0.0,0.0,0.0,571.989,0.0,1
20240802,7,810.102,766.949,763.115,94.523,40.579,1.382,0.0,0.0,534.18,0.0,1
20240803,7,829.132,781.845,777.936,95.092,41.284,1.774,0.0,0.0,544.555,0.0,1
20240804,7,819.111,780.083,776.183,94.686,40.96,0.796,0.0,0.0,543.328,0.0,1
20240805,7,818.211,769.788,765.939,93.029,41.644,1.998,0.0,0.0,536.157,0.0,1
20240806,7,874.82,838.989,834.794,94.444,43.858,0.1,0.0,0.0,584.356,0.0,1
20240807,7,789.3,757.728,753.94,92.057,40.597,0.0,0.0,0.0,527.758,0.0,1
20240808,7,851.98,798.051,794.06,94.409,42.729,2.427,0.0,0.0,555.842,0.0,1
20240809,7,868.452,819.358,815.261,95.551,43.034,1.722,0.0,0.0,570.683,0.0,1
20240810,7,798.864,763.375,759.558,95.582,39.573,0.461,0.0,0.0,531.69,0.0,1
20240811,7,820.594,771.18,767.324,94.392,41.162,2.106,0.0,0.0,537.127,0.0,1
20240812,7,853.005,810.403,806.351,97.163,41.568,1.036,0.0,0.0,564.446,0.0,1
20240813,7,821.893,789.017,785.072,94.545,41.161,0.0,0.0,0.0,549.55,0.0,1
20240814,7,827.701,794.593,790.62,95.597,40.995,0.0,0.151,0.0,553.434,0.0,1
20240815,7,846.947,796.848,792.863,95.335,42.064,1.995,0.473,0.0,555.004,0.0,1
20240816,7,793.746,751.197,747.441,93.484,40.202,1.417,0.0,0.0,523.209,0.0,1
20240817,7,789.64,751.572,747.815,93.863,39.833,0.855,0.0,0.006,523.47,0.0,1
20240818,7,902.964,866.846,862.511,95.002,45.003,0.0,0.0,0.0,603.758,0.0,1
20240819,7,861.886,812.068,808.007,95.602,42.686,1.854,0.0,0.0,565.605,0.0,1
20240820,7,875.937,830.474,826.322,94.076,44.086,1.24,0.0,0.0,578.425,0.0,1
20240821,7,873.6,834.102,829.931,94.444,43.797,0.543,0.0,0.0,580.952,0.0,1
20240822,7,748.541,718.6,715.007,93.591,37.87,0.0,0.0,0.0,500.505,0.0,1
20240823,7,878.738,832.514,828.351,92.538,44.962,1.313,0.009,0.0,579.846,0.0,1
20240824,7,893.267,827.229,823.093,96.766,43.708,3.534,0.007,0.0,576.165,0.0,1
20240825,7,879.732,837.125,832.939,95.419,43.654,0.878,0.0,0.0,583.057,0.0,1
20240826,7,799.507,756.58,752.797,93.967,40.286,1.426,0.0,0.0,526.958,0.0,1
20240827,7,834.387,787.786,783.847,95.054,41.563,1.651,0.0,0.0,548.693,0.0,1
20240828,7,890.633,854.104,849.834,94.832,44.468,0.106,0.0,0.0,594.884,0.0,1
20240829,7,834.415,800.281,796.279,94.557,41.783,0.095,0.0,0.0,557.396,0.0,1
20240830,7,771.978,732.353,728.692,94.489,38.684,1.18,0.0,0.0,510.084,0.0,1
20240831,7,846.757,805.203,801.177,92.155,43.506,0.945,0.0,0.0,560.824,0.0,1
20240901,7,864.011,829.016,824.871,93.51,43.749,0.052,0.0,0.0,577.41,0.0,1
20240902,7,809.818,751.22,747.464,95.017,40.354,3.371,0.0,0.0,523.225,0.0,1
20240903,7,822.906,767.391,763.554,91.036,42.8,2.861,0.0,0.0,534.488,0.0,1
20240904,7,859.701,818.622,814.529,91.615,44.431,0.811,0.0,0.0,570.171,0.0,1
20240905,7,848.33,793.938,789.969,96.088,41.802,2.512,0.0,0.0,552.978,0.0,1
20240906,7,837.954,802.593,798.58,94.972,41.776,0.229,0.0,0.0,559.006,0.0,1
20240907,7,860.615,821.363,817.256,93.046,43.794,0.584,0.0,0.0,572.079,0.0,1
20240908,7,774.713,743.725,740.006,94.108,38.978,0.0,0.0,0.0,518.004,0.0,1
20240909,7,872.093,837.21,833.024,95.553,43.214,0.0,0.0,0.0,583.116,0.0,1
20240910,7,880.336,815.523,811.445,94.385,44.162,3.502,0.0,0.0,568.011,0.0,1
20240911,7,879.193,844.026,839.806,92.48,45.014,0.0,0.0,0.0,587.864,0.0,1
20240912,7,750.845,708.805,705.261,94.232,37.727,1.666,0.0,0.0,493.683,0.0,1
20240913,7,885.103,835.026,830.851,93.673,44.739,1.727,0.0,0.0,581.596,0.0,1
20240914,7,739.501,688.904,685.46,92.642,37.795,2.96,0.0,0.0,479.822,0.0,1
20240915,7,850.232,798.087,794.097,92.335,43.599,2.222,0.519,0.0,555.868,0.0,1
20240916,7,920.541,870.561,866.208,95.824,45.486,1.489,0.555,0.667,606.346,0.0,1
20240917,7,886.042,849.874,845.625,93.457,44.89,0.085,0.0,0.0,591.937,0.0,1
20240918,7,783.303,746.221,742.49,93.693,39.585,0.765,0.0,0.0,519.743,0.0,1
20240919,7,881.667,845.552,841.325,92.152,45.301,0.1,0.0,0.0,588.927,0.0,1
20240920,7,851.16,817.113,813.028,96.81,41.629,0.0,0.0,0.0,569.119,0.0,1
20240921,7,861.409,817.349,813.262,91.968,44.349,1.161,0.0,0.0,569.284,0.0,1
20240922,7,837.845,781.659,777.751,92.799,42.749,2.819,0.0,0.0,544.426,0.0,1
20240923,7,787.903,750.703,746.95,94.658,39.411,0.751,0.0,0.0,522.865,0.0,1
20240924,7,982.745,943.435,938.718,93.978,49.513,0.0,0.0,0.0,657.103,0.0,1
20240925,7,850.063,815.178,811.103,96.777,41.59,0.108,0.0,0.0,567.772,0.0,1
20240926,7,826.325,777.894,774.004,94.306,41.488,1.939,0.0,0.0,541.803,0.0,1
20240927,7,858.9,818.101,814.01,93.773,43.368,0.781,0.0,0.0,569.807,0.0,1
20240928,7,889.934,840.114,835.914,92.34,45.633,1.665,0.0,0.0,585.14,0.0,1
20240929,7,888.569,843.973,839.753,93.009,45.235,1.061,0.0,0.0,587.827,0.0,1
20240930,7,815.936,750.798,747.044,96.927,39.858,4.149,0.0,0.0,522.931,0.0,1
20241001,7,864.393,810.151,806.101,95.198,42.992,2.37,0.0,0.0,564.27,0.0,1
20241002,7,846.33,801.56,797.552,95.101,42.137,1.344,0.0,0.0,558.286,0.0,1
20241003,7,820.517,772.198,768.337,94.757,41.0,1.968,0.0,0.0,537.836,0.0,1
20241004,7,949.564,885.189,880.763,95.579,47.04,2.895,0.0,0.0,616.534,0.0,1
20241005,7,811.564,769.691,765.842,97.021,39.606,1.208,0.0,0.0,536.09,0.0,1
20241006,7,813.986,781.427,777.52,92.046,41.872,0.0,0.0,0.0,544.264,0.0,1
20241007,7,917.305,871.013,866.658,96.684,44.922,1.09,0.481,0.0,606.66,0.0,1
20241008,7,898.296,862.364,858.052,93.755,45.366,0.0,0.0,0.0,600.636,0.0,1
20241009,7,900.152,849.222,844.976,94.827,44.946,1.727,0.752,0.0,591.483,0.0,1
20241010,7,759.637,728.694,725.051,93.833,38.332,0.076,0.0,0.0,507.536,0.0,1
20241011,7,746.027,710.344,706.792,90.606,38.986,0.816,0.0,0.0,494.754,0.0,1
20241012,7,858.549,822.512,818.4,92.917,43.75,0.206,0.0,0.0,572.88,0.0,1
20241013,7,829.21,786.6,782.667,92.451,42.468,1.186,0.0,0.0,547.867,0.0,1
20241014,7,918.542,868.856,864.512,94.3,46.121,1.468,0.0,0.0,605.159,0.0,1
20241015,7,820.458,781.95,778.04,94.044,41.307,0.722,0.0,0.0,544.628,0.0,1
20241016,7,802.95,747.726,743.988,93.241,40.774,2.998,0.0,0.0,520.791,0.0,1
20241017,7,959.082,912.606,908.043,93.148,48.751,0.881,0.0,0.0,635.63,0.0,1
20241018,7,805.817,750.836,747.082,96.607,39.494,2.941,0.0,0.0,522.957,0.0,1
20241019,7,871.684,814.677,810.603,93.928,43.941,2.646,0.0,0.0,567.422,0.0,1
20241020,7,865.356,810.929,806.874,93.72,43.719,2.385,0.0,0.0,564.812,0.0,1
20241021,7,870.885,827.81,823.671,96.899,42.554,0.985,0.0,0.0,576.57,0.0,1
20241022,7,823.406,786.044,782.114,92.912,41.961,0.56,0.0,0.0,547.48,0.0,1
20241023,7,805.849,748.195,744.454,93.867,40.649,3.286,0.0,0.0,521.118,0.0,1
20241024,7,896.116,853.906,849.637,97.162,43.669,0.74,0.0,0.0,594.746,0.0,1
20241025,7,833.331,797.194,793.208,97.218,40.586,0.35,0.0,0.0,555.246,0.0,1
20241026,7,722.21,693.322,689.855,92.573,36.939,0.0,0.0,0.0,482.899,0.0,1
20241027,7,866.901,813.996,809.926,91.186,45.014,2.19,0.0,0.0,566.948,0.0,1
20241028,7,867.53,818.71,814.616,95.78,42.886,1.695,0.0,0.0,570.231,0.0,1
20241029,7,896.964,851.127,846.871,95.238,44.594,1.156,0.0,0.0,592.81,0.0,1
20241030,7,882.068,841.106,836.9,97.052,43.033,0.671,0.0,0.0,585.83,0.0,1
20241031,7,824.407,786.931,782.997,90.817,42.981,0.569,0.0,0.0,548.098,0.0,1
20241101,7,871.539,836.677,832.494,97.164,42.47,0.0,0.0,0.0,582.746,0.0,1
20241102,7,810.726,758.067,754.276,92.794,41.367,2.599,0.0,0.0,527.993,0.0,1
20241103,7,776.639,735.313,731.637,93.689,39.25,1.376,0.0,0.0,512.146,0.0,1
20241104,7,714.132,671.392,668.035,94.125,35.924,2.068,0.0,0.0,467.625,0.0,1
20241105,7,850.094,803.601,799.583,94.47,42.607,1.53,0.0,0.0,559.708,0.0,1
20241106,7,931.716,887.727,883.288,93.058,47.406,0.751,0.0,0.0,618.302,0.0,1
20241107,7,703.083,666.517,663.184,93.021,35.787,1.251,0.163,0.0,464.229,0.0,1
20241108,7,849.56,815.577,811.499,95.073,42.31,0.0,0.0,0.0,568.049,0.0,1
20241109,7,830.557,797.335,793.349,96.548,40.731,0.0,0.0,0.0,555.344,0.0,1
20241110,7,794.18,756.234,752.453,94.208,39.915,0.81,0.0,0.0,526.717,0.0,1
20241111,7,762.689,716.313,712.732,92.909,38.868,2.167,0.0,0.0,498.912,0.0,1
20241112,7,837.654,781.05,777.144,94.662,41.898,2.872,0.0,0.0,544.001,0.0,1
20241113,7,778.244,747.114,743.379,93.477,39.42,0.0,0.0,0.0,520.365,0.0,1
20241114,7,914.383,873.07,868.705,94.843,45.649,0.54,0.0,0.0,608.094,0.0,1
20241115,7,880.945,845.707,841.479,95.546,43.656,0.0,0.0,0.0,589.035,0.0,1
20241116,7,867.709,826.488,822.355,96.31,42.659,0.782,0.0,0.0,575.649,0.0,1
20241117,7,963.416,904.123,899.603,97.388,46.84,2.244,0.0,0.0,629.722,0.0,1
20241118,7,778.345,728.025,724.385,95.048,38.774,2.568,0.0,0.0,507.069,0.0,1
20241119,7,852.607,818.503,814.41,95.654,42.204,0.0,0.0,0.0,570.087,0.0,1
20241120,7,909.07,852.883,848.618,95.804,44.928,2.272,0.0,0.0,594.033,0.0,1
20241121,7,873.304,825.861,821.732,93.544,44.204,1.492,0.0,0.0,575.212,0.0,1
20241122,7,832.252,797.925,793.936,92.711,42.504,0.13,0.0,0.0,555.755,0.0,1
20241123,7,860.212,812.634,808.571,94.87,42.932,1.595,0.0,0.0,566.0,0.0,1
20241124,7,797.049,752.045,748.285,94.805,39.807,1.715,0.0,0.0,523.8,0.0,1
20241125,7,803.153,763.862,760.043,94.513,40.236,0.929,0.0,0.0,532.03,0.0,1
20241126,7,781.835,740.732,737.028,92.741,39.916,1.31,0.0,0.0,515.92,0.0,1
20241127,7,804.378,772.203,768.342,93.093,40.912,0.0,0.0,0.0,537.839,0.0,1
20241128,7,831.665,792.564,788.601,93.94,41.918,0.731,0.0,0.0,552.021,0.0,1
20241129,7,802.456,748.802,745.058,93.087,40.817,2.798,0.0,0.0,521.54,0.0,1
20241130,7,922.536,864.525,860.202,93.148,46.894,2.384,0.0,0.0,602.141,0.0,1
20241201,7,852.023,817.942,813.853,93.485,43.153,0.0,0.0,0.0,569.697,0.0,1
20241202,7,839.129,793.421,789.453,95.309,41.687,1.507,0.321,0.0,552.617,0.0,1
20241203,7,826.306,780.446,776.544,93.695,41.757,1.615,0.0,0.0,543.581,0.0,1
20241204,7,873.739,825.977,821.847,97.076,42.616,1.528,0.0,0.0,575.293,0.0,1
20241205,7,802.355,758.5,754.707,92.411,41.11,1.527,0.0,0.0,528.295,0.0,1
20241206,7,846.647,806.317,802.286,93.674,42.795,0.795,0.0,0.0,561.6,0.0,1
20241207,7,792.009,755.439,751.661,94.817,39.55,0.643,0.0,0.0,526.163,0.0,1
20241208,7,851.436,799.209,795.213,96.019,41.986,2.223,0.0,0.0,556.649,0.0,1
20241209,7,840.547,801.542,797.535,94.602,42.069,0.667,0.0,0.0,558.274,0.0,1
20241210,7,788.059,745.83,742.101,95.36,39.129,1.415,0.0,0.0,519.471,0.0,1
20241211,7,822.798,783.265,779.349,95.325,40.869,0.838,0.0,0.0,545.544,0.0,1
20241212,7,934.483,885.317,880.891,96.452,45.874,1.314,0.0,0.0,616.623,0.0,1
20241213,7,849.417,815.44,811.363,95.7,42.026,0.0,0.0,0.058,567.954,0.0,1
20241214,7,891.66,855.994,851.714,95.594,44.164,0.0,0.0,0.0,596.199,0.0,1
20241215,7,833.334,791.14,787.184,93.811,42.06,1.108,0.0,0.0,551.029,0.0,1
20241216,7,813.005,749.996,746.246,93.837,41.023,3.906,0.0,0.0,522.372,0.0,1
20241217,7,805.113,750.813,747.059,94.36,40.399,2.859,0.0,0.0,522.941,0.0,1
20241218,7,858.278,819.651,815.553,93.693,43.374,0.521,0.0,0.0,570.887,0.0,1
20241219,7,872.986,830.539,826.386,95.202,43.418,0.898,0.0,0.0,578.47,0.0,1
20241220,7,893.836,832.202,828.041,94.361,44.851,3.016,0.0,0.0,579.628,0.0,1
20241221,7,801.331,767.04,763.205,94.409,40.189,0.291,0.0,0.0,534.244,0.0,1
20241222,7,806.367,761.363,757.556,96.805,39.44,1.647,0.0,0.0,530.289,0.0,1
20241223,7,830.402,781.137,777.231,94.861,41.448,2.013,0.0,0.0,544.062,0.0,1
20241224,7,859.963,825.564,821.437,93.141,43.716,0.0,0.0,0.0,575.006,0.0,1
20241225,7,900.324,848.808,844.564,94.236,45.236,1.794,0.0,0.0,591.195,0.0,1
20241226,7,798.714,755.247,751.47,94.6,39.977,1.502,0.0,0.0,526.029,0.0,1
20241227,7,909.8,868.77,864.426,96.079,44.836,0.531,0.0,0.0,605.098,0.0,1
20241228,7,800.456,764.663,760.84,95.923,39.511,0.491,0.0,0.0,532.588,0.0,1
20241229,7,911.723,848.248,844.007,93.657,46.092,3.085,0.0,0.0,590.805,0.0,1
20241230,7,768.905,735.784,732.105,92.873,39.2,0.32,0.0,0.0,512.474,0.0,1
20241231,7,758.902,706.525,702.992,91.491,39.275,3.023,0.0,0.0,492.095,0.0,1
20250101,7,723.432,678.778,675.384,92.012,37.227,2.263,0.0,0.0,472.769,0.0,1
20250102,7,835.806,793.702,789.733,92.163,42.939,1.081,0.0,0.0,552.813,0.0,1
20250103,7,815.439,760.375,756.573,93.429,41.325,2.867,0.0,0.0,529.601,0.0,1
20250104,7,785.987,753.205,749.439,93.586,39.766,0.178,0.0,0.0,524.608,0.0,1
20250105,7,874.584,839.291,835.094,93.131,44.465,0.037,0.0,0.0,584.566,0.0,1
20250106,7,883.829,816.651,812.567,95.507,43.817,3.751,0.0,0.0,568.797,0.0,1
20250107,7,835.838,783.492,779.575,94.306,41.965,2.357,0.0,0.0,545.702,0.0,1
20250108,7,792.452,744.853,741.128,90.837,41.306,2.09,0.0,0.0,518.79,0.0,1
20250109,7,846.299,806.013,801.983,95.415,41.997,0.792,0.0,0.0,561.388,0.0,1
20250110,7,773.133,729.522,725.874,95.667,38.265,1.709,0.0,0.0,508.112,0.0,1
20250111,7,828.406,782.881,778.966,94.518,41.499,1.558,0.0,0.0,545.277,0.0,1
20250112,7,857.277,822.986,818.871,92.583,43.843,0.0,0.0,0.0,573.21,0.0,1
20250113,7,856.313,816.101,812.021,93.373,43.423,0.725,0.0,0.0,568.415,0.0,1
20250114,7,763.844,728.208,724.567,91.541,39.509,0.693,0.0,0.0,507.197,0.0,1
20250115,7,876.232,830.64,826.486,93.351,44.443,1.253,0.0,0.0,578.54,0.0,1
20250116,7,832.509,774.335,770.463,93.331,42.234,3.112,0.0,0.0,539.324,0.0,1
20250117,7,908.732,863.755,859.436,93.17,46.181,0.989,0.0,0.0,601.605,0.0,1
20250118,7,817.957,785.239,781.312,92.503,41.868,0.0,0.0,0.0,546.919,0.0,1
20250119,7,816.287,764.159,760.338,92.583,41.746,2.485,0.0,0.0,532.236,0.0,1
20250120,7,801.695,769.628,765.779,92.297,41.127,0.0,0.0,0.0,536.046,0.0,1
20250121,7,898.769,862.051,857.741,93.504,45.512,0.089,0.0,0.0,600.419,0.0,1
20250122,7,750.512,711.298,707.741,95.532,37.198,1.276,0.0,0.0,495.419,0.0,1
20250123,7,852.639,804.727,800.703,93.494,43.181,1.687,0.0,0.0,560.492,0.0,1
20250124,7,893.814,849.238,844.992,98.217,43.089,1.028,0.0,0.0,591.494,0.0,1
20250125,7,830.129,796.924,792.939,95.92,40.977,0.0,0.0,0.0,555.058,0.0,1
20250126,7,783.405,740.852,737.147,97.138,38.186,1.491,0.0,0.0,516.003,0.0,1
20250127,7,777.602,741.269,737.563,93.575,39.346,0.7,0.0,0.0,516.294,0.0,1
20250128,7,896.475,841.79,837.582,94.696,44.824,2.187,0.0,0.0,586.307,0.0,1
20250129,7,780.878,740.772,737.068,92.901,39.799,1.183,0.0,0.0,515.948,0.0,1
20250130,7,842.12,808.435,804.393,95.88,41.586,0.0,0.0,0.0,563.075,0.0,1
20250131,7,786.797,755.325,751.548,92.655,40.207,0.0,0.0,0.0,526.084,0.0,1
20250201,7,777.282,730.171,726.52,91.781,40.099,2.147,0.0,0.0,508.564,0.0,1
20250202,7,867.05,812.902,808.837,94.915,43.253,2.339,0.0,0.0,566.186,0.0,1
20250203,7,785.917,745.593,741.866,91.559,40.643,1.178,0.007,0.0,519.306,0.0,1
20250204,7,837.785,800.793,796.789,96.045,41.301,0.433,0.0,0.0,557.752,0.0,1
20250205,7,844.249,804.35,800.329,94.258,42.409,0.756,0.0,0.0,560.23,0.0,1
20250206,7,807.576,756.414,752.631,96.943,39.443,2.433,0.0,0.0,526.842,0.0,1
20250207,7,850.13,805.347,801.321,93.796,42.915,1.321,0.0,0.0,560.924,0.0,1
20250208,7,733.515,694.071,690.601,91.273,38.052,1.435,0.0,0.0,483.42,0.0,1
20250209,7,824.171,779.754,775.855,94.241,41.408,1.447,0.0,0.0,543.099,0.0,1
20250210,7,973.964,912.34,907.778,94.195,48.958,2.424,0.0,0.0,635.445,0.0,1
20250211,7,848.776,802.552,798.54,94.405,42.57,1.506,0.0,0.0,558.978,0.0,1
20250212,7,786.779,755.308,751.531,93.076,40.024,0.0,0.0,0.0,526.072,0.0,1
20250213,7,844.719,803.938,799.918,92.376,43.297,0.862,0.0,0.0,559.943,0.0,1
20250214,7,826.111,755.996,752.216,96.278,40.627,4.674,0.0,0.0,526.551,0.0,1
20250215,7,856.2,820.054,815.953,96.253,42.118,0.231,0.0,0.0,571.167,0.0,1
20250216,7,840.032,805.144,801.118,94.805,41.954,0.16,0.0,0.0,560.783,0.0,1
20250217,7,859.336,813.311,809.245,93.448,43.541,1.412,0.0,0.094,566.471,0.0,1
20250218,7,866.688,812.773,808.709,94.698,43.334,2.313,0.0,0.0,566.096,0.0,1
20250219,7,801.557,757.073,753.287,93.407,40.631,1.614,0.0,0.0,527.301,0.0,1
20250220,7,722.433,693.536,690.068,92.395,37.022,0.0,0.0,0.0,483.048,0.0,1
20250221,7,839.388,792.792,788.828,95.077,41.802,1.616,0.0,0.0,552.18,0.0,1
20250222,7,884.175,834.546,830.373,93.839,44.613,1.68,0.0,0.0,581.261,0.0,1
20250223,7,805.865,773.63,769.762,91.029,41.917,0.0,0.0,0.0,538.834,0.0,1
20250224,7,819.918,782.356,778.445,93.196,41.656,0.605,0.402,0.0,544.911,0.0,1
20250225,7,796.854,764.98,761.155,93.318,40.432,0.0,0.0,0.0,532.809,0.0,1
20250226,7,915.244,857.117,852.831,94.877,45.675,2.449,0.0,0.0,596.982,0.0,1
20250227,7,847.65,796.464,792.482,93.381,42.98,2.124,0.0,0.0,554.737,0.0,1
20250228,7,755.655,703.423,699.906,93.092,38.434,3.033,0.0,0.0,489.934,0.0,1
20250301,7,975.464,912.859,908.294,93.262,49.524,2.519,0.0,0.0,635.806,0.0,1
20250302,7,928.276,891.145,886.689,97.408,45.122,0.0,0.326,0.0,620.682,0.0,1
20250303,7,816.519,781.406,777.499,92.269,41.9,0.313,0.0,0.0,544.249,0.0,1
20250304,7,852.243,815.054,810.979,94.559,42.675,0.379,0.74,0.0,567.685,0.0,1
20250305,7,940.046,892.164,887.703,96.643,46.056,1.139,0.0,0.0,621.392,0.0,1
20250306,7,794.569,758.706,754.912,93.181,40.375,0.535,0.0,0.0,528.439,0.0,1
20250307,7,777.964,745.592,741.864,92.863,39.666,0.168,0.0,0.0,519.305,0.0,1
20250308,7,881.691,846.424,842.192,94.295,44.272,0.0,0.488,0.0,589.534,0.0,1
20250309,7,776.73,736.131,732.45,93.656,39.268,1.278,0.0,0.0,512.715,0.0,1
20250310,7,908.688,870.427,866.075,92.94,46.293,0.219,0.0,0.0,606.253,0.0,1
20250311,7,852.404,811.555,807.497,89.845,44.922,0.825,0.0,0.0,565.248,0.0,1
20250312,7,918.617,845.689,841.461,97.297,44.704,4.103,0.0,0.0,589.023,0.0,1
20250313,7,853.279,809.699,805.651,93.928,43.013,1.153,0.0,0.0,563.956,0.0,1
20250314,7,831.799,786.426,782.494,96.576,40.781,1.515,0.0,0.0,547.746,0.0,1
20250315,7,912.684,876.176,871.795,92.726,46.604,0.0,0.0,0.0,610.257,0.0,1
20250316,7,860.399,804.061,800.04,96.323,42.294,2.654,0.0,0.0,560.028,0.0,1
20250317,7,820.205,777.295,773.408,92.609,41.935,1.283,0.0,0.0,541.386,0.0,1
20250318,7,813.258,768.288,764.447,93.23,41.303,1.593,0.0,0.0,535.113,0.0,1
20250319,7,923.741,880.672,876.268,96.368,45.386,0.69,0.0,0.0,613.388,0.0,1
20250320,7,763.979,733.42,729.753,94.534,38.265,0.0,0.0,0.0,510.827,0.0,1
20250321,7,821.258,783.581,779.663,91.644,42.431,0.612,0.0,0.0,545.764,0.0,1
20250322,7,885.608,834.805,830.631,93.518,44.839,1.809,0.0,0.0,581.441,0.0,1
20250323,7,897.81,861.032,856.727,95.253,44.628,0.1,0.0,0.0,599.709,0.0,1
20250324,7,795.047,745.921,742.192,93.808,40.129,2.27,0.0,0.0,519.534,0.0,1
20250325,7,825.327,761.074,757.269,93.349,41.862,3.943,0.0,0.0,530.088,0.0,1
20250326,7,826.953,793.875,789.905,94.225,41.555,0.0,0.0,0.382,552.934,0.0,1
20250327,7,816.813,768.37,764.528,94.595,40.885,2.011,0.0,0.0,535.17,0.0,1
20250328,7,893.624,856.208,851.927,94.713,44.674,0.195,0.0,0.0,596.349,0.0,1
20250329,7,851.962,817.883,813.794,94.272,42.79,0.0,0.0,0.0,569.656,0.0,1
20250330,7,854.951,820.753,816.649,91.83,44.082,0.0,0.0,0.0,571.655,0.0,1
20250331,7,807.703,764.778,760.954,94.123,40.632,1.369,0.0,0.0,532.668,0.0,1
20250401,7,836.426,786.366,782.434,92.09,43.005,2.068,0.0,0.0,547.704,0.0,1
20250402,7,837.025,783.287,779.37,95.37,41.556,2.521,0.0,0.209,545.559,0.0,1
20250403,7,830.387,788.44,784.498,91.499,42.97,1.095,0.0,0.0,549.148,0.0,1
20250404,7,840.747,797.507,793.519,92.79,42.902,1.191,0.0,0.0,555.463,0.0,1
20250405,7,787.447,747.666,743.928,92.495,40.31,1.096,0.0,0.0,520.75,0.0,1
20250406,7,914.776,869.449,865.102,93.811,46.171,0.995,0.0,0.0,605.572,0.0,1
20250407,7,843.231,802.038,798.028,92.081,43.359,0.922,0.0,0.0,558.619,0.0,1
20250408,7,794.885,758.684,754.89,94.183,39.961,0.577,0.0,0.0,528.423,0.0,1
20250409,7,830.892,793.866,789.897,92.468,42.546,0.475,0.0,0.0,552.928,0.0,1
20250410,7,860.203,825.794,821.665,93.964,43.346,0.0,0.0,0.0,575.166,0.0,1
20250411,7,853.968,803.014,798.999,97.039,41.668,2.049,0.0,0.0,559.299,0.0,1
20250412,7,795.79,763.958,760.138,93.993,40.088,0.0,0.0,0.0,532.097,0.0,1
20250413,7,840.217,784.786,780.862,92.972,42.79,2.705,0.0,0.0,546.603,0.0,1
20250414,7,860.119,821.262,817.156,92.96,43.81,0.539,0.0,0.0,572.009,0.0,1
20250415,7,852.598,800.145,796.144,94.946,42.518,2.242,0.329,0.0,557.301,0.0,1
20250416,7,818.037,775.527,771.65,97.162,39.864,1.246,0.0,0.0,540.155,0.0,1
20250417,7,832.291,774.739,770.866,93.514,42.141,3.036,0.0,0.0,539.606,0.0,1
20250418,7,868.839,826.069,821.938,91.485,44.967,0.961,0.0,0.0,575.357,0.0,1
20250419,7,834.599,801.215,797.209,91.386,43.242,0.0,0.0,0.138,558.047,0.0,1
20250420,7,870.656,835.073,830.898,95.59,43.126,0.091,0.111,0.0,581.629,0.0,1
20250421,7,875.9,824.708,820.584,94.365,43.949,1.921,0.0,0.0,574.409,0.0,1
20250422,7,844.609,791.78,787.821,92.413,43.274,2.349,0.0,0.0,551.475,0.0,1
20250423,7,842.69,808.982,804.937,93.69,42.587,0.0,0.0,0.0,563.456,0.0,1
20250424,7,722.584,686.266,682.835,95.812,35.709,1.069,0.0,0.0,477.984,0.0,1
20250425,7,883.216,834.277,830.106,93.81,44.578,1.605,0.0,0.0,581.074,0.0,1
20250426,7,894.305,847.733,843.494,91.563,46.246,1.258,0.0,0.0,590.446,0.0,1
20250427,7,806.967,742.728,739.015,93.198,40.997,4.126,0.0,0.0,517.31,0.0,1
20250428,7,856.27,798.918,794.923,93.566,43.331,2.81,0.0,0.0,556.446,0.0,1
20250429,7,753.111,711.83,708.271,91.298,39.057,1.543,0.0,0.0,495.79,0.0,1
20250430,7,874.734,816.399,812.317,94.788,43.695,2.78,0.0,0.0,568.622,0.0,1
20250501,7,824.802,765.246,761.42,92.035,42.433,3.355,0.0,0.0,532.994,0.0,1
20250502,7,740.186,697.039,693.554,94.542,37.07,1.905,0.0,0.0,485.488,0.0,1
20250503,7,830.44,797.222,793.236,94.947,41.412,0.0,0.0,0.0,555.265,0.0,1
20250504,7,917.107,859.447,855.149,95.243,45.592,2.383,0.0,0.0,598.604,0.0,1
20250505,7,934.186,893.801,889.332,93.818,47.147,0.337,0.0,0.0,622.532,0.0,1
20250506,7,781.686,738.057,734.367,94.196,39.292,1.647,0.0,0.0,514.057,0.0,1
20250507,7,787.087,755.603,751.825,93.749,39.752,0.0,0.0,0.0,526.278,0.0,1
20250508,7,837.659,788.184,784.244,93.582,42.382,1.986,0.0,0.0,548.97,0.0,1
20250509,7,821.709,783.068,779.152,94.326,41.247,0.732,0.0,0.0,545.407,0.0,1
20250510,7,910.227,873.818,869.449,94.791,45.466,0.0,0.0,0.0,608.614,0.0,1
20250511,7,857.136,819.715,815.617,95.051,42.697,0.381,0.0,0.0,570.932,0.0,1
20250512,7,820.02,787.219,783.283,91.46,42.452,0.0,0.0,0.0,548.298,0.0,1
20250513,7,896.091,847.546,843.308,96.162,44.122,1.477,0.0,0.468,590.315,0.0,1
20250514,7,848.459,814.172,810.101,91.339,43.983,0.043,0.335,0.0,567.071,0.0,1
20250515,7,859.862,815.002,810.927,93.546,43.522,1.268,0.0,0.0,567.649,0.0,1
20250516,7,829.145,790.468,786.515,94.439,41.57,0.692,0.0,0.0,550.561,0.0,1
20250517,7,905.227,853.375,849.108,94.987,45.123,1.8,0.0,0.0,594.376,0.0,1
20250518,7,745.038,704.766,701.242,94.362,37.384,1.464,0.0,0.0,490.869,0.0,1
20250519,7,830.026,774.743,770.87,93.106,42.21,2.771,0.0,0.0,539.609,0.0,1
20250520,7,784.905,746.183,742.452,93.322,39.824,0.972,0.0,0.0,519.716,0.0,1
20250521,7,779.496,734.632,730.959,90.864,40.619,1.829,0.0,0.0,511.671,0.0,1
20250522,7,793.623,742.223,738.512,93.107,40.359,2.58,0.0,0.0,516.959,0.0,1
20250523,7,937.602,869.493,865.145,96.657,45.929,3.4,0.0,0.0,605.602,0.0,1
20250524,7,772.681,741.773,738.065,92.457,39.57,0.0,0.0,0.0,516.645,0.0,1
20250525,7,754.552,715.62,712.042,93.066,38.389,1.208,0.0,0.0,498.429,0.0,1
20250526,7,869.122,819.817,815.718,94.701,43.454,1.743,0.0,0.0,571.003,0.0,1
20250527,7,795.911,751.419,747.662,91.474,41.198,1.656,0.0,0.0,523.363,0.0,1
20250528,7,819.578,775.513,771.635,91.959,42.199,1.434,0.0,0.0,540.145,0.0,1
20250529,7,832.415,799.118,795.123,93.021,42.37,0.0,0.0,0.0,556.586,0.0,1
20250530,7,880.533,845.312,841.085,95.405,43.7,0.0,0.0,0.0,588.76,0.0,1
20250531,7,879.619,832.786,828.622,91.067,45.734,1.379,0.0,0.0,580.036,0.0,1
20250601,7,853.523,817.84,813.751,94.569,42.734,0.188,0.0,0.0,569.626,0.0,1
20250602,7,781.249,737.126,733.441,93.509,39.559,1.716,0.0,0.0,513.408,0.0,1
20250603,7,898.43,848.953,844.708,95.168,44.699,1.57,0.0,0.0,591.296,0.0,1
20250604,7,812.857,775.966,772.087,94.221,40.848,0.561,0.0,0.0,540.461,0.0,1
20250605,7,837.44,787.776,783.838,91.749,43.218,2.011,0.0,0.0,548.686,0.0,1
20250606,7,888.574,852.461,848.199,96.125,43.768,0.067,0.0,0.0,593.739,0.0,1
20250607,7,796.266,760.151,756.351,94.454,39.916,0.558,0.0,0.0,529.445,0.0,1
20250608,7,884.437,841.0,836.795,91.791,45.622,0.949,0.0,0.0,585.756,0.0,1
20250609,7,892.067,849.554,845.306,93.568,45.141,0.798,0.0,0.0,591.714,0.0,1
20250610,7,856.373,808.755,804.711,94.376,42.964,1.626,0.0,0.0,563.298,0.0,1
20250611,7,916.324,873.478,869.11,95.922,45.231,0.704,0.0,0.0,608.377,0.0,1
20250612,7,829.11,782.292,778.381,93.829,41.839,1.715,0.0,0.0,544.867,0.0,1
20250613,7,788.555,737.488,733.8,95.632,39.042,2.579,0.0,0.0,513.66,0.0,1
20250614,7,859.282,824.911,820.786,93.465,43.531,0.0,0.0,0.0,574.55,0.0,1
20250615,7,832.161,793.706,789.737,91.332,43.141,0.647,0.0,0.0,552.816,0.0,1
20250616,7,846.919,790.42,786.468,92.263,43.463,2.782,0.0,0.0,550.528,0.0,1
20250617,7,829.828,796.23,792.249,96.297,40.802,0.051,0.0,0.0,554.574,0.0,1
20250618,7,744.58,696.244,692.762,94.065,37.479,2.596,0.0,0.0,484.934,0.0,1
20250619,7,862.922,825.52,821.392,92.77,44.043,0.348,0.0,0.0,574.975,0.0,1
20250620,7,842.033,804.099,800.079,93.916,42.452,0.526,0.0,0.0,560.055,0.0,1
20250621,7,823.046,790.124,786.174,96.845,40.239,0.0,0.0,0.0,550.322,0.0,1
20250622,7,862.763,817.499,813.412,94.394,43.277,1.298,0.0,0.0,569.388,0.0,1
20250623,7,827.873,794.758,790.784,96.437,40.647,0.0,0.0,0.0,553.549,0.0,1
20250624,7,760.176,727.864,724.225,94.894,37.93,0.261,0.0,0.0,506.958,0.0,1
20250625,7,858.945,817.167,813.081,96.318,42.224,0.9,0.0,0.0,569.157,0.0,1
20250626,7,966.475,921.3,916.693,94.217,48.57,0.702,0.0,0.0,641.685,0.0,1
20250627,7,865.038,812.344,808.282,92.261,44.394,2.179,0.0,0.0,565.798,0.0,1
20250628,7,807.157,759.51,755.713,94.28,40.536,1.982,0.0,0.0,528.999,0.0,1
20250629,7,837.052,795.104,791.128,94.253,42.05,1.054,0.0,0.0,553.79,0.0,1
20250630,7,867.26,808.384,804.342,94.847,43.295,2.905,0.0,0.0,563.039,0.0,1
20250701,7,833.48,788.911,784.966,94.464,41.777,1.403,0.0,0.0,549.477,0.0,1
20250702,7,932.453,894.061,889.591,95.373,46.292,0.122,0.0,0.0,622.714,0.0,1
20250703,7,870.241,800.881,796.877,95.866,42.982,4.136,0.0,0.0,557.814,0.0,1
20250704,7,867.076,832.392,828.231,95.363,43.051,0.0,0.0,0.301,579.761,0.0,1
20250705,7,693.009,658.581,655.289,94.503,34.721,1.008,0.0,0.0,458.702,0.0,1
20250706,7,838.714,786.378,782.446,95.047,41.781,2.333,0.0,0.0,547.712,0.0,1
20250707,7,807.929,763.342,759.525,94.025,40.685,1.582,0.0,0.0,531.667,0.0,1
20250708,7,756.487,713.594,710.026,91.195,39.277,1.74,0.0,0.0,497.018,0.0,1
20250709,7,845.831,794.652,790.679,93.989,42.61,2.136,0.0,0.0,553.475,0.0,1
20250710,7,871.19,824.5,820.377,93.467,44.133,1.416,0.0,0.0,574.264,0.0,1
20250711,7,843.778,804.109,800.089,95.889,41.665,0.731,0.0,0.0,560.062,0.0,1
20250712,7,716.857,678.554,675.161,93.662,36.239,1.399,0.0,0.0,472.613,0.0,1
20250713,7,804.304,763.852,760.033,93.514,40.724,1.072,0.0,0.0,532.023,0.0,1
20250714,7,810.261,748.714,744.971,95.62,40.122,3.746,0.0,0.0,521.479,0.0,1
20250715,7,824.634,791.648,787.69,93.996,41.539,0.0,0.331,0.0,551.383,0.0,1
20250716,7,840.09,796.779,792.795,91.138,43.645,1.204,0.0,0.0,554.957,0.0,1
20250717,7,825.96,786.736,782.802,96.146,40.675,0.78,0.0,0.0,547.962,0.0,1
20250718,7,858.015,808.194,804.153,97.595,41.627,1.882,0.0,0.0,562.907,0.0,1
20250719,7,919.996,870.163,865.812,94.944,45.88,1.476,0.0,0.0,606.069,0.0,1
20250720,7,891.451,852.136,847.875,96.142,43.902,0.427,0.0,0.0,593.512,0.0,1
20250721,7,844.357,795.911,791.932,92.683,43.135,1.81,0.0,0.0,554.352,0.0,1
20250722,7,779.84,743.977,740.258,92.07,40.105,0.624,0.0,0.0,518.18,0.0,1
20250723,7,844.215,793.519,789.551,93.758,42.634,2.089,0.0,0.0,552.686,0.0,1
20250724,7,725.089,679.572,676.175,92.309,37.192,2.372,0.0,0.0,473.322,0.0,1
20250725,7,750.835,711.842,708.283,93.287,38.109,1.243,0.0,0.0,495.798,0.0,1
20250726,7,855.717,821.488,817.381,93.828,43.182,0.0,0.0,0.0,572.166,0.0,1
20250727,7,846.721,800.612,796.609,95.197,42.114,1.506,0.0,0.0,557.626,0.0,1
20250728,7,754.368,724.193,720.572,93.971,38.01,0.0,0.0,0.0,504.401,0.0,1
20250729,7,846.263,791.149,787.193,94.479,42.411,2.617,0.0,0.0,551.035,0.0,1
20250730,7,812.853,770.246,766.395,94.032,40.93,1.293,0.0,0.0,536.476,0.0,1
20250731,7,795.687,755.103,751.327,94.011,40.075,1.146,0.0,0.0,525.929,0.0,1
20250801,7,770.724,739.895,736.196,94.748,38.515,0.0,0.0,0.0,515.337,0.0,1
20250802,7,819.972,780.977,777.072,93.954,41.323,0.787,0.0,0.0,543.951,0.0,1
20250803,7,799.978,760.072,756.272,95.428,39.693,1.03,0.0,0.0,529.39,0.0,1
20250804,7,784.889,751.552,747.794,94.918,39.153,0.258,0.0,0.0,523.456,0.0,1
20250805,7,765.668,735.041,731.366,93.334,38.842,0.0,0.0,0.0,511.956,0.0,1
20250806,7,845.528,811.707,807.648,92.659,43.206,0.0,0.0,0.0,565.354,0.0,1
20250807,7,854.275,798.246,794.255,94.478,42.813,2.665,0.0,0.0,555.978,0.0,1
20250808,7,947.856,909.942,905.392,95.597,46.947,0.0,0.0,0.0,633.775,0.0,1
20250809,7,841.86,806.396,802.364,95.207,41.867,0.222,0.0,0.0,561.655,0.0,1
20250810,7,854.75,814.912,810.837,94.341,42.899,0.688,0.0,0.0,567.586,0.0,1
20250811,7,768.694,729.323,725.676,93.775,38.813,1.169,0.0,0.0,507.973,0.0,1
20250812,7,845.68,811.853,807.793,96.652,41.429,0.0,0.07,0.0,565.455,0.0,1
20250813,7,834.598,796.562,792.579,94.461,41.834,0.581,0.0,0.0,554.805,0.0,1
20250814,7,779.414,734.319,730.647,94.065,39.233,1.86,0.0,0.0,511.453,0.0,1
20250815,7,803.966,761.842,758.033,93.931,40.526,1.291,0.0,0.0,530.623,0.0,1
20250816,7,771.941,729.342,725.695,93.767,38.98,1.582,0.0,0.0,507.987,0.0,1
20250817,7,807.458,775.16,771.284,95.145,40.183,0.0,0.0,0.0,539.899,0.0,1
20250818,7,782.572,729.438,725.791,91.793,40.367,2.906,0.0,0.0,508.053,0.0,1
20250819,7,789.104,751.471,747.713,95.18,39.255,0.801,0.0,0.0,523.399,0.0,1
20250820,7,827.302,785.7,781.772,95.816,40.882,1.071,0.0,0.0,547.24,0.0,1
20250821,7,754.775,708.013,704.473,93.172,38.357,2.287,0.0,0.0,493.131,0.0,1
20250822,7,870.126,810.746,806.692,93.328,44.145,2.942,0.0,0.0,564.684,0.0,1
20250823,7,818.129,783.765,779.847,91.399,42.382,0.209,0.0,0.0,545.893,0.0,1
20250824,7,871.584,826.396,822.264,97.781,42.205,1.234,0.0,0.0,575.585,0.0,1
20250825,7,899.793,846.54,842.308,96.133,44.318,1.998,0.114,0.0,589.615,0.0,1
20250826,7,857.763,812.08,808.019,91.092,44.585,1.381,0.0,0.0,565.613,0.0,1
20250827,7,755.624,717.215,713.629,92.02,38.88,1.128,0.0,0.0,499.541,0.0,1
20250828,7,868.666,827.836,823.697,95.456,43.088,0.73,0.0,0.0,576.588,0.0,1
20250829,7,886.959,822.552,818.439,93.898,44.725,3.398,0.0,0.0,572.907,0.0,1
20250830,7,833.933,779.586,775.688,93.596,42.187,2.622,0.0,0.0,542.982,0.0,1
20250831,7,801.027,759.048,755.253,93.1,40.738,1.292,0.0,0.0,528.677,0.0,1
20250901,7,757.984,721.879,718.269,95.803,37.462,0.795,0.0,0.0,502.788,0.0,1
20250902,7,803.235,762.296,758.485,91.731,41.461,1.142,0.0,0.0,530.939,0.0,1
20250903,7,846.963,796.417,792.435,97.94,40.946,2.05,0.0,0.0,554.705,0.0,1
20250904,7,769.468,725.534,721.906,92.368,39.444,1.781,0.0,0.0,505.334,0.0,1
20250905,7,833.604,782.531,778.618,92.962,42.458,2.215,0.0,0.0,545.033,0.0,1
20250906,7,842.462,802.168,798.157,92.608,43.073,0.815,0.0,0.0,558.71,0.0,1
20250907,7,766.059,733.821,730.152,92.714,39.122,0.217,0.0,0.0,511.106,0.0,1
20250908,7,852.907,802.534,798.521,93.295,43.286,1.986,0.0,0.0,558.965,0.0,1
20250909,7,808.641,752.433,748.67,93.799,40.819,3.074,0.0,0.0,524.069,0.0,1
20250910,7,839.66,789.218,785.272,94.541,42.052,2.091,0.152,0.0,549.69,0.0,1
20250911,7,820.242,779.884,775.985,90.879,42.735,0.959,0.0,0.0,543.189,0.0,1
20250912,7,939.737,890.568,886.115,98.803,45.034,1.284,0.0,0.0,620.281,0.0,1
20250913,7,831.934,788.792,784.848,94.814,41.545,1.235,0.0,0.0,549.394,0.0,1
20250914,7,868.007,819.693,815.594,94.692,43.403,1.631,0.005,0.0,570.916,0.0,1
20250915,7,864.897,830.301,826.15,93.238,43.921,0.0,0.0,0.0,578.305,0.0,1
20250916,7,788.603,747.576,743.838,92.897,40.194,1.253,0.0,0.0,520.686,0.0,1
20250917,7,905.608,862.885,858.57,94.196,45.521,0.748,0.0,0.0,600.999,0.0,1
20250918,7,766.703,726.53,722.897,94.457,38.433,1.291,0.0,0.0,506.028,0.0,1
20250919,7,804.195,770.252,766.401,93.056,40.919,0.23,0.0,0.0,536.481,0.0,1
20250920,7,753.582,701.805,698.296,94.097,37.919,2.99,0.0,0.0,488.807,0.0,1
20250921,7,810.935,753.795,750.026,95.276,40.3,3.173,0.0,0.0,525.018,0.0,1
20250922,7,881.524,845.407,841.18,96.493,43.256,0.101,0.0,0.0,588.826,0.0,1
20250923,7,839.154,792.584,788.621,94.405,42.088,1.614,0.0,0.012,552.035,0.0,1
20250924,7,810.67,778.243,774.352,92.272,41.599,0.0,0.0,0.0,542.046,0.0,1
20250925,7,786.665,726.278,722.647,93.365,39.894,3.829,0.0,0.0,505.853,0.0,1
20250926,7,785.598,739.806,736.107,95.814,38.822,1.905,0.0,0.0,515.275,0.0,1
20250927,7,800.715,761.721,757.912,92.79,40.859,0.906,0.0,0.0,530.539,0.0,1
20250928,7,862.275,827.784,823.645,96.112,42.479,0.0,0.978,0.0,576.552,0.0,1
20250929,7,763.969,728.602,724.959,94.355,38.337,0.656,0.0,0.0,507.472,0.0,1
20250930,7,762.068,713.63,710.062,92.553,38.986,2.454,0.0,0.0,497.043,0.0,1
20251001,7,882.882,842.342,838.131,93.503,44.708,0.616,0.0,0.0,586.691,0.0,1
20251002,7,781.111,738.303,734.611,96.864,38.182,1.542,0.0,0.0,514.228,0.0,1
20251003,7,850.117,803.036,799.021,96.229,41.829,1.602,0.0,0.0,559.315,0.0,1
20251004,7,846.897,807.328,803.291,94.345,42.503,0.7,0.0,0.0,562.304,0.0,1
20251005,7,870.448,811.686,807.628,93.46,44.098,2.865,0.0,0.0,565.34,0.0,1
20251006,7,830.613,782.653,778.74,97.607,40.293,1.848,0.0,0.0,545.118,0.0,1
20251007,7,856.889,792.351,788.389,94.108,43.113,3.679,0.0,0.0,551.872,0.0,1
20251008,7,819.822,772.995,769.13,92.718,41.866,1.783,0.0,0.0,538.391,0.0,1
20251009,7,832.704,789.523,785.575,92.726,42.52,1.235,0.0,0.0,549.903,0.0,1
20251010,7,937.179,887.42,882.983,95.299,46.563,1.364,0.0,0.0,618.088,0.0,1
20251011,7,869.901,816.872,812.787,93.35,44.123,2.183,0.0,0.0,568.951,0.0,1
20251012,7,834.931,784.7,780.777,94.301,41.922,2.1,0.0,0.0,546.544,0.0,1
20251013,7,839.605,788.306,784.365,92.763,42.855,2.198,0.0,0.0,549.055,0.0,1
20251014,7,859.572,825.189,821.063,92.987,43.769,0.0,0.0,0.0,574.744,0.0,1
20251015,7,856.053,813.568,809.5,96.037,42.205,1.003,0.0,0.0,566.65,0.0,1
20251016,7,822.169,789.282,785.336,92.513,42.079,0.0,0.0,0.0,549.735,0.0,1
20251017,7,776.192,732.537,728.875,94.128,39.044,1.692,0.0,0.0,510.212,0.0,1
20251018,7,757.311,713.787,710.218,94.122,38.097,1.82,0.0,0.0,497.153,0.0,1
20251019,7,822.934,777.947,774.058,93.064,41.869,1.528,0.0,0.0,541.84,0.0,1
20251020,7,835.923,795.232,791.256,94.846,41.731,0.904,0.0,0.0,553.879,0.0,1
20251021,7,825.981,787.963,784.023,95.494,40.954,0.628,0.0,0.0,548.816,0.0,1
20251022,7,727.016,683.363,679.946,92.538,37.199,2.088,0.0,0.0,475.962,0.0,1
20251023,7,852.664,806.585,802.552,91.68,44.036,1.463,0.0,0.0,561.786,0.0,1
20251024,7,832.466,792.26,788.298,91.101,43.266,0.864,0.0,0.0,551.809,0.0,1
20251025,7,925.758,868.866,864.521,92.082,47.602,2.235,0.0,0.0,605.165,0.0,1
20251026,7,820.552,770.704,766.851,94.174,41.256,2.161,0.0,0.0,536.796,0.0,1
20251027,7,822.847,773.869,770.0,94.267,41.33,2.034,0.0,0.398,539.0,0.0,1
20251028,7,878.918,824.978,820.853,94.08,44.234,2.226,0.0,0.0,574.597,0.0,1
20251029,7,888.815,828.757,824.613,94.944,44.325,2.872,0.0,0.0,577.229,0.0,1
20251030,7,837.483,801.614,797.605,91.783,43.203,0.295,0.0,0.0,558.324,0.0,1
20251031,7,750.161,720.154,716.554,96.836,36.68,0.0,0.0,0.0,501.587,0.0,1
20251101,7,875.892,835.61,831.432,93.864,44.183,0.624,0.091,0.0,582.002,0.0,1
20251102,7,719.181,674.423,671.051,92.063,36.988,2.316,0.0,0.0,469.736,0.0,1
20251103,7,883.484,808.213,804.172,91.548,45.694,4.708,0.0,0.0,562.92,0.0,1
20251104,7,927.56,886.176,881.745,96.553,45.487,0.481,0.0,0.031,617.222,0.0,1
20251105,7,801.612,766.983,763.148,94.926,39.984,0.333,0.0,0.0,534.204,0.0,1
20251106,7,762.565,711.169,707.613,94.367,38.262,2.854,0.0,0.0,495.329,0.0,1
20251107,7,855.83,816.084,812.004,94.135,43.047,0.671,0.0,0.0,568.402,0.0,1
20251108,7,903.644,856.227,851.946,92.388,46.311,1.299,0.0,0.0,596.362,0.0,1
20251109,7,913.022,875.751,871.372,96.289,44.897,0.086,0.0,0.0,609.96,0.0,1
20251110,7,857.636,813.577,809.509,97.608,41.603,1.185,0.0,0.0,566.656,0.0,1
20251111,7,846.213,802.251,798.24,94.625,42.343,1.245,0.0,0.0,558.768,0.0,1
20251112,7,899.155,842.281,838.069,94.972,44.827,2.422,0.0,0.0,586.648,0.0,1
20251113,7,869.467,823.145,819.029,94.584,43.525,1.383,0.0,0.0,573.32,0.0,1
20251114,7,760.574,725.446,721.819,92.047,39.124,0.644,0.0,0.0,505.273,0.0,1
20251115,7,866.092,813.113,809.048,95.001,43.166,2.205,0.0,0.0,566.333,0.0,1
20251116,7,850.747,797.806,793.817,92.749,43.431,2.315,0.0,0.0,555.672,0.0,1
20251117,7,894.127,848.236,843.995,94.877,44.622,1.18,0.0,0.0,590.796,0.0,1
20251118,7,848.175,789.32,785.373,95.661,41.981,3.061,0.061,0.0,549.761,0.0,1
20251119,7,808.16,769.505,765.658,96.203,39.775,0.816,0.0,0.0,535.961,0.0,1
20251120,7,838.144,798.842,794.848,94.93,41.804,0.718,0.0,0.0,556.394,0.0,1
20251121,7,853.614,808.691,804.648,94.118,42.943,1.315,0.0,0.0,563.253,0.0,1
20251122,7,792.691,735.789,732.11,93.363,40.201,3.311,0.0,0.0,512.477,0.0,1
20251123,7,897.57,853.562,849.294,89.911,47.267,0.941,0.0,0.0,594.506,0.0,1
20251124,7,903.484,836.571,832.388,96.481,44.339,3.548,0.0,0.0,582.672,0.0,1
20251125,7,770.474,720.206,716.605,93.827,38.881,2.629,0.0,0.0,501.623,0.0,1
20251126,7,842.371,802.4,798.388,94.048,42.409,0.776,0.0,0.0,558.871,0.0,1
20251127,7,839.515,790.427,786.475,95.457,41.641,1.924,0.0,0.0,550.532,0.0,1
20251128,7,848.194,793.903,789.933,94.466,42.514,2.501,0.0,0.0,552.953,0.0,1
20251129,7,779.855,727.077,723.442,92.927,39.735,2.883,0.0,0.0,506.409,0.0,1
20251130,7,831.275,783.57,779.652,90.735,43.379,1.811,0.0,0.0,545.756,0.0,1
20251201,7,814.992,770.115,766.264,92.709,41.623,1.569,0.0,0.0,536.385,0.0,1
20251202,7,775.321,730.196,726.545,92.313,39.767,1.896,0.0,0.0,508.582,0.0,1
20251203,7,791.896,758.624,754.831,92.89,40.365,0.21,0.0,0.0,528.382,0.0,1
20251204,7,886.969,835.728,831.549,94.955,44.228,1.851,0.0,0.0,582.084,0.0,1
20251205,7,767.744,729.528,725.88,94.915,38.299,1.018,0.068,0.0,508.116,0.0,1
20251206,7,821.811,788.938,784.994,95.686,40.666,0.0,0.0,0.0,549.496,0.0,1
20251207,7,783.494,752.155,748.394,92.898,39.933,0.0,0.0,0.0,523.876,0.0,1
20251208,7,840.399,796.409,792.427,93.049,42.764,1.286,0.0,0.0,554.699,0.0,1
20251209,7,908.354,860.428,856.126,93.898,45.804,1.329,0.0,0.0,599.288,0.0,1
20251210,7,776.915,739.598,735.9,92.779,39.649,0.837,0.0,0.0,515.13,0.0,1
20251211,7,827.835,771.008,767.153,92.03,42.591,2.984,0.0,0.0,537.007,0.0,1
20251212,7,929.697,884.351,879.929,94.064,46.798,0.914,0.0,0.0,615.95,0.0,1
20251213,7,756.508,721.962,718.353,95.229,37.614,0.59,0.0,0.0,502.847,0.0,1
20251214,7,823.384,790.449,786.496,94.018,41.467,0.0,0.0,0.0,550.547,0.0,1
20251215,7,814.618,775.875,771.996,92.682,41.617,0.787,0.0,0.0,540.397,0.0,1
20251216,7,905.07,853.406,849.139,95.987,44.645,1.779,0.0,0.0,594.397,0.0,1
20251217,7,846.639,792.89,788.926,93.923,42.681,2.446,0.0,0.0,552.248,0.0,1
20251218,7,881.591,838.865,834.671,94.31,44.26,0.882,0.0,0.0,584.269,0.0,1
20251219,7,854.106,819.942,815.842,95.955,42.145,0.0,0.0,0.0,571.089,0.0,1
20251220,7,888.888,832.137,827.976,94.102,44.725,2.484,0.0,0.0,579.583,0.0,1
20251221,7,780.431,731.925,728.265,93.836,39.38,2.308,0.0,0.0,509.786,0.0,1
20251222,7,757.172,724.466,720.844,95.998,37.345,0.333,0.0,0.0,504.591,0.0,1
20251223,7,849.504,815.524,811.446,93.04,43.232,0.0,0.0,0.0,568.012,0.0,1
20251224,7,936.894,874.681,870.308,92.459,47.978,2.75,0.0,0.0,609.216,0.0,1
20251225,7,803.643,759.387,755.59,92.393,41.184,1.57,0.0,0.0,528.913,0.0,1
20251226,7,835.958,796.838,792.854,94.639,41.824,0.708,0.0,0.0,554.997,0.0,1
20251227,7,798.873,764.265,760.444,94.234,40.14,0.346,0.0,0.0,532.311,0.0,1
20251228,7,849.664,815.677,811.599,92.232,43.618,0.0,0.0,0.0,568.119,0.0,1
20251229,7,866.43,820.626,816.522,91.886,44.647,1.34,0.0,0.0,571.566,0.0,1
20251230,7,888.27,851.018,846.763,95.939,43.839,0.202,0.0,0.0,592.734,0.0,1
20251231,7,801.721,748.466,744.723,95.182,39.882,2.753,0.0,0.0,521.306,0.0,1
20240101,8,272.568,265.157,263.831,98.085,23.157,1.238,0.0,0.0,0.0,197.873,1
20240102,8,309.02,294.923,293.448,98.169,26.232,3.108,0.0,0.0,0.0,220.086,1
20240103,8,335.746,320.509,318.907,96.272,29.062,3.084,0.0,0.0,0.0,239.18,1
20240104,8,366.106,358.961,357.167,97.59,31.262,0.458,0.0,0.0,0.0,267.875,1
20240105,8,331.395,318.282,316.691,95.841,28.815,2.494,0.0,0.0,0.0,237.518,1
20240106,8,326.706,318.778,317.184,93.46,29.131,0.941,0.0,0.0,0.0,237.888,1
20240107,8,338.791,330.303,328.652,97.864,28.849,1.021,0.0,0.0,0.0,246.489,1
20240108,8,320.91,305.539,304.011,100.0,26.742,3.34,0.0,0.0,0.0,228.008,1
20240109,8,312.437,304.235,302.714,98.85,26.339,1.142,0.0,0.0,0.0,227.035,1
20240110,8,369.221,360.988,359.183,97.179,31.661,0.741,0.0,0.0,0.0,269.387,1
20240111,8,269.332,261.341,260.034,96.598,23.235,1.489,0.0,0.0,0.0,195.026,1
20240112,8,337.131,325.354,323.728,100.0,28.094,2.023,0.0,0.0,0.0,242.796,1
20240113,8,326.979,319.416,317.819,96.349,28.281,0.825,0.0,0.0,0.0,238.364,1
20240114,8,370.595,356.451,354.669,98.104,31.48,2.352,0.0,0.0,0.0,266.002,1
20240115,8,379.228,373.54,371.672,97.07,32.556,0.0,0.0,0.0,0.0,278.754,1
20240116,8,396.449,390.502,388.55,97.0,34.059,0.0,0.0,0.0,0.0,291.412,1
20240117,8,316.001,303.171,301.655,98.464,26.744,2.599,0.0,0.0,0.0,226.241,1
20240118,8,363.418,355.121,353.345,96.774,31.294,0.795,0.0,0.0,0.0,265.009,1
20240119,8,338.469,319.399,317.802,98.465,28.646,4.197,0.0,0.0,0.0,238.351,1
20240120,8,343.107,327.007,325.372,97.554,29.309,3.241,0.323,0.0,0.0,244.029,1
20240121,8,366.028,354.917,353.142,96.533,31.598,1.559,0.0,0.0,0.0,264.857,1
20240122,8,339.809,326.092,324.462,97.843,28.942,2.575,0.0,0.0,0.0,243.346,1
20240123,8,305.519,299.434,297.937,93.535,27.22,0.499,0.903,0.0,0.0,223.453,1
20240124,8,338.086,327.427,325.79,98.52,28.597,1.678,0.0,0.0,0.0,244.342,1
20240125,8,387.093,381.286,379.38,96.841,33.31,0.0,0.0,0.0,0.0,284.535,1
20240126,8,363.947,353.361,351.595,98.311,30.85,1.43,0.0,0.0,0.0,263.696,1
20240127,8,325.967,321.077,319.472,97.169,27.955,0.0,0.0,0.0,0.0,239.604,1
20240128,8,294.073,287.348,285.911,97.255,25.198,0.799,0.0,0.0,0.0,214.433,1
20240129,8,329.44,324.498,322.876,97.03,28.294,0.0,0.0,0.0,0.0,242.157,1
20240130,8,301.711,295.307,293.831,95.607,26.298,0.632,0.0,0.0,0.0,220.373,1
20240131,8,317.517,311.06,309.505,97.769,27.063,0.542,0.0,0.0,0.0,232.129,1
20240201,8,354.592,346.116,344.385,98.229,30.082,0.904,0.0,0.0,0.0,258.289,1
20240202,8,286.181,281.888,280.478,97.618,24.43,0.0,0.0,0.0,0.0,210.359,1
20240203,8,371.016,359.524,357.726,96.819,31.934,1.622,0.0,0.0,0.0,268.295,1
20240204,8,336.738,331.686,330.028,98.012,28.631,0.0,0.0,0.0,0.0,247.521,1
20240205,8,364.619,347.286,345.55,98.246,30.928,3.303,0.0,0.0,0.0,259.162,1
20240206,8,360.071,344.628,342.905,96.685,31.035,2.831,0.0,0.0,0.0,257.179,1
20240207,8,269.575,260.849,259.545,99.129,22.662,1.763,0.0,0.0,0.0,194.659,1
20240208,8,360.496,353.676,351.908,96.973,30.979,0.398,0.0,0.0,0.0,263.931,1
20240209,8,361.702,348.267,346.526,95.23,31.652,2.248,0.0,0.0,0.0,259.895,1
20240210,8,376.15,370.508,368.656,96.28,32.557,0.0,0.0,0.0,0.0,276.492,1
20240211,8,313.831,306.73,305.197,98.114,26.655,0.774,0.0,0.0,0.0,228.898,1
20240212,8,345.613,336.033,334.352,98.915,29.117,1.291,0.0,0.0,0.0,250.764,1
20240213,8,325.432,318.265,316.673,97.187,27.904,0.713,0.0,0.0,0.0,237.505,1
20240214,8,296.095,286.861,285.426,98.794,24.976,1.643,0.0,0.0,0.0,214.07,1
20240215,8,312.397,307.711,306.173,96.56,26.96,0.0,0.346,0.0,0.0,229.63,1
20240216,8,304.46,295.34,293.863,97.527,26.015,1.518,0.0,0.0,0.0,220.397,1
20240217,8,333.077,323.59,321.972,96.823,28.667,1.369,0.0,0.0,0.0,241.479,1
20240218,8,371.26,365.691,363.863,99.297,31.157,0.0,0.0,0.0,0.0,272.897,1
20240219,8,333.696,328.691,327.047,98.396,28.261,0.0,0.0,0.0,0.0,245.285,1
20240220,8,322.99,318.145,316.554,95.072,28.311,0.0,0.0,0.0,0.0,237.416,1
20240221,8,324.125,317.884,316.295,95.682,28.229,0.432,0.0,0.0,0.0,237.221,1
20240222,8,286.802,280.601,279.198,98.084,24.367,0.672,0.0,0.0,0.0,209.398,1
20240223,8,307.547,300.67,299.167,99.833,25.672,0.747,0.0,0.0,0.0,224.375,1
20240224,8,320.173,307.58,306.042,96.989,27.509,2.47,0.0,0.0,0.0,229.532,1
20240225,8,353.687,343.985,342.266,96.025,30.694,1.262,0.0,0.0,0.0,256.699,1
20240226,8,368.321,359.287,357.491,96.489,31.81,0.967,0.0,0.0,0.0,268.118,1
20240227,8,335.401,330.37,328.718,97.873,28.558,0.0,0.0,0.0,0.0,246.539,1
20240228,8,319.201,311.671,310.113,99.518,26.729,0.872,0.0,0.0,0.0,232.585,1
20240229,8,332.215,323.526,321.909,98.616,28.073,1.132,0.0,0.0,0.0,241.432,1
20240301,8,339.723,331.009,329.354,97.852,28.932,1.081,0.0,0.0,0.0,247.015,1
20240302,8,322.456,312.608,311.045,96.507,27.844,1.578,0.0,0.0,0.0,233.284,1
20240303,8,286.903,279.083,277.688,99.141,24.116,1.244,0.0,0.0,0.0,208.266,1
20240304,8,314.896,310.173,308.622,97.227,26.99,0.0,0.0,0.0,0.0,231.466,1
20240305,8,303.081,296.963,295.478,96.7,26.119,0.526,0.0,0.0,0.0,221.609,1
20240306,8,329.029,318.86,317.265,99.402,27.584,1.615,0.0,0.0,0.0,237.949,1
20240307,8,313.591,301.561,300.054,98.783,26.454,2.372,0.0,0.0,0.0,225.04,1
20240308,8,326.601,315.254,313.678,98.946,27.507,2.004,0.0,0.0,0.0,235.258,1
20240309,8,314.444,307.441,305.904,97.811,26.79,0.738,0.0,0.0,0.0,229.428,1
20240310,8,321.91,317.081,315.496,96.862,27.695,0.0,0.0,0.0,0.0,236.622,1
20240311,8,344.584,331.32,329.664,99.103,28.975,2.385,0.0,0.0,0.0,247.248,1
20240312,8,304.289,299.725,298.226,94.322,26.884,0.0,0.0,0.0,0.0,223.67,1
20240313,8,284.007,278.684,277.29,100.0,23.667,0.38,0.0,0.0,0.0,207.968,1
20240314,8,313.002,303.434,301.916,98.314,26.531,1.581,0.0,0.0,0.0,226.437,1
20240315,8,295.368,285.041,283.616,99.07,24.845,2.027,0.0,0.0,0.0,212.712,1
20240316,8,318.267,305.21,303.684,96.788,27.402,2.642,0.0,0.0,0.0,227.763,1
20240317,8,328.716,318.571,316.979,97.179,28.188,1.61,0.0,0.0,0.0,237.734,1
20240318,8,294.359,284.078,282.658,92.984,26.381,2.023,0.0,0.0,0.0,211.993,1
20240319,8,356.912,345.122,343.397,97.121,30.624,1.831,0.0,0.0,0.0,257.548,1
20240320,8,306.066,296.271,294.789,96.725,26.369,1.726,0.0,0.0,0.0,221.092,1
20240321,8,331.802,322.576,320.963,98.099,28.186,1.3,0.0,0.0,0.0,240.723,1
20240322,8,325.299,319.117,317.521,99.439,27.261,0.407,0.0,0.0,0.0,238.141,1
20240323,8,262.818,257.868,256.579,96.143,22.78,0.389,0.0,0.0,0.0,192.434,1
20240324,8,323.839,311.133,309.577,97.613,27.646,2.46,0.0,0.0,0.0,232.183,1
20240325,8,316.271,306.167,304.636,97.481,27.037,1.72,0.0,0.0,0.0,228.477,1
20240326,8,300.053,294.997,293.522,97.788,25.57,0.188,0.0,0.263,0.0,220.142,1
20240327,8,264.469,256.965,255.68,98.216,22.439,1.358,0.0,0.0,0.0,191.76,1
20240328,8,289.474,272.79,271.426,97.816,24.661,4.329,0.0,0.0,0.0,203.569,1
20240329,8,276.826,272.674,271.311,100.0,23.069,0.0,0.0,0.0,0.0,203.483,1
20240330,8,310.044,303.281,301.765,98.973,26.105,0.692,0.0,0.0,0.0,226.324,1
20240331,8,237.13,231.921,230.761,98.44,20.074,0.707,0.0,0.0,0.0,173.071,1
20240401,8,302.621,287.136,285.7,96.278,26.193,3.672,0.0,0.0,0.0,214.275,1
20240402,8,335.612,328.458,326.815,97.743,28.614,0.641,0.0,0.0,0.0,245.112,1
20240403,8,316.617,302.997,301.482,97.039,27.19,2.844,0.0,0.0,0.0,226.112,1
20240404,8,286.98,274.778,273.404,99.132,24.124,2.794,0.0,0.0,0.0,205.053,1
20240405,8,265.938,256.415,255.133,95.148,23.292,2.113,0.0,0.0,0.0,191.35,1
20240406,8,265.063,258.169,256.879,96.552,22.877,1.117,0.0,0.0,0.0,192.659,1
20240407,8,308.906,303.063,301.547,98.81,26.052,0.398,0.0,0.0,0.0,226.16,1
20240408,8,276.746,268.925,267.581,98.741,23.356,1.346,0.0,0.0,0.0,200.686,1
20240409,8,287.41,280.206,278.805,97.661,24.524,1.022,0.0,0.0,0.0,209.104,1
20240410,8,252.053,245.307,244.081,97.84,21.468,1.194,0.0,0.0,0.0,183.06,1
20240411,8,271.281,266.018,264.687,97.13,23.275,0.447,0.0,0.0,0.0,198.516,1
20240412,8,282.23,273.807,272.438,96.545,24.361,1.507,0.0,0.0,0.0,204.328,1
20240413,8,285.914,281.626,280.218,97.345,24.476,0.0,0.0,0.0,0.0,210.163,1
20240414,8,265.094,259.326,258.03,98.234,22.488,0.686,0.0,0.0,0.0,193.522,1
20240415,8,258.846,254.964,253.689,98.283,21.947,0.0,0.0,0.0,0.0,190.267,1
20240416,8,279.813,273.793,272.424,98.776,23.607,0.662,0.0,0.0,0.0,204.318,1
20240417,8,299.669,288.118,286.677,98.894,25.252,2.39,0.0,0.0,0.0,215.008,1
20240418,8,261.228,249.356,248.109,98.887,22.014,3.091,0.0,0.0,0.0,186.082,1
20240419,8,278.362,267.542,266.204,97.997,23.671,2.424,0.0,0.0,0.0,199.653,1
20240420,8,309.219,303.305,301.789,96.095,26.815,0.419,0.0,0.0,0.0,226.341,1
20240421,8,306.555,301.113,299.607,98.195,26.016,0.279,0.0,0.0,0.0,224.705,1
20240422,8,229.662,223.009,221.894,98.05,19.519,1.418,0.0,0.0,0.0,166.42,1
20240423,8,296.986,288.324,286.882,98.263,25.186,1.438,0.0,0.0,0.0,215.162,1
20240424,8,271.305,265.113,263.787,98.481,22.958,0.794,0.0,0.0,0.0,197.84,1
20240425,8,307.995,297.627,296.139,94.958,27.029,1.895,0.0,0.0,0.0,222.105,1
20240426,8,328.531,318.156,316.566,98.908,27.68,1.683,0.0,0.0,0.0,237.424,1
20240427,8,287.977,279.623,278.225,97.505,24.612,1.422,0.0,0.0,0.0,208.668,1
20240428,8,227.212,218.019,216.929,96.793,19.562,2.585,0.0,0.0,0.0,162.697,1
20240429,8,276.73,270.451,269.099,100.0,23.061,0.781,0.0,0.095,0.0,201.824,1
20240430,8,281.154,274.376,273.004,97.288,24.083,0.925,0.0,0.0,0.0,204.753,1
20240501,8,293.92,286.977,285.542,97.157,25.21,0.875,0.0,0.0,0.0,214.157,1
20240502,8,317.608,312.844,311.28,96.149,27.527,0.0,0.0,0.0,0.0,233.46,1
20240503,8,276.345,268.168,266.827,96.666,23.823,1.482,0.0,0.0,0.0,200.12,1
20240504,8,268.064,258.253,256.962,96.198,23.222,2.193,0.123,0.0,0.0,192.721,1
20240505,8,298.492,288.673,287.23,99.722,24.944,1.817,0.0,0.0,0.0,215.422,1
20240506,8,285.794,273.815,272.445,96.17,24.765,2.733,0.0,0.0,0.0,204.334,1
20240507,8,244.862,241.189,239.983,98.198,20.78,0.0,0.0,0.0,0.0,179.987,1
20240508,8,266.585,260.652,259.349,96.868,22.934,0.736,0.0,0.0,0.0,194.512,1
20240509,8,305.804,291.692,290.233,98.016,26.0,3.162,0.0,0.0,0.0,217.675,1
20240510,8,236.288,232.281,231.119,97.398,20.217,0.199,0.0,0.0,0.0,173.339,1
20240511,8,223.123,215.37,214.293,96.573,19.253,2.005,0.0,0.0,0.0,160.72,1
20240512,8,280.652,270.584,269.231,99.137,23.591,2.119,0.0,0.0,0.0,201.923,1
20240513,8,241.445,235.988,234.808,98.549,20.417,0.772,0.0,0.0,0.0,176.106,1
20240514,8,247.139,240.555,239.353,96.71,21.295,1.182,0.0,0.0,0.0,179.514,1
20240515,8,261.305,256.124,254.844,98.93,22.011,0.49,0.0,0.0,0.0,191.133,1
20240516,8,221.134,211.386,210.329,97.043,18.989,2.952,0.0,0.0,0.0,157.747,1
20240517,8,261.985,255.609,254.331,98.63,22.135,0.948,0.0,0.0,0.0,190.748,1
20240518,8,324.591,319.722,318.123,98.785,27.382,0.0,0.0,0.0,0.0,238.593,1
20240519,8,230.23,223.796,222.677,95.982,19.989,1.314,0.0,0.0,0.0,167.008,1
20240520,8,235.448,231.158,230.003,95.06,20.64,0.327,0.0,0.0,0.0,172.502,1
20240521,8,212.845,209.652,208.604,96.18,18.441,0.0,0.0,0.0,0.0,156.453,1
20240522,8,227.57,219.403,218.306,94.876,19.988,2.12,0.0,0.0,0.0,163.73,1
20240523,8,196.231,190.812,189.858,98.326,16.631,1.281,0.0,0.0,0.0,142.393,1
20240524,8,261.154,256.389,255.107,97.349,22.355,0.33,0.0,0.0,0.0,191.33,1
20240525,8,264.494,253.89,252.621,99.113,22.238,2.547,0.0,0.0,0.0,189.466,1
20240526,8,225.28,215.602,214.524,100.0,18.773,2.839,0.0,0.0,0.0,160.893,1
20240527,8,226.978,216.003,214.923,97.675,19.365,3.386,0.0,0.0,0.0,161.192,1
20240528,8,281.157,276.939,275.555,97.633,23.998,0.0,0.0,0.0,0.0,206.666,1
20240529,8,267.961,261.875,260.565,96.884,23.048,0.783,0.0,0.0,0.0,195.424,1
20240530,8,231.16,226.274,225.143,97.789,19.699,0.623,0.0,0.0,0.0,168.857,1
20240531,8,266.207,255.52,254.242,99.778,22.233,2.553,0.0,0.0,0.0,190.682,1
20240601,8,291.517,285.78,284.351,97.408,24.939,0.475,0.0,0.0,0.0,213.264,1
20240602,8,209.552,201.632,200.623,94.206,18.537,2.315,0.0,0.0,0.0,150.468,1
20240603,8,287.835,277.302,275.915,96.333,24.899,2.192,0.0,0.0,0.0,206.936,1
20240604,8,209.528,206.385,205.353,97.302,17.945,0.0,0.0,0.0,0.0,154.015,1
20240605,8,230.713,224.311,223.189,95.057,20.226,1.294,0.0,0.0,0.0,167.392,1
20240606,8,251.472,245.329,244.103,97.68,21.454,0.957,0.0,0.0,0.0,183.077,1
20240607,8,251.656,244.273,243.052,97.815,21.44,1.455,0.253,0.0,0.0,182.289,1
20240608,8,217.532,211.334,210.278,94.656,19.151,1.37,0.0,0.0,0.0,157.708,1
20240609,8,215.077,206.284,205.252,96.405,18.591,2.628,0.0,0.0,0.0,153.939,1
20240610,8,233.525,229.129,227.984,96.695,20.126,0.388,0.0,0.0,0.0,170.988,1
20240611,8,208.226,205.103,204.077,97.544,17.789,0.0,0.0,0.0,0.0,153.058,1
20240612,8,239.206,229.829,228.68,96.516,20.653,2.457,0.0,0.0,0.0,171.51,1
20240613,8,214.61,205.995,204.965,97.849,18.277,2.553,0.0,0.0,0.0,153.724,1
20240614,8,191.48,186.694,185.761,96.251,16.578,1.014,0.0,0.0,0.0,139.321,1
20240615,8,250.966,247.201,245.965,97.267,21.501,0.0,0.0,0.0,0.0,184.474,1
20240616,8,242.207,238.43,237.238,98.822,20.424,0.06,0.0,0.0,0.0,177.929,1
20240617,8,221.232,217.913,216.824,97.041,18.998,0.0,0.0,0.0,0.0,162.618,1
20240618,8,259.316,246.34,245.109,100.0,21.61,3.557,0.0,0.0,0.0,183.832,1
20240619,8,243.744,239.957,238.757,95.065,21.366,0.054,0.0,0.0,0.0,179.068,1
20240620,8,261.404,253.161,251.895,98.158,22.193,1.679,0.0,0.0,0.0,188.921,1
20240621,8,209.849,206.701,205.668,97.872,17.868,0.0,0.0,0.0,0.0,154.251,1
20240622,8,251.061,244.175,242.954,97.479,21.463,1.261,0.0,0.0,0.0,182.216,1
20240623,8,245.378,238.181,236.99,97.815,20.905,1.455,0.0,0.0,0.0,177.743,1
20240624,8,198.812,191.301,190.344,97.971,16.911,2.313,0.0,0.0,0.0,142.758,1
20240625,8,217.344,208.393,207.351,94.917,19.082,2.658,0.0,0.0,0.0,155.513,1
20240626,8,213.179,209.48,208.433,98.452,18.044,0.239,0.0,0.0,0.0,156.325,1
20240627,8,241.458,235.643,234.465,96.568,20.837,0.922,0.0,0.0,0.0,175.848,1
20240628,8,228.549,223.153,222.037,97.731,19.488,0.874,0.0,0.0,0.0,166.528,1
20240629,8,239.204,235.021,233.846,97.476,20.45,0.252,0.0,0.0,0.0,175.384,1
20240630,8,234.536,231.018,229.863,96.759,20.199,0.0,0.0,0.0,0.0,172.397,1
20240701,8,209.876,204.398,203.376,96.001,18.218,1.127,0.0,0.0,0.0,152.532,1
20240702,8,232.422,224.266,223.144,97.368,19.892,2.04,0.0,0.0,0.0,167.358,1
20240703,8,219.471,210.716,209.662,96.553,18.942,2.527,0.0,0.0,0.0,157.247,1
20240704,8,262.118,250.814,249.56,97.743,22.348,2.855,0.0,0.0,0.0,187.17,1
20240705,8,187.824,182.944,182.029,99.757,15.69,1.115,0.0,0.0,0.0,136.522,1
20240706,8,247.893,243.28,242.064,100.0,20.658,0.366,0.0,0.0,0.0,181.548,1
20240707,8,201.663,196.756,195.772,97.005,17.324,0.947,0.0,0.0,0.0,146.829,1
20240708,8,232.006,228.526,227.383,96.156,20.107,0.0,0.0,0.0,0.0,170.537,1
20240709,8,265.684,253.583,252.315,96.489,22.946,3.101,0.0,0.0,0.0,189.236,1
20240710,8,232.953,221.503,220.396,96.458,20.126,3.467,0.0,0.0,0.0,165.297,1
20240711,8,217.28,211.385,210.328,97.985,18.479,1.232,0.0,0.0,0.0,157.746,1
20240712,8,216.609,206.832,205.798,97.122,18.586,3.059,0.0,0.0,0.0,154.349,1
20240713,8,208.367,204.755,203.731,98.846,17.567,0.237,0.0,0.0,0.0,152.798,1
20240714,8,185.199,179.599,178.701,99.354,15.534,1.547,0.0,0.0,0.0,134.026,1
20240715,8,256.893,252.732,251.468,99.536,21.508,0.122,0.0,0.0,0.0,188.601,1
20240716,8,248.053,234.366,233.194,100.0,20.671,4.079,0.0,0.0,0.0,174.895,1
20240717,8,229.355,223.395,222.278,95.658,19.98,1.116,0.0,0.0,0.0,166.708,1
20240718,8,236.546,230.991,229.836,95.092,20.729,0.861,0.0,0.0,0.0,172.377,1
20240719,8,234.515,229.095,227.95,98.455,19.85,0.823,0.0,0.0,0.0,170.962,1
20240720,8,212.291,201.414,200.407,99.119,17.848,3.679,0.0,0.0,0.0,150.305,1
20240721,8,212.249,205.107,204.082,99.045,17.858,1.893,0.0,0.0,0.0,153.061,1
20240722,8,165.745,159.821,159.022,98.736,13.989,2.106,0.0,0.0,0.0,119.266,1
20240723,8,253.733,247.151,245.915,98.835,21.394,1.111,0.0,0.0,0.0,184.436,1
20240724,8,199.435,196.444,195.462,97.182,17.101,0.0,0.0,0.0,0.0,146.596,1
20240725,8,187.063,184.257,183.336,92.775,16.803,0.0,0.0,0.0,0.0,137.502,1
20240726,8,230.436,221.393,220.286,97.316,19.733,2.461,0.0,0.0,0.0,165.215,1
20240727,8,203.97,196.069,195.089,97.618,17.412,2.41,0.0,0.0,0.0,146.316,1
20240728,8,234.12,230.608,229.455,97.122,20.088,0.0,0.0,0.0,0.0,172.091,1
20240729,8,222.893,213.671,212.603,100.0,18.574,2.677,0.0,0.0,0.0,159.452,1
20240730,8,244.068,239.808,238.609,98.695,20.608,0.249,0.0,0.0,0.0,178.957,1
20240731,8,234.979,229.735,228.587,96.896,20.209,0.743,0.0,0.0,0.0,171.44,1
20240801,8,266.607,252.776,251.512,97.885,22.697,3.744,0.0,0.0,0.0,188.634,1
20240802,8,219.064,215.601,214.523,94.094,19.401,0.082,0.0,0.0,0.0,160.892,1
20240803,8,238.852,230.04,228.89,93.677,21.248,2.223,0.0,0.0,0.0,171.667,1
20240804,8,277.698,270.235,268.884,97.133,23.825,1.206,0.0,0.0,0.0,201.663,1
20240805,8,234.187,227.163,226.027,95.644,20.404,1.522,0.0,0.0,0.0,169.52,1
20240806,8,234.188,223.042,221.927,97.628,19.99,3.309,0.0,0.0,0.0,166.445,1
20240807,8,280.168,263.759,262.44,97.237,24.011,4.423,0.0,0.0,0.0,196.83,1
20240808,8,236.052,226.157,225.026,99.173,19.835,2.733,0.0,0.0,0.0,168.77,1
20240809,8,220.008,212.921,211.856,95.839,19.13,1.748,0.0,0.0,0.0,158.892,1
20240810,8,267.295,257.277,255.991,98.27,22.667,2.282,0.0,0.0,0.0,191.993,1
20240811,8,241.233,234.006,232.836,97.012,20.722,1.519,0.0,0.0,0.0,174.627,1
20240812,8,221.712,215.183,214.107,98.154,18.824,1.467,0.0,0.0,0.0,160.58,1
20240813,8,217.163,213.869,212.8,97.077,18.642,0.017,0.0,0.0,0.0,159.6,1
20240814,8,231.4,225.827,224.698,96.428,19.998,0.922,0.0,0.0,0.0,168.523,1
20240815,8,263.571,255.953,254.673,96.71,22.712,1.411,0.0,0.0,0.0,191.005,1
20240816,8,212.527,205.695,204.667,100.0,17.711,1.741,0.0,0.0,0.0,153.5,1
20240817,8,234.384,227.648,226.51,98.277,19.875,1.395,0.0,0.0,0.0,169.882,1
20240818,8,252.08,248.299,247.057,100.0,21.007,0.0,0.0,0.0,0.0,185.293,1
20240819,8,207.39,201.248,200.241,96.178,17.969,1.484,0.0,0.174,0.0,150.181,1
20240820,8,220.907,212.772,211.708,98.991,18.597,2.216,0.0,0.0,0.0,158.781,1
20240821,8,231.617,223.433,222.316,99.458,19.407,2.065,0.0,0.0,0.0,166.737,1
20240822,8,233.291,228.947,227.803,97.655,19.908,0.367,0.0,0.0,0.0,170.852,1
20240823,8,245.175,240.571,239.368,99.128,20.611,0.384,0.0,0.0,0.0,179.526,1
20240824,8,229.283,219.408,218.31,96.037,19.895,2.85,0.0,0.0,0.0,163.733,1
20240825,8,285.057,277.954,276.565,98.631,24.084,1.007,0.0,0.0,0.0,207.423,1
20240826,8,256.081,243.332,242.116,98.745,21.611,3.532,0.0,0.0,0.0,181.587,1
20240827,8,235.113,228.252,227.11,100.0,19.593,1.44,0.0,0.0,0.0,170.333,1
20240828,8,252.008,246.868,245.634,97.228,21.599,0.548,0.0,0.0,0.0,184.225,1
20240829,8,221.267,214.821,213.747,100.0,18.439,1.435,0.0,0.0,0.0,160.31,1
20240830,8,208.021,199.797,198.798,97.627,17.756,2.491,0.0,0.264,0.0,149.099,1
20240831,8,242.106,233.682,232.514,98.622,20.457,2.009,0.0,0.0,0.0,174.385,1
20240901,8,224.71,220.868,219.764,98.296,19.051,0.213,0.0,0.0,0.0,164.823,1
20240902,8,249.41,241.183,239.977,98.329,21.137,1.826,0.0,0.0,0.0,179.983,1
20240903,8,270.537,256.759,255.475,100.0,22.545,3.648,0.0,0.0,0.0,191.606,1
20240904,8,261.891,252.273,251.011,94.492,23.096,2.206,0.0,0.0,0.0,188.259,1
20240905,8,186.499,179.851,178.952,97.321,15.969,2.096,0.0,0.0,0.0,134.214,1
20240906,8,263.773,259.817,258.518,96.23,22.842,0.0,0.0,0.0,0.0,193.888,1
20240907,8,239.455,232.743,231.579,97.829,20.397,1.323,0.0,0.0,0.0,173.684,1
20240908,8,252.333,246.781,245.547,96.897,21.701,0.711,0.0,0.0,0.0,184.16,1
20240909,8,270.316,265.388,264.061,98.658,22.833,0.328,0.0,0.0,0.0,198.046,1
20240910,8,235.693,231.31,230.154,96.335,20.388,0.365,0.0,0.0,0.0,172.615,1
20240911,8,298.869,284.27,282.849,100.0,24.906,3.436,0.0,0.0,0.0,212.137,1
20240912,8,264.153,258.359,257.067,98.131,22.432,0.704,0.0,0.0,0.0,192.8,1
20240913,8,266.669,254.407,253.135,96.829,22.95,3.145,0.184,0.0,0.0,189.851,1
20240914,8,268.65,263.011,261.696,97.996,22.845,0.608,0.0,0.0,0.0,196.272,1
20240915,8,214.889,206.132,205.101,97.687,18.331,2.614,0.0,0.0,0.0,153.826,1
20240916,8,213.298,210.099,209.048,96.301,18.458,0.0,0.0,0.0,0.0,156.786,1
20240917,8,292.103,283.718,282.299,99.815,24.387,1.392,0.0,0.0,0.0,211.724,1
20240918,8,263.294,249.683,248.435,97.092,22.598,3.725,0.0,0.0,0.0,186.326,1
20240919,8,277.832,267.428,266.091,97.914,23.646,2.279,0.0,0.0,0.0,199.569,1
20240920,8,252.894,245.591,244.363,96.51,21.837,1.409,0.0,0.0,0.0,183.272,1
20240921,8,247.032,242.08,240.869,96.999,21.223,0.512,0.0,0.537,0.0,180.652,1
20240922,8,229.514,224.971,223.847,95.614,20.004,0.487,0.0,0.0,0.0,167.885,1
20240923,8,237.903,233.128,231.963,99.795,19.866,0.515,0.0,0.0,0.0,173.972,1
20240924,8,275.868,263.917,262.597,99.115,23.194,2.875,0.0,0.0,0.0,196.948,1
20240925,8,276.396,265.735,264.406,100.0,23.033,2.393,0.0,0.0,0.0,198.305,1
20240926,8,265.187,256.641,255.358,98.689,22.392,1.749,0.0,0.0,0.0,191.518,1
20240927,8,250.294,239.305,238.108,97.848,21.317,2.935,0.0,0.0,0.0,178.581,1
20240928,8,227.282,218.928,217.833,95.553,19.822,2.209,0.0,0.0,0.0,163.375,1
20240929,8,265.348,257.355,256.068,96.873,22.826,1.536,0.0,0.0,0.0,192.051,1
20240930,8,211.445,205.755,204.727,98.568,17.876,1.209,0.0,0.0,0.0,153.545,1
20241001,8,316.969,305.749,304.22,97.12,27.197,2.071,0.0,0.0,0.0,228.165,1
20241002,8,295.498,291.065,289.61,99.733,24.691,0.0,0.0,0.0,0.0,217.208,1
20241003,8,290.861,282.267,280.856,97.106,24.961,1.477,0.0,0.0,0.0,210.642,1
20241004,8,287.848,276.014,274.634,98.103,24.451,2.651,0.0,0.0,0.0,205.975,1
20241005,8,282.966,277.775,276.386,99.177,23.776,0.34,0.0,0.0,0.0,207.289,1
20241006,8,277.148,269.673,268.324,98.915,23.349,1.215,0.0,0.0,0.0,201.243,1
20241007,8,227.334,218.173,217.082,96.14,19.705,2.569,0.0,0.0,0.0,162.811,1
20241008,8,300.78,293.25,291.784,98.819,25.365,1.019,0.0,0.0,0.0,218.838,1
20241009,8,283.118,275.813,274.434,94.312,25.016,1.096,0.0,0.0,0.0,205.826,1
20241010,8,273.724,264.46,263.137,97.44,23.41,1.913,0.0,0.0,0.0,197.353,1
20241011,8,215.958,209.403,208.356,95.549,18.835,1.558,0.0,0.0,0.0,156.267,1
20241012,8,261.854,257.926,256.636,98.573,22.137,0.0,0.0,0.0,0.0,192.477,1
20241013,8,270.06,264.638,263.315,95.954,23.454,0.515,0.0,0.0,0.0,197.486,1
20241014,8,305.844,294.958,293.483,96.066,26.531,2.091,0.0,0.0,0.0,220.112,1
20241015,8,304.92,298.295,296.803,99.453,25.55,0.683,0.0,0.0,0.0,222.602,1
20241016,8,324.31,313.603,312.035,97.013,27.858,1.829,0.0,0.0,0.0,234.026,1
20241017,8,261.232,254.051,252.781,97.13,22.413,1.268,0.0,0.0,0.0,189.586,1
20241018,8,250.641,241.271,240.065,97.486,21.425,2.272,0.0,0.0,0.0,180.048,1
20241019,8,281.591,271.514,270.157,97.622,24.038,2.11,0.0,0.0,0.0,202.617,1
20241020,8,325.415,315.731,314.153,96.764,28.025,1.498,0.0,0.0,0.0,235.615,1
20241021,8,274.917,265.814,264.485,97.854,23.412,1.839,0.0,0.0,0.0,198.364,1
20241022,8,256.824,247.937,246.698,96.992,22.066,1.99,0.0,0.0,0.0,185.023,1
20241023,8,287.61,282.971,281.556,99.448,24.1,0.114,0.0,0.0,0.0,211.167,1
20241024,8,290.85,275.85,274.471,97.567,24.842,3.713,0.0,0.0,0.0,205.853,1
20241025,8,299.113,294.627,293.154,96.02,25.959,0.0,0.0,0.0,0.0,219.865,1
20241026,8,313.012,301.208,299.702,98.843,26.39,2.306,0.0,0.0,0.0,224.777,1
20241027,8,298.979,293.338,291.872,96.588,25.795,0.393,0.0,0.0,0.0,218.904,1
20241028,8,308.888,299.749,298.25,99.668,25.826,1.481,0.0,0.0,0.0,223.687,1
20241029,8,276.237,266.6,265.267,96.735,23.797,2.019,0.0,0.0,0.0,198.95,1
20241030,8,289.142,278.318,276.927,96.184,25.051,2.278,0.0,0.0,0.0,207.695,1
20241031,8,302.819,295.577,294.099,100.0,25.235,0.905,0.0,0.0,0.0,220.575,1
20241101,8,313.182,303.407,301.89,96.131,27.149,1.646,0.0,0.0,0.0,226.417,1
20241102,8,277.421,266.893,265.559,96.318,24.002,2.33,0.0,0.0,0.0,199.169,1
20241103,8,320.723,315.912,314.333,98.022,27.266,0.0,0.0,0.064,0.0,235.75,1
20241104,8,245.283,240.25,239.048,96.034,21.284,0.561,0.0,0.0,0.0,179.286,1
20241105,8,336.406,320.225,318.624,100.0,28.034,3.36,0.0,0.0,0.0,238.968,1
20241106,8,245.774,238.693,237.499,94.382,21.7,1.402,0.0,0.0,0.0,178.124,1
20241107,8,265.367,253.384,252.118,96.409,22.937,3.061,0.0,0.0,0.0,189.088,1
20241108,8,306.704,297.655,296.167,100.0,25.559,1.472,0.0,0.0,0.0,222.125,1
20241109,8,332.332,327.347,325.71,97.882,28.294,0.0,0.0,0.0,0.0,244.283,1
20241110,8,326.982,314.651,313.078,97.345,27.992,2.306,0.0,0.0,0.0,234.808,1
20241111,8,289.642,282.704,281.29,96.974,24.89,0.909,0.0,0.0,0.0,210.968,1
20241112,8,328.255,320.231,318.63,96.64,28.306,0.959,0.0,0.0,0.0,238.973,1
20241113,8,303.339,297.166,295.68,98.972,25.541,0.543,0.0,0.0,0.0,221.76,1
20241114,8,291.395,283.617,282.199,97.553,24.892,1.187,0.0,0.0,0.0,211.649,1
20241115,8,327.441,320.459,318.857,97.759,27.912,0.642,0.0,0.0,0.0,239.143,1
20241116,8,304.384,287.809,286.37,98.618,25.721,4.005,0.0,0.0,0.0,214.778,1
20241117,8,287.209,277.177,275.791,99.798,23.983,2.023,0.0,0.0,0.0,206.843,1
20241118,8,329.81,320.94,319.335,97.274,28.255,1.208,0.0,0.0,0.0,239.502,1
20241119,8,307.808,294.959,293.484,97.787,26.231,2.715,0.0,0.0,0.0,220.113,1
20241120,8,343.16,334.308,332.636,97.535,29.32,1.096,0.0,0.0,0.0,249.477,1
20241121,8,266.981,262.976,261.662,96.895,22.961,0.0,0.0,0.0,0.0,196.246,1
20241122,8,344.519,339.351,337.654,98.084,29.271,0.0,0.0,0.0,0.0,253.241,1
20241123,8,312.609,306.208,304.677,98.332,26.493,0.556,0.0,0.0,0.0,228.508,1
20241124,8,329.952,322.61,320.997,97.495,28.202,0.736,0.0,0.0,0.0,240.748,1
20241125,8,341.357,336.094,334.414,98.81,28.789,0.042,0.0,0.0,0.0,250.81,1
20241126,8,294.092,283.776,282.357,96.306,25.448,2.038,0.0,0.0,0.0,211.768,1
20241127,8,307.971,295.531,294.054,98.388,26.085,2.578,0.0,0.0,0.0,220.54,1
20241128,8,298.527,294.049,292.579,97.579,25.494,0.0,0.0,0.0,0.0,219.434,1
20241129,8,288.915,282.188,280.777,97.625,24.662,0.841,0.0,0.0,0.0,210.583,1
20241130,8,371.048,361.412,359.605,95.794,32.278,1.114,0.0,0.0,0.0,269.704,1
20241201,8,341.225,333.671,332.003,98.428,28.89,0.724,0.0,0.0,0.0,249.002,1
20241202,8,358.686,341.122,339.417,93.324,32.029,3.448,0.0,0.0,0.0,254.562,1
20241203,8,267.431,260.905,259.6,96.87,23.006,0.955,0.0,0.0,0.0,194.7,1
20241204,8,356.847,348.11,346.37,99.309,29.944,0.963,0.0,0.0,0.0,259.777,1
20241205,8,348.137,342.915,341.201,99.232,29.236,0.0,0.0,0.0,0.0,255.9,1
20241206,8,351.452,342.881,341.167,99.051,29.568,0.953,0.0,0.0,0.0,255.875,1
20241207,8,337.347,332.286,330.625,98.165,28.638,0.0,0.0,0.0,0.0,247.969,1
20241208,8,309.734,289.168,287.722,94.968,27.179,5.218,0.0,0.0,0.0,215.792,1
20241209,8,361.724,351.465,349.707,97.997,30.76,1.357,0.0,0.0,0.0,262.281,1
20241210,8,325.824,310.33,308.778,94.553,28.716,3.305,0.0,0.0,0.0,231.584,1
20241211,8,319.373,311.3,309.744,96.352,27.622,1.043,0.0,0.0,0.0,232.308,1
20241212,8,285.381,275.257,273.881,97.266,24.45,2.079,0.0,0.0,0.0,205.411,1
20241213,8,305.334,287.728,286.29,97.168,26.186,4.331,0.0,0.0,0.0,214.717,1
20241214,8,330.784,325.138,323.513,95.637,28.823,0.21,0.0,0.0,0.0,242.635,1
20241215,8,341.31,334.253,332.582,95.84,29.677,0.576,0.0,0.0,0.0,249.437,1
20241216,8,343.04,332.625,330.961,94.976,30.099,1.56,0.0,0.0,0.0,248.221,1
20241217,8,303.859,292.555,291.093,100.0,25.322,2.254,0.0,0.0,0.0,218.319,1
20241218,8,341.441,333.12,331.454,97.582,29.159,0.951,0.0,0.0,0.0,248.591,1
20241219,8,333.698,323.764,322.145,96.671,28.766,1.5,0.0,0.0,0.0,241.609,1
20241220,8,280.279,274.97,273.595,98.184,23.789,0.4,0.0,0.0,0.0,205.197,1
20241221,8,354.789,348.764,347.02,99.913,29.591,0.201,0.0,0.0,0.0,260.265,1
20241222,8,321.734,311.228,309.672,98.412,27.244,1.792,0.0,0.0,0.0,232.254,1
20241223,8,333.243,328.244,326.603,97.979,28.343,0.0,0.0,0.0,0.0,244.952,1
20241224,8,336.867,329.29,327.644,99.457,28.226,0.761,0.0,0.0,0.0,245.733,1
20241225,8,316.762,299.794,298.295,96.841,27.258,3.915,0.0,0.0,0.0,223.721,1
20241226,8,309.267,299.966,298.466,98.477,26.171,1.53,0.081,0.0,0.0,223.85,1
20241227,8,406.741,396.589,394.606,97.904,34.621,1.011,0.0,0.0,0.0,295.954,1
20241228,8,296.45,292.004,290.544,97.528,25.33,0.0,0.0,0.0,0.0,217.908,1
20241229,8,341.395,330.623,328.97,96.748,29.406,1.68,0.0,0.0,0.0,246.728,1
20241230,8,325.972,319.237,317.641,98.896,27.468,0.575,0.0,0.0,0.0,238.23,1
20241231,8,338.803,326.856,325.222,97.282,29.022,2.057,0.0,0.0,0.0,243.916,1
20250101,8,310.368,302.266,300.755,94.625,27.333,1.127,0.0,0.0,0.0,225.566,1
20250102,8,261.04,254.768,253.494,96.792,22.474,0.917,0.0,0.0,0.0,190.12,1
20250103,8,345.421,340.24,338.539,99.782,28.848,0.0,0.0,0.0,0.0,253.904,1
20250104,8,311.914,300.085,298.584,95.398,27.247,2.327,0.0,0.0,0.0,223.938,1
20250105,8,380.269,369.219,367.373,96.202,32.94,1.427,0.0,0.0,0.0,275.53,1
20250106,8,359.449,343.876,342.157,99.049,30.242,2.876,0.0,0.0,0.0,256.617,1
20250107,8,336.803,330.56,328.907,98.279,28.558,0.359,0.0,0.0,0.0,246.68,1
20250108,8,282.737,270.926,269.572,98.482,23.924,2.718,0.0,0.0,0.0,202.179,1
20250109,8,367.247,354.521,352.749,96.986,31.555,1.995,0.0,0.0,0.0,264.561,1
20250110,8,356.722,351.371,349.614,98.206,30.27,0.0,0.0,0.0,0.0,262.21,1
20250111,8,314.887,310.163,308.613,97.982,26.781,0.0,0.0,0.0,0.0,231.459,1
20250112,8,279.347,275.157,273.781,96.93,24.016,0.0,0.0,0.0,0.0,205.336,1
20250113,8,371.928,366.349,364.517,96.267,32.196,0.0,0.0,0.0,0.0,273.388,1
20250114,8,409.199,395.683,393.704,97.898,34.832,1.831,0.0,0.223,0.0,295.278,1
20250115,8,306.803,296.399,294.917,97.18,26.309,1.92,0.0,0.0,0.0,221.188,1
20250116,8,339.596,328.11,326.469,96.675,29.273,1.911,0.0,0.0,0.0,244.852,1
20250117,8,315.24,306.806,305.272,97.212,27.023,1.193,0.0,0.0,0.0,228.954,1
20250118,8,307.666,295.203,293.727,97.903,26.188,2.59,0.0,0.0,0.0,220.295,1
20250119,8,350.74,342.608,340.895,96.644,30.243,0.831,0.0,0.0,0.0,255.671,1
20250120,8,341.55,332.43,330.768,98.496,28.897,1.188,0.068,0.0,0.0,248.076,1
20250121,8,366.106,357.535,355.747,99.481,30.668,0.854,0.0,0.0,0.0,266.81,1
20250122,8,363.507,355.179,353.404,96.394,31.426,0.803,0.0,0.0,0.0,265.053,1
20250123,8,354.231,344.722,342.999,97.547,30.262,1.202,0.0,0.0,0.0,257.249,1
20250124,8,354.561,343.036,341.321,100.0,29.547,1.777,0.0,0.0,0.0,255.991,1
20250125,8,362.477,346.94,345.205,97.951,30.838,2.829,0.0,0.0,0.0,258.904,1
20250126,8,328.736,316.48,314.898,96.535,28.378,2.262,0.0,0.0,0.0,236.173,1
20250127,8,358.981,351.554,349.796,100.0,29.915,0.577,0.0,0.0,0.0,262.347,1
20250128,8,262.413,250.284,249.033,94.293,23.191,3.169,0.0,0.0,0.0,186.775,1
20250129,8,372.606,355.061,353.286,97.093,31.98,3.258,0.0,0.0,0.0,264.964,1
20250130,8,298.889,292.687,291.224,95.908,25.97,0.584,0.0,0.0,0.0,218.418,1
20250131,8,358.962,353.578,351.81,100.0,29.914,0.0,0.0,0.0,0.0,263.858,1
20250201,8,305.196,296.466,294.983,97.058,26.204,1.381,0.0,0.0,0.0,221.238,1
20250202,8,342.661,334.478,332.805,97.04,29.426,0.902,0.0,0.0,0.0,249.604,1
20250203,8,337.684,329.98,328.33,94.615,29.742,0.793,0.0,0.0,0.0,246.247,1
20250204,8,280.012,275.811,274.432,96.962,24.065,0.0,0.0,0.0,0.0,205.824,1
20250205,8,353.047,347.752,346.013,99.21,29.655,0.0,0.0,0.0,0.0,259.51,1
20250206,8,304.378,286.61,285.177,97.906,25.907,4.403,0.0,0.0,0.0,213.883,1
20250207,8,336.341,326.015,324.385,95.59,29.322,1.594,0.0,0.0,0.0,243.289,1
20250208,8,295.074,281.142,279.736,95.464,25.758,3.271,0.0,0.0,0.0,209.802,1
20250209,8,290.914,280.245,278.843,95.161,25.476,2.201,0.0,0.0,0.0,209.133,1
20250210,8,352.952,341.575,339.867,98.38,29.897,1.75,0.0,0.0,0.0,254.9,1
20250211,8,348.268,339.938,338.238,98.977,29.322,0.905,0.0,0.0,0.0,253.679,1
20250212,8,356.085,350.743,348.99,95.553,31.055,0.0,0.0,0.0,0.0,261.742,1
20250213,8,315.929,305.708,304.179,98.313,26.779,1.762,0.0,0.0,0.0,228.134,1
20250214,8,341.095,330.488,328.835,97.512,29.15,1.634,0.0,0.0,0.0,246.627,1
20250215,8,308.606,298.41,296.918,97.783,26.3,1.831,0.0,0.0,0.0,222.688,1
20250216,8,275.452,269.998,268.648,97.601,23.519,0.487,0.0,0.0,0.0,201.486,1
20250217,8,424.942,412.513,410.451,98.663,35.892,1.447,0.0,0.0,0.0,307.838,1
20250218,8,353.448,341.046,339.341,96.541,30.509,2.039,0.0,0.0,0.0,254.506,1
20250219,8,368.767,349.646,347.898,97.774,31.43,3.741,0.0,0.0,0.0,260.923,1
20250220,8,343.221,337.908,336.219,96.924,29.509,0.049,0.0,0.0,0.0,252.164,1
20250221,8,316.739,307.982,306.442,95.589,27.613,1.284,0.0,0.0,0.0,229.831,1
20250222,8,284.062,279.801,278.402,96.346,24.569,0.0,0.0,0.0,0.0,208.801,1
20250223,8,287.318,278.457,277.065,99.62,24.035,1.608,0.0,0.0,0.0,207.799,1
20250224,8,355.65,344.336,342.615,97.65,30.351,1.707,0.0,0.0,0.0,256.961,1
20250225,8,354.522,349.204,347.458,95.626,30.895,0.0,0.0,0.0,0.0,260.593,1
20250226,8,333.835,323.29,321.674,98.843,28.145,1.684,0.0,0.0,0.0,241.255,1
20250227,8,323.297,311.672,310.113,97.704,27.575,2.128,0.0,0.0,0.0,232.585,1
20250228,8,280.178,273.464,272.096,96.308,24.243,0.91,0.0,0.0,0.0,204.072,1
20250301,8,403.006,393.007,391.042,99.038,33.91,0.996,0.0,0.0,0.0,293.282,1
20250302,8,356.711,351.36,349.604,95.998,30.965,0.0,0.0,0.0,0.0,262.203,1
20250303,8,290.086,281.093,279.687,97.372,24.826,1.624,0.0,0.0,0.0,209.766,1
20250304,8,333.107,328.11,326.469,96.506,28.764,0.0,0.0,0.0,0.0,244.852,1
20250305,8,366.753,354.211,352.44,96.715,31.601,1.949,0.0,0.0,0.0,264.33,1
20250306,8,300.194,288.34,286.898,96.869,25.825,2.486,0.0,0.0,0.0,215.173,1
20250307,8,276.706,266.118,264.787,97.444,23.664,2.362,0.0,0.0,0.0,198.59,1
20250308,8,270.778,266.716,265.383,98.352,22.943,0.0,0.0,0.0,0.0,199.037,1
20250309,8,302.013,292.343,290.882,96.633,26.045,1.728,0.0,0.0,0.0,218.161,1
20250310,8,282.784,278.542,277.149,98.61,23.897,0.0,0.0,0.0,0.0,207.862,1
20250311,8,299.585,293.258,291.792,97.663,25.563,0.621,0.0,0.0,0.0,218.844,1
20250312,8,308.623,299.926,298.427,96.6,26.624,1.338,0.0,0.0,0.0,223.82,1
20250313,8,300.18,292.792,291.328,95.889,26.087,0.976,0.0,0.0,0.0,218.496,1
20250314,8,237.984,228.817,227.673,97.309,20.38,2.388,0.0,0.0,0.0,170.755,1
20250315,8,301.352,288.392,286.95,100.0,25.113,2.843,0.0,0.0,0.0,215.213,1
20250316,8,356.381,345.22,343.494,96.661,30.724,1.657,0.0,0.0,0.0,257.621,1
20250317,8,280.482,274.821,273.447,98.116,23.822,0.526,0.0,0.0,0.0,205.085,1
20250318,8,265.592,258.141,256.85,96.657,22.898,1.325,0.0,0.0,0.0,192.638,1
20250319,8,278.833,270.56,269.208,99.151,23.435,1.489,0.0,0.0,0.0,201.906,1
20250320,8,306.013,294.701,293.227,96.764,26.354,2.23,0.0,0.0,0.0,219.92,1
20250321,8,350.399,339.104,337.408,96.41,30.287,1.75,0.0,0.0,0.0,253.056,1
20250322,8,289.447,284.559,283.136,96.881,24.897,0.192,0.0,0.0,0.0,212.352,1
20250323,8,296.934,289.93,288.48,96.363,25.678,0.872,0.0,0.157,0.0,216.36,1
20250324,8,303.649,294.157,292.687,97.129,26.052,1.651,0.0,0.0,0.0,219.515,1
20250325,8,265.275,261.296,259.989,98.568,22.427,0.0,0.0,0.0,0.0,194.992,1
20250326,8,262.323,258.388,257.096,96.778,22.588,0.0,0.0,0.0,0.0,192.822,1
20250327,8,305.661,298.453,296.96,95.829,26.58,0.871,0.0,0.0,0.0,222.72,1
20250328,8,338.113,333.041,331.376,98.427,28.626,0.0,0.0,0.0,0.0,248.532,1
20250329,8,370.84,365.278,363.451,96.206,32.122,0.0,0.0,0.0,0.0,272.588,1
20250330,8,296.423,290.541,289.088,97.01,25.463,0.492,0.0,0.0,0.0,216.816,1
20250331,8,249.008,242.364,241.152,95.704,21.682,1.186,0.0,0.0,0.0,180.864,1
20250401,8,256.574,250.339,249.087,95.605,22.364,0.944,0.0,0.0,0.0,186.815,1
20250402,8,284.759,279.024,277.629,97.873,24.246,0.522,0.0,0.0,0.0,208.222,1
20250403,8,271.119,264.417,263.095,94.677,23.863,0.987,0.0,0.0,0.0,197.321,1
20250404,8,349.421,331.323,329.666,97.744,29.79,3.735,0.0,0.0,0.0,247.25,1
20250405,8,288.802,284.47,283.047,94.165,25.558,0.0,0.0,0.0,0.0,212.286,1
20250406,8,347.811,337.824,336.135,99.722,29.065,1.392,0.0,0.0,0.0,252.101,1
20250407,8,263.561,259.607,258.309,97.297,22.573,0.0,0.0,0.0,0.0,193.732,1
20250408,8,318.475,307.565,306.028,99.306,26.725,1.955,0.0,0.0,0.0,229.521,1
20250409,8,295.283,287.762,286.323,100.0,24.607,1.063,0.0,0.0,0.0,214.742,1
20250410,8,261.252,252.872,251.607,100.0,21.771,1.734,0.0,0.0,0.0,188.705,1
20250411,8,271.152,257.969,256.679,97.035,23.287,3.413,0.0,0.0,0.0,192.51,1
20250412,8,284.079,279.817,278.418,97.576,24.261,0.0,0.0,0.0,0.0,208.814,1
20250413,8,257.188,253.33,252.063,95.7,22.395,0.0,0.0,0.0,0.0,189.048,1
20250414,8,221.998,216.626,215.543,96.165,19.238,0.934,0.0,0.0,0.0,161.658,1
20250415,8,271.735,266.345,265.013,97.95,23.119,0.491,0.0,0.0,0.0,198.76,1
20250416,8,296.453,290.258,288.806,98.74,25.02,0.599,0.0,0.0,0.0,216.605,1
20250417,8,288.259,274.178,272.807,97.651,24.599,3.436,0.0,0.0,0.0,204.605,1
20250418,8,288.317,277.988,276.598,95.117,25.26,2.114,0.0,0.0,0.0,207.448,1
20250419,8,277.616,266.706,265.372,97.506,23.726,2.467,0.085,0.0,0.0,199.029,1
20250420,8,293.525,288.202,286.761,95.172,25.701,0.318,0.0,0.0,0.0,215.071,1
20250421,8,225.88,219.695,218.597,95.57,19.696,1.257,0.0,0.0,0.0,163.948,1
20250422,8,270.369,263.004,261.689,97.269,23.163,1.243,0.0,0.0,0.0,196.267,1
20250423,8,257.392,252.56,251.297,97.577,21.982,0.383,0.0,0.0,0.0,188.473,1
20250424,8,258.376,247.88,246.641,98.27,21.91,2.601,0.0,0.0,0.0,184.98,1
20250425,8,247.811,234.789,233.615,98.248,21.019,3.812,0.0,0.0,0.0,175.211,1
20250426,8,250.659,246.279,245.048,96.198,21.714,0.251,0.0,0.0,0.0,183.786,1
20250427,8,290.922,277.697,276.309,100.0,24.243,3.092,0.0,0.0,0.0,207.232,1
20250428,8,338.356,329.182,327.536,97.869,28.81,1.23,0.0,0.0,0.0,245.652,1
20250429,8,249.202,241.194,239.988,94.672,21.936,1.74,0.0,0.0,0.0,179.991,1
20250430,8,245.56,238.664,237.471,99.836,20.497,1.328,0.0,0.029,0.0,178.103,1
20250501,8,294.118,289.706,288.258,98.636,24.849,0.0,0.0,0.0,0.0,216.193,1
20250502,8,291.159,282.145,280.734,95.91,25.298,1.62,0.0,0.0,0.0,210.551,1
20250503,8,251.444,244.708,243.484,97.262,21.543,1.197,0.0,0.0,0.0,182.613,1
20250504,8,236.998,233.443,232.276,98.512,20.048,0.0,0.0,0.0,0.0,174.207,1
20250505,8,297.363,292.902,291.438,97.609,25.387,0.0,0.0,0.0,0.0,218.578,1
20250506,8,246.663,242.442,241.23,97.755,21.027,0.214,0.0,0.0,0.0,180.922,1
20250507,8,230.202,219.105,218.009,96.984,19.78,3.371,0.0,0.0,0.0,163.507,1
20250508,8,260.358,252.15,250.889,97.732,22.2,1.678,0.0,0.0,0.0,188.167,1
20250509,8,287.36,279.562,278.164,98.877,24.219,1.232,0.0,0.0,0.0,208.623,1
20250510,8,241.059,236.341,235.16,96.828,20.746,0.464,0.0,0.0,0.0,176.37,1
20250511,8,229.499,225.118,223.993,98.016,19.512,0.415,0.0,0.0,0.0,167.995,1
20250512,8,306.593,297.329,295.843,98.445,25.953,1.545,0.0,0.0,0.0,221.882,1
20250513,8,252.41,248.624,247.381,96.305,21.841,0.0,0.0,0.0,0.0,185.536,1
20250514,8,220.615,212.303,211.241,97.201,18.914,2.302,0.0,0.0,0.0,158.431,1
20250515,8,240.457,231.088,229.933,95.092,21.072,2.433,0.0,0.0,0.0,172.449,1
20250516,8,284.708,280.15,278.749,98.439,24.102,0.103,0.0,0.0,0.0,209.062,1
20250517,8,272.555,267.481,266.143,98.446,23.071,0.367,0.0,0.0,0.0,199.607,1
20250518,8,238.631,231.737,230.579,98.663,20.155,1.41,0.0,0.044,0.0,172.934,1
20250519,8,202.429,194.395,193.423,96.363,17.506,2.506,0.0,0.0,0.0,145.067,1
20250520,8,259.916,246.802,245.568,96.733,22.391,3.6,0.0,0.0,0.0,184.176,1
20250521,8,251.71,245.091,243.865,97.8,21.448,1.147,0.0,0.0,0.0,182.899,1
20250522,8,236.554,233.006,231.841,97.7,20.177,0.0,0.0,0.0,0.0,173.881,1
20250523,8,219.953,213.77,212.702,97.351,18.828,1.331,0.0,0.0,0.0,159.526,1
20250524,8,229.172,221.074,219.968,97.788,19.53,2.065,0.0,0.0,0.0,164.976,1
20250525,8,190.905,188.042,187.101,96.621,16.465,0.0,0.0,0.0,0.0,140.326,1
20250526,8,242.206,234.889,233.715,97.474,20.707,1.544,0.0,0.0,0.0,175.286,1
20250527,8,217.609,210.672,209.619,95.341,19.02,1.714,0.0,0.0,0.0,157.214,1
20250528,8,258.533,248.172,246.931,97.873,22.013,2.546,0.0,0.0,0.0,185.198,1
20250529,8,181.497,178.775,177.881,95.695,15.805,0.0,0.0,0.0,0.0,133.411,1
20250530,8,198.874,193.68,192.712,97.751,16.954,1.128,0.0,0.0,0.0,144.534,1
20250531,8,195.85,192.912,191.948,96.937,16.836,0.0,0.0,0.0,0.0,143.961,1
20250601,8,258.562,253.146,251.881,98.799,21.809,0.604,0.0,0.0,0.0,188.91,1
20250602,8,230.414,221.364,220.257,98.24,19.545,2.465,0.0,0.0,0.0,165.193,1
20250603,8,241.648,234.806,233.632,100.0,20.137,1.352,0.0,0.0,0.0,175.224,1
20250604,8,191.678,186.812,185.878,97.541,16.376,1.054,0.0,0.0,0.0,139.408,1
20250605,8,248.712,234.235,233.064,98.408,21.061,4.387,0.0,0.0,0.0,174.798,1
20250606,8,226.119,218.934,217.84,95.745,19.681,1.703,0.0,0.0,0.0,163.38,1
20250607,8,198.428,191.51,190.552,97.712,16.923,2.017,0.0,0.0,0.0,142.914,1
20250608,8,267.695,260.876,259.572,96.591,23.095,1.063,0.0,0.0,0.0,194.679,1
20250609,8,246.925,241.035,239.83,98.216,20.951,0.899,0.0,0.0,0.0,179.872,1
20250610,8,227.834,223.042,221.927,98.588,19.258,0.612,0.0,0.0,0.0,166.445,1
20250611,8,264.423,259.727,258.428,99.209,22.211,0.28,0.0,0.0,0.0,193.821,1
20250612,8,254.137,250.325,249.074,96.073,22.044,0.0,0.0,0.0,0.0,186.805,1
20250613,8,236.639,229.354,228.207,100.0,19.72,1.603,0.0,0.0,0.0,171.155,1
20250614,8,226.083,217.069,215.984,94.903,19.852,2.525,0.0,0.0,0.0,161.988,1
20250615,8,238.378,227.595,226.457,97.597,20.354,3.07,0.0,0.0,0.0,169.842,1
20250616,8,222.289,216.948,215.864,96.956,19.106,0.916,0.0,0.0,0.0,161.898,1
20250617,8,243.692,240.037,238.837,98.439,20.63,0.0,0.0,0.0,0.0,179.127,1
20250618,8,240.291,234.206,233.035,98.7,20.288,1.048,0.0,0.0,0.0,174.776,1
20250619,8,206.848,203.745,202.726,99.429,17.336,0.0,0.0,0.0,0.0,152.045,1
20250620,8,239.459,229.884,228.735,97.512,20.464,2.537,0.0,0.0,0.0,171.551,1
20250621,8,277.858,269.329,267.982,97.926,23.645,1.593,0.0,0.0,0.0,200.987,1
20250622,8,166.007,159.413,158.616,97.503,14.188,2.51,0.0,0.0,0.0,118.962,1
20250623,8,220.328,209.799,208.75,95.204,19.286,3.329,0.0,0.0,0.0,156.563,1
20250624,8,215.876,209.637,208.589,94.406,19.056,1.411,0.0,0.0,0.0,156.441,1
20250625,8,205.435,202.354,201.342,96.483,17.744,0.0,0.0,0.0,0.0,151.006,1
20250626,8,221.946,218.617,217.524,95.499,19.367,0.0,0.0,0.0,0.0,163.143,1
20250627,8,210.108,203.323,202.306,96.865,18.076,1.756,0.0,0.0,0.0,151.73,1
20250628,8,243.179,239.531,238.334,99.831,20.299,0.0,0.0,0.0,0.0,178.75,1
20250629,8,266.44,258.789,257.495,98.264,22.595,1.392,0.0,0.0,0.0,193.121,1
20250630,8,235.394,231.594,230.436,96.941,20.235,0.116,0.0,0.0,0.0,172.827,1
20250701,8,187.644,184.829,183.905,97.143,16.097,0.0,0.0,0.0,0.0,137.929,1
20250702,8,230.524,227.066,225.931,96.523,19.902,0.0,0.0,0.0,0.0,169.448,1
20250703,8,219.66,211.644,210.586,96.367,18.995,2.182,0.0,0.0,0.0,157.94,1
20250704,8,222.333,218.998,217.903,96.726,19.155,0.0,0.0,0.241,0.0,163.428,1
20250705,8,252.427,244.343,243.122,96.625,21.77,1.728,0.06,0.0,0.0,182.341,1
20250706,8,209.368,203.737,202.719,96.25,18.127,1.207,0.0,0.0,0.0,152.039,1
20250707,8,252.74,248.949,247.704,98.43,21.398,0.0,0.0,0.0,0.0,185.778,1
20250708,8,242.923,235.523,234.345,97.695,20.721,1.57,0.0,0.0,0.0,175.759,1
20250709,8,235.739,226.394,225.262,95.966,20.471,2.502,0.0,0.0,0.0,168.946,1
20250710,8,249.396,239.433,238.236,98.529,21.093,2.533,0.0,0.0,0.0,178.677,1
20250711,8,239.292,228.592,227.449,97.804,20.389,3.017,0.0,0.0,0.0,170.587,1
20250712,8,187.106,181.413,180.506,97.552,15.984,1.566,0.0,0.0,0.0,135.379,1
20250713,8,204.568,201.5,200.492,100.0,17.047,0.0,0.0,0.0,0.0,150.369,1
20250714,8,232.734,224.68,223.557,99.022,19.586,1.99,0.622,0.0,0.0,167.668,1
20250715,8,218.607,207.599,206.561,97.842,18.619,3.589,0.0,0.0,0.0,154.921,1
20250716,8,215.909,211.887,210.827,95.09,18.921,0.368,0.0,0.0,0.0,158.12,1
20250717,8,178.903,176.22,175.338,97.645,15.268,0.0,0.0,0.0,0.0,131.504,1
20250718,8,277.639,273.474,272.107,98.27,23.544,0.0,0.0,0.0,0.0,204.08,1
20250719,8,218.996,214.33,213.258,100.0,18.25,0.64,0.0,0.0,0.0,159.944,1
20250720,8,256.678,252.827,251.563,97.133,22.021,0.0,0.0,0.0,0.0,188.672,1
20250721,8,219.727,215.236,214.16,96.237,19.026,0.552,0.0,0.0,0.0,160.62,1
20250722,8,239.781,231.907,230.748,94.647,21.112,1.811,0.0,0.0,0.0,173.061,1
20250723,8,228.785,220.683,219.579,97.915,19.471,2.073,0.0,0.0,0.0,164.684,1
20250724,8,210.942,207.778,206.739,98.739,17.803,0.0,0.0,0.0,0.0,155.054,1
20250725,8,186.776,180.598,179.695,97.33,15.992,1.835,0.0,0.0,0.0,134.772,1
20250726,8,243.26,237.639,236.451,96.905,20.919,0.823,0.0,0.0,0.0,177.338,1
20250727,8,219.393,213.874,212.805,96.682,18.91,1.031,0.0,0.0,0.0,159.603,1
20250728,8,225.338,218.766,217.672,95.85,19.591,1.438,0.0,0.0,0.0,163.254,1
20250729,8,214.286,207.209,206.173,99.076,18.024,1.83,0.0,0.0,0.0,154.63,1
20250730,8,255.047,251.222,249.966,96.078,22.122,0.0,0.0,0.0,0.0,187.474,1
20250731,8,205.491,200.671,199.668,95.978,17.842,0.858,0.0,0.0,0.0,149.751,1
20250801,8,213.341,210.14,209.09,99.223,17.918,0.0,0.0,0.0,0.0,156.817,1
20250802,8,245.448,239.536,238.338,98.649,20.734,0.923,0.0,0.0,0.0,178.753,1
20250803,8,280.948,271.653,270.295,97.047,24.125,1.836,0.0,0.0,0.0,202.721,1
20250804,8,236.834,232.526,231.364,96.578,20.435,0.324,0.0,0.0,0.0,173.523,1
20250805,8,204.729,200.011,199.011,100.0,17.061,0.817,0.0,0.0,0.0,149.258,1
20250806,8,227.731,220.015,218.914,98.152,19.335,1.917,0.0,0.0,0.0,164.186,1
20250807,8,221.738,218.412,217.32,96.501,19.148,0.0,0.0,0.0,0.0,162.99,1
20250808,8,249.289,243.689,242.471,96.411,21.547,0.758,0.0,0.0,0.0,181.853,1
20250809,8,255.717,247.807,246.568,97.508,21.854,1.617,0.0,0.0,0.0,184.926,1
20250810,8,230.451,222.113,221.002,97.865,19.623,2.15,0.0,0.0,0.0,165.752,1
20250811,8,244.93,241.256,240.05,96.136,21.231,0.0,0.0,0.0,0.0,180.038,1
20250812,8,209.809,204.564,203.541,97.456,17.94,1.015,0.0,0.0,0.0,152.656,1
20250813,8,209.382,206.241,205.21,99.788,17.485,0.0,0.0,0.0,0.0,153.907,1
20250814,8,223.711,218.628,217.535,95.704,19.479,0.784,0.0,0.0,0.0,163.151,1
20250815,8,207.617,204.172,203.151,98.231,17.613,0.162,0.225,0.0,0.0,152.363,1
20250816,8,216.476,210.256,209.205,98.698,18.278,1.394,0.0,0.0,0.0,156.904,1
20250817,8,236.541,230.833,229.679,98.36,20.04,0.927,0.0,0.0,0.0,172.259,1
20250818,8,239.184,235.597,234.419,95.986,20.766,0.0,0.0,0.0,0.0,175.814,1
20250819,8,207.429,202.569,201.556,97.351,17.756,0.856,0.0,0.0,0.0,151.167,1
20250820,8,238.123,232.153,230.992,96.227,20.622,1.022,0.0,0.0,0.0,173.244,1
20250821,8,218.795,215.514,214.436,96.204,18.952,0.0,0.0,0.0,0.0,160.827,1
20250822,8,227.933,221.112,220.007,94.929,20.009,1.515,0.0,0.0,0.0,165.005,1
20250823,8,197.221,191.141,190.185,96.833,16.973,1.607,0.0,0.0,0.0,142.639,1
20250824,8,214.348,211.133,210.077,97.935,18.239,0.0,0.0,0.0,0.0,157.558,1
20250825,8,230.523,223.828,222.708,97.648,19.673,1.426,0.0,0.0,0.0,167.031,1
20250826,8,251.327,247.557,246.319,99.38,21.075,0.0,0.0,0.0,0.0,184.739,1
20250827,8,254.973,247.59,246.352,97.835,21.718,1.417,0.0,0.0,0.0,184.764,1
20250828,8,245.723,241.786,240.577,98.22,20.848,0.104,0.0,0.0,0.0,180.433,1
20250829,8,202.722,196.159,195.178,95.396,17.709,1.764,0.0,0.0,0.0,146.384,1
20250830,8,265.992,253.251,251.985,98.981,22.394,3.34,0.0,0.0,0.0,188.989,1
20250831,8,235.225,229.597,228.449,98.171,19.967,0.906,0.0,0.0,0.0,171.337,1
20250901,8,228.07,220.514,219.412,98.191,19.356,1.841,0.0,0.0,0.0,164.559,1
20250902,8,247.245,241.132,239.926,93.955,21.929,0.987,0.0,0.0,0.0,179.945,1
20250903,8,201.782,196.729,195.745,97.832,17.188,1.02,0.0,0.0,0.0,146.809,1
20250904,8,268.452,261.675,260.366,96.447,23.195,1.04,0.0,0.0,0.0,195.275,1
20250905,8,233.932,225.631,224.503,96.985,20.1,2.08,0.0,0.0,0.0,168.377,1
20250906,8,237.638,230.799,229.645,99.852,19.832,1.399,0.456,0.0,0.0,172.234,1
20250907,8,245.042,238.601,237.408,96.407,21.181,1.146,0.0,0.0,0.0,178.056,1
20250908,8,273.953,264.521,263.199,96.818,23.58,1.972,0.0,0.0,0.0,197.399,1
20250909,8,265.085,255.371,254.094,98.966,22.321,2.197,0.0,0.0,0.0,190.571,1
20250910,8,266.492,262.495,261.182,98.646,22.512,0.0,0.0,0.0,0.0,195.887,1
20250911,8,277.295,273.135,271.77,96.326,23.989,0.0,0.0,0.0,0.0,203.827,1
20250912,8,250.852,247.089,245.854,94.304,22.167,0.0,0.0,0.0,0.0,184.39,1
20250913,8,283.42,279.157,277.761,97.569,24.207,0.004,0.0,0.117,0.0,208.321,1
20250914,8,276.706,270.584,269.232,98.162,23.491,0.723,0.0,0.0,0.0,201.924,1
20250915,8,261.291,254.783,253.509,98.133,22.188,1.006,0.0,0.0,0.0,190.132,1
20250916,8,216.028,206.393,205.361,94.719,19.006,3.005,0.0,0.0,0.0,154.02,1
20250917,8,296.899,292.446,290.983,98.94,25.007,0.0,0.0,0.0,0.0,218.238,1
20250918,8,222.012,215.62,214.542,94.448,19.589,1.4,0.0,0.0,0.0,160.907,1
20250919,8,256.411,249.504,248.256,96.466,22.151,1.212,0.0,0.0,0.0,186.192,1
20250920,8,231.907,228.429,227.286,99.133,19.495,0.0,0.0,0.0,0.0,170.465,1
20250921,8,264.237,260.273,258.972,98.359,22.387,0.0,0.0,0.0,0.0,194.229,1
20250922,8,270.534,263.847,262.528,100.0,22.544,0.986,0.0,0.0,0.0,196.896,1
20250923,8,287.524,277.875,276.486,96.275,24.887,1.884,0.0,0.0,0.0,207.364,1
20250924,8,222.248,214.712,213.638,98.439,18.814,1.92,0.0,0.071,0.0,160.229,1
20250925,8,266.23,254.793,253.519,99.661,22.261,2.838,0.0,0.0,0.0,190.139,1
20250926,8,270.986,266.921,265.587,97.755,23.101,0.0,0.0,0.0,0.0,199.19,1
20250927,8,261.024,253.9,252.63,96.591,22.52,1.248,0.0,0.0,0.0,189.473,1
20250928,8,273.899,262.039,260.729,99.347,22.975,2.873,0.0,0.0,0.0,195.547,1
20250929,8,270.122,264.084,262.764,98.715,22.803,0.747,0.0,0.0,0.0,197.073,1
20250930,8,240.732,236.272,235.09,94.506,21.227,0.358,0.0,0.0,0.0,176.318,1
20251001,8,236.302,232.758,231.594,97.576,20.181,0.0,0.0,0.0,0.0,173.696,1
20251002,8,297.906,289.553,288.105,96.339,25.769,1.324,0.0,0.0,0.0,216.079,1
20251003,8,303.847,296.201,294.72,95.473,26.521,1.032,0.0,0.0,0.0,221.04,1
20251004,8,335.86,325.93,324.301,96.168,29.104,1.479,0.0,0.0,0.0,243.226,1
20251005,8,280.51,272.87,271.506,96.439,24.239,1.242,0.0,0.0,0.0,203.629,1
20251006,8,287.131,281.024,279.619,100.0,23.928,0.636,0.0,0.0,0.0,209.714,1
20251007,8,250.607,244.436,243.214,94.768,22.037,0.977,0.0,0.0,0.0,182.41,1
20251008,8,281.027,271.634,270.276,97.887,23.924,1.87,0.0,0.0,0.0,202.707,1
20251009,8,235.52,228.641,227.498,99.695,19.687,1.442,0.0,0.0,0.0,170.623,1
20251010,8,293.249,285.008,283.583,98.667,24.768,1.33,0.0,0.0,0.0,212.687,1
20251011,8,268.011,263.991,262.671,97.761,22.846,0.0,0.029,0.0,0.0,197.003,1
20251012,8,301.367,293.473,292.006,97.946,25.64,1.136,0.0,0.0,0.0,219.004,1
20251013,8,247.949,243.635,242.417,95.962,21.532,0.243,0.0,0.0,0.0,181.813,1
20251014,8,328.228,317.177,315.591,98.057,27.894,1.895,0.0,0.0,0.0,236.693,1
20251015,8,254.584,247.905,246.666,97.248,21.816,1.141,0.0,0.0,0.0,184.999,1
20251016,8,292.139,286.614,285.181,97.973,24.849,0.397,0.0,0.0,0.0,213.886,1
20251017,8,310.875,298.633,297.14,97.046,26.695,2.475,0.0,0.0,0.0,222.855,1
20251018,8,227.627,221.916,220.806,97.954,19.365,1.024,0.0,0.0,0.0,165.605,1
20251019,8,243.064,234.797,233.623,98.006,20.667,1.93,0.111,0.0,0.0,175.217,1
20251020,8,294.564,286.795,285.361,99.267,24.728,1.155,0.0,0.0,0.0,214.02,1
20251021,8,321.534,313.039,311.474,97.147,27.581,1.159,0.0,0.0,0.0,233.606,1
20251022,8,269.613,260.53,259.227,99.607,22.556,1.897,0.0,0.0,0.0,194.42,1
20251023,8,325.329,316.858,315.273,98.597,27.497,1.121,0.0,0.0,0.0,236.455,1
20251024,8,355.504,342.362,340.65,100.0,29.625,2.23,0.0,0.0,0.0,255.487,1
20251025,8,254.449,247.816,246.577,97.441,21.761,1.124,0.0,0.0,0.0,184.933,1
20251026,8,336.197,325.03,323.405,98.054,28.572,1.849,0.0,0.0,0.0,242.554,1
20251027,8,315.462,305.675,304.147,99.45,26.434,1.627,0.0,0.0,0.0,228.11,1
20251028,8,328.864,323.307,321.69,97.303,28.165,0.193,0.0,0.0,0.0,241.268,1
20251029,8,276.661,265.117,263.792,96.381,23.921,2.713,0.0,0.0,0.0,197.844,1
20251030,8,259.576,249.105,247.859,96.97,22.307,2.572,0.0,0.0,0.0,185.894,1
20251031,8,283.567,279.314,277.917,98.99,23.872,0.0,0.0,0.0,0.0,208.438,1
20251101,8,314.721,307.944,306.404,99.194,26.44,0.663,0.0,0.0,0.0,229.803,1
20251102,8,321.716,308.531,306.989,98.532,27.209,2.638,0.0,0.0,0.0,230.242,1
20251103,8,339.833,324.852,323.228,97.746,28.973,2.953,0.0,0.0,0.0,242.421,1
20251104,8,305.475,297.282,295.795,97.213,26.186,1.2,0.0,0.0,0.0,221.846,1
20251105,8,248.845,239.17,237.974,98.284,21.099,2.424,0.0,0.0,0.0,178.48,1
20251106,8,329.034,314.429,312.857,97.42,28.146,2.984,0.537,0.0,0.0,234.643,1
20251107,8,278.378,274.203,272.832,96.482,24.044,0.0,0.0,0.0,0.0,204.624,1
20251108,8,318.628,313.849,312.28,98.101,27.066,0.0,0.0,0.0,0.0,234.21,1
20251109,8,287.52,282.962,281.547,97.06,24.686,0.087,0.0,0.0,0.0,211.16,1
20251110,8,295.726,288.223,286.782,99.087,24.871,1.053,0.0,0.0,0.0,215.086,1
20251111,8,307.517,302.904,301.39,98.249,26.083,0.0,0.0,0.0,0.0,226.042,1
20251112,8,291.415,287.044,285.608,98.754,24.591,0.0,0.0,0.0,0.0,214.206,1
20251113,8,335.662,330.482,328.83,97.604,28.659,0.044,0.0,0.0,0.0,246.622,1
20251114,8,288.276,280.502,279.1,95.773,25.083,1.215,0.0,0.0,0.0,209.325,1
20251115,8,382.493,369.21,367.364,97.676,32.633,2.003,0.0,0.0,0.0,275.523,1
20251116,8,321.229,313.687,312.118,95.995,27.886,0.861,0.0,0.0,0.0,234.089,1
20251117,8,370.381,364.825,363.001,98.426,31.359,0.0,0.553,0.0,0.0,272.251,1
20251118,8,361.931,347.4,345.663,97.265,31.009,2.553,0.0,0.0,0.0,259.247,1
20251119,8,267.925,258.479,257.186,99.524,22.434,2.057,0.0,0.0,0.0,192.89,1
20251120,8,307.08,302.474,300.962,98.285,26.037,0.0,0.0,0.0,0.0,225.721,1
20251121,8,315.609,310.875,309.321,94.774,27.751,0.0,0.0,0.222,0.0,231.99,1
20251122,8,276.685,260.931,259.627,96.741,23.834,4.258,0.0,0.0,0.0,194.72,1
20251123,8,301.912,297.383,295.896,95.976,26.214,0.0,0.0,0.0,0.0,221.922,1
20251124,8,350.429,339.015,337.32,98.27,29.717,1.784,0.0,0.0,0.0,252.99,1
20251125,8,285.81,278.299,276.907,98.563,24.165,1.145,0.0,0.0,0.0,207.68,1
20251126,8,303.969,291.77,290.311,94.813,26.716,2.552,0.0,0.0,0.0,217.734,1
20251127,8,353.047,344.139,342.418,95.819,30.704,1.039,0.0,0.0,0.0,256.814,1
20251128,8,309.776,303.645,302.127,98.79,26.131,0.486,0.0,0.0,0.0,226.595,1
20251129,8,307.947,300.975,299.47,98.685,26.004,0.776,0.213,0.0,0.0,224.602,1
20251130,8,343.569,335.165,333.489,96.324,29.723,0.96,0.0,0.0,0.0,250.117,1
20251201,8,362.438,349.432,347.684,96.99,31.14,2.12,0.117,0.0,0.0,260.763,1
20251202,8,277.784,262.48,261.168,98.802,23.429,4.07,0.0,0.0,0.0,195.876,1
20251203,8,299.88,288.748,287.304,95.663,26.123,2.246,0.0,0.0,0.0,215.478,1
20251204,8,301.491,294.888,293.413,96.255,26.102,0.701,0.0,0.0,0.0,220.06,1
20251205,8,327.83,321.85,320.241,100.0,27.319,0.329,0.0,0.0,0.0,240.181,1
20251206,8,328.429,320.06,318.46,96.67,28.312,1.064,0.0,0.0,0.0,238.845,1
20251207,8,375.699,361.396,359.589,98.64,31.74,2.342,0.0,0.0,0.0,269.692,1
20251208,8,296.231,289.813,288.364,96.196,25.662,0.677,0.0,0.0,0.0,216.273,1
20251209,8,260.543,252.632,251.369,96.231,22.562,1.56,0.0,0.0,0.0,188.527,1
20251210,8,338.72,322.808,321.194,95.99,29.406,3.246,0.0,0.0,0.0,240.895,1
20251211,8,358.688,353.308,351.541,95.031,31.454,0.0,0.0,0.0,0.0,263.656,1
20251212,8,364.206,352.53,350.767,97.838,31.021,1.732,0.0,0.0,0.0,263.076,1
20251213,8,372.22,361.825,360.016,99.159,31.281,1.312,0.0,0.0,0.0,270.012,1
20251214,8,364.237,358.773,356.979,93.409,32.495,0.0,0.0,0.0,0.0,267.735,1
20251215,8,358.515,353.138,351.372,96.702,30.895,0.0,0.0,0.568,0.0,263.529,1
20251216,8,355.459,348.698,346.955,99.852,29.666,0.408,0.0,0.0,0.0,260.216,1
20251217,8,384.746,378.975,377.08,99.315,32.283,0.0,0.0,0.0,0.0,282.81,1
20251218,8,255.305,248.828,247.584,98.391,21.623,1.053,0.0,0.0,0.0,185.688,1
20251219,8,377.547,358.284,356.492,97.947,32.122,3.657,0.0,0.0,0.0,267.369,1
20251220,8,349.834,342.193,340.482,96.915,30.081,0.695,0.0,0.0,0.0,255.361,1
20251221,8,314.786,307.867,306.328,97.483,26.909,0.709,0.0,0.0,0.0,229.746,1
20251222,8,361.055,355.639,353.861,97.513,30.855,0.0,0.256,0.0,0.0,265.396,1
20251223,8,335.602,322.933,321.318,96.221,29.065,2.31,0.0,0.0,0.0,240.989,1
20251224,8,348.902,336.342,334.66,98.658,29.471,2.132,0.0,0.0,0.0,250.995,1
20251225,8,352.131,345.807,344.078,97.324,30.151,0.301,0.0,0.0,0.0,258.058,1
20251226,8,373.093,367.496,365.659,98.348,31.613,0.0,0.0,0.0,0.0,274.244,1
20251227,8,315.199,310.408,308.856,96.477,27.226,0.02,0.0,0.0,0.0,231.642,1
20251228,8,440.156,428.111,425.97,96.506,38.008,1.255,0.0,0.0,0.0,319.477,1
20251229,8,313.057,308.362,306.82,99.101,26.325,0.0,0.0,0.0,0.0,230.115,1
20251230,8,390.538,384.68,382.756,99.376,32.749,0.0,0.0,0.0,0.0,287.067,1
20251231,8,327.918,315.326,313.75,95.688,28.558,2.375,0.0,0.0,0.0,235.312,1
20240101,9,1012.601,974.09,969.22,97.213,31.45,2.338,0.0,0.0,0.0,726.915,1
20240102,9,1086.809,1048.41,1043.168,97.657,33.602,2.064,0.0,0.0,0.0,782.376,1
20240103,9,944.364,926.868,922.234,99.717,28.594,0.358,0.0,0.0,0.0,691.676,1
20240104,9,1308.189,1277.771,1271.382,100.0,39.498,0.838,0.0,0.0,0.0,953.537,1
20240105,9,925.612,889.322,884.876,98.694,28.317,2.457,0.0,0.0,0.0,663.657,1
20240106,9,1075.136,1051.441,1046.184,97.769,33.203,0.715,0.0,0.0,0.0,784.638,1
20240107,9,902.27,882.284,877.873,98.938,27.535,0.726,1.007,0.0,0.0,658.405,1
20240108,9,1042.968,996.579,991.596,97.953,32.149,2.993,0.0,0.0,0.0,743.697,1
20240109,9,946.068,911.858,907.299,97.384,29.332,2.148,0.0,0.0,0.0,680.474,1
20240110,9,1065.685,1049.7,1044.452,98.103,32.799,0.0,0.0,0.0,0.0,783.339,1
20240111,9,1008.515,979.094,974.198,96.262,31.633,1.439,0.0,0.0,0.0,730.649,1
20240112,9,1136.811,1114.043,1108.473,95.791,35.832,0.51,0.0,0.0,0.0,831.355,1
20240113,9,1133.966,1087.966,1082.527,99.897,34.274,2.595,0.0,0.0,0.0,811.895,1
20240114,9,1035.759,1000.849,995.845,99.58,31.405,1.899,0.0,0.0,0.0,746.884,1
20240115,9,1252.122,1203.468,1197.451,97.95,38.597,2.422,0.0,0.0,0.0,898.088,1
20240116,9,1151.727,1114.548,1108.975,97.034,35.837,1.754,0.0,0.0,0.0,831.732,1
20240117,9,1076.059,1058.93,1053.635,95.504,34.019,0.093,0.0,0.0,0.0,790.226,1
20240118,9,1099.482,1057.764,1052.475,95.768,34.664,2.329,0.0,0.0,0.0,789.356,1
20240119,9,981.115,950.031,945.281,99.401,29.801,1.694,0.0,0.0,0.0,708.961,1
20240120,9,887.153,873.421,869.054,97.805,27.387,0.049,0.0,0.0,0.0,651.79,1
20240121,9,979.312,964.622,959.799,98.489,30.022,0.0,0.0,0.0,0.0,719.849,1
20240122,9,1007.123,968.531,963.688,95.98,31.682,2.367,0.0,0.0,0.0,722.766,1
20240123,9,1096.537,1050.373,1045.121,99.006,33.44,2.751,0.0,0.0,0.0,783.841,1
20240124,9,959.944,928.888,924.243,95.3,30.413,1.762,0.253,0.0,0.0,693.183,1
20240125,9,1099.075,1070.164,1064.814,97.92,33.889,1.148,0.0,0.0,0.0,798.61,1
20240126,9,1154.913,1117.956,1112.366,98.329,35.463,1.726,0.0,0.0,0.0,834.275,1
20240127,9,990.484,968.299,963.457,96.691,30.929,0.751,0.0,0.0,0.0,722.593,1
20240128,9,1057.416,1017.651,1012.562,95.857,33.307,2.295,0.0,0.0,0.0,759.422,1
20240129,9,1135.949,1091.326,1085.869,100.0,34.298,2.465,0.0,0.0,0.0,814.402,1
20240130,9,1210.795,1181.367,1175.46,94.842,38.546,0.945,0.0,0.0,0.0,881.595,1
20240131,9,803.517,782.808,778.894,97.056,24.997,1.094,0.0,0.0,0.0,584.171,1
20240201,9,1013.092,995.38,990.403,96.62,31.658,0.252,0.0,0.0,0.0,742.802,1
20240202,9,1086.205,1049.714,1044.466,96.664,33.928,1.888,0.0,0.0,0.0,783.349,1
20240203,9,1082.505,1061.556,1056.248,96.836,33.752,0.442,0.0,0.0,0.0,792.186,1
20240204,9,1135.375,1091.468,1086.011,95.288,35.976,2.403,0.0,0.0,0.0,814.508,1
20240205,9,960.459,931.799,927.14,96.285,30.118,1.507,0.0,0.0,0.0,695.355,1
20240206,9,873.474,849.271,845.025,96.836,27.235,1.29,0.0,0.0,0.0,633.769,1
20240207,9,910.427,884.365,879.943,97.35,28.237,1.383,0.0,0.0,0.0,659.957,1
20240208,9,1034.279,1018.765,1013.671,96.816,32.255,0.0,0.0,0.0,0.0,760.253,1
20240209,9,1121.164,1087.784,1082.345,100.0,33.852,1.5,0.0,0.0,0.0,811.759,1
20240210,9,1048.971,1016.005,1010.925,96.148,32.941,1.668,0.0,0.0,0.0,758.194,1
20240211,9,1185.798,1168.011,1162.171,99.33,36.045,0.0,0.0,0.0,0.0,871.628,1
20240212,9,1315.565,1287.089,1280.653,96.879,41.001,0.675,0.0,0.0,0.0,960.49,1
20240213,9,1035.825,1001.363,996.357,95.632,32.703,1.855,0.0,0.0,0.0,747.267,1
20240214,9,990.781,959.385,954.589,98.178,30.47,1.694,0.0,0.0,0.0,715.941,1
20240215,9,1167.395,1110.138,1104.587,95.342,36.969,3.457,0.0,0.0,0.0,828.441,1
20240216,9,1139.361,1100.91,1095.405,96.884,35.508,1.903,0.787,0.0,0.0,821.554,1
20240217,9,1079.362,1055.603,1050.325,99.122,32.878,0.712,0.0,0.0,0.0,787.744,1
20240218,9,1014.571,997.148,992.162,94.909,32.276,0.221,0.0,0.0,0.0,744.122,1
20240219,9,893.429,879.921,875.521,97.809,27.58,0.012,0.0,0.0,0.0,656.641,1
20240220,9,1132.534,1086.762,1081.329,97.232,35.168,2.58,0.0,0.0,0.0,810.996,1
20240221,9,1261.347,1242.427,1236.215,97.674,38.991,0.0,0.0,0.0,0.0,927.161,1
20240222,9,1045.225,996.959,991.974,97.776,32.276,3.165,0.0,0.0,0.0,743.98,1
20240223,9,1075.417,1041.199,1035.993,97.448,33.321,1.707,0.0,0.0,0.0,776.995,1
20240224,9,1209.47,1184.402,1178.48,96.12,37.992,0.581,0.0,0.0,0.0,883.86,1
20240225,9,1166.535,1137.131,1131.445,97.818,36.007,1.036,0.0,0.0,0.0,848.584,1
20240226,9,1045.652,1008.887,1003.843,99.24,31.813,2.047,0.0,0.0,0.0,752.882,1
20240227,9,1146.863,1118.827,1113.233,96.017,36.064,0.959,0.0,0.0,0.0,834.925,1
20240228,9,1134.017,1093.719,1088.25,97.303,35.189,2.085,0.0,0.0,0.0,816.187,1
20240229,9,1030.35,1014.162,1009.091,97.152,32.022,0.072,0.0,0.0,0.0,756.819,1
20240301,9,1217.837,1180.617,1174.714,97.141,37.853,1.58,0.0,0.0,0.0,881.036,1
20240302,9,1200.368,1154.604,1148.831,97.521,37.164,2.348,0.0,0.0,0.0,861.623,1
20240303,9,1012.443,992.749,987.785,97.895,31.226,0.452,0.0,0.0,0.0,740.839,1
20240304,9,1038.276,988.061,983.12,95.449,32.844,3.387,0.0,0.0,0.0,737.34,1
20240305,9,1202.771,1184.73,1178.806,96.728,37.544,0.0,0.0,0.0,0.0,884.104,1
20240306,9,974.616,959.408,954.611,98.023,30.02,0.061,0.0,0.0,0.0,715.958,1
20240307,9,1112.32,1087.292,1081.856,95.369,35.215,0.761,0.0,0.0,0.0,811.392,1
20240308,9,1136.148,1091.616,1086.158,94.535,36.287,2.456,0.0,0.0,0.0,814.618,1
20240309,9,1125.246,1093.203,1087.737,100.0,33.975,1.368,0.0,0.0,0.0,815.803,1
20240310,9,1167.477,1134.326,1128.655,96.624,36.481,1.36,0.0,0.0,0.0,846.491,1
20240311,9,1097.177,1070.041,1064.691,98.248,33.718,0.988,0.0,0.0,0.0,798.518,1
20240312,9,1022.131,1006.799,1001.765,96.116,32.109,0.0,0.0,0.0,0.0,751.324,1
20240313,9,1238.771,1204.935,1198.91,97.528,38.351,1.25,0.0,0.0,0.0,899.183,1
20240314,9,1005.867,982.729,977.816,99.858,30.414,0.812,0.0,0.0,0.0,733.362,1
20240315,9,1051.944,1015.563,1010.485,94.666,33.551,1.988,0.0,0.0,0.0,757.864,1
20240316,9,1157.605,1137.123,1131.437,98.913,35.336,0.274,0.0,0.0,0.0,848.578,1
20240317,9,1054.572,1029.174,1024.028,96.637,32.949,0.922,0.0,0.0,0.0,768.021,1
20240318,9,1141.494,1100.996,1095.491,96.272,35.8,2.079,0.0,0.0,0.0,821.618,1
20240319,9,1225.44,1205.431,1199.404,97.491,37.952,0.135,0.0,0.0,0.0,899.553,1
20240320,9,1146.475,1129.278,1123.631,97.272,35.586,0.0,0.0,0.0,0.0,842.724,1
20240321,9,1045.694,1028.828,1023.684,94.927,33.26,0.115,0.0,0.0,0.0,767.763,1
20240322,9,1042.003,1013.558,1008.49,98.944,31.797,1.249,0.0,0.0,0.0,756.368,1
20240323,9,1252.204,1230.162,1224.011,97.047,38.959,0.264,0.0,0.0,0.0,918.008,1
20240324,9,1225.056,1181.322,1175.415,97.541,37.921,2.101,0.0,0.0,0.0,881.561,1
20240325,9,905.624,892.039,887.579,96.974,28.197,0.0,0.0,0.0,0.0,665.684,1
20240326,9,905.801,890.005,885.555,100.0,27.349,0.248,0.634,0.0,0.0,664.166,1
20240327,9,863.007,850.062,845.812,96.807,26.916,0.0,0.0,0.0,0.0,634.359,1
20240328,9,1185.036,1147.052,1141.316,97.766,36.597,1.731,0.0,0.0,0.0,855.987,1
20240329,9,1212.806,1192.032,1186.072,98.813,37.058,0.216,0.0,0.0,0.0,889.554,1
20240330,9,804.398,792.332,788.37,97.145,25.001,0.0,0.0,0.0,0.0,591.278,1
20240331,9,1098.116,1081.644,1076.236,97.328,34.066,0.0,0.0,0.0,0.0,807.177,1
20240401,9,1297.397,1262.668,1256.355,97.216,40.295,1.195,0.0,0.0,0.0,942.266,1
20240402,9,1116.407,1060.442,1055.14,96.572,34.904,3.566,0.0,0.0,0.0,791.355,1
20240403,9,1145.877,1123.759,1118.14,98.684,35.059,0.437,0.0,0.0,0.0,838.605,1
20240404,9,1340.89,1287.875,1281.435,98.06,41.287,2.491,0.0,0.0,0.0,961.077,1
20240405,9,847.0,822.736,818.622,97.966,26.105,1.386,0.0,0.0,0.0,613.967,1
20240406,9,1214.851,1184.465,1178.543,95.653,38.347,1.016,0.0,0.0,0.0,883.907,1
20240407,9,1206.433,1162.517,1156.705,98.561,36.958,2.173,0.0,0.0,0.0,867.529,1
20240408,9,1236.843,1201.433,1195.426,100.0,37.344,1.384,0.0,0.0,0.0,896.57,1
20240409,9,1213.183,1169.974,1164.125,93.638,39.119,2.093,0.0,0.0,0.0,873.093,1
20240410,9,1203.404,1160.618,1154.815,94.788,38.333,2.087,0.0,0.0,0.0,866.111,1
20240411,9,1221.665,1180.606,1174.703,96.569,38.197,1.889,0.0,0.0,0.0,881.027,1
20240412,9,1311.675,1256.522,1250.239,99.565,39.777,2.746,0.0,0.079,0.0,937.68,1
20240413,9,1182.165,1164.432,1158.61,96.376,37.035,0.0,0.0,0.0,0.0,868.958,1
20240414,9,1298.54,1279.062,1272.667,96.403,40.67,0.0,0.0,0.0,0.0,954.5,1
20240415,9,1218.925,1187.607,1181.669,99.725,36.905,1.086,0.126,0.0,0.0,886.252,1
20240416,9,1277.717,1257.034,1250.749,99.974,38.588,0.121,0.0,0.0,0.0,938.061,1
20240417,9,1351.377,1312.094,1305.533,97.754,41.74,1.428,0.0,0.0,0.0,979.15,1
20240418,9,1435.284,1397.594,1390.606,98.072,44.188,1.143,0.0,0.0,0.0,1042.955,1
20240419,9,1030.589,994.094,989.123,96.427,32.27,2.072,0.0,0.0,0.0,741.842,1
20240420,9,1074.612,1053.244,1047.978,93.795,34.592,0.496,0.0,0.0,0.0,785.983,1
20240421,9,1085.658,1053.546,1048.279,100.0,32.78,1.48,0.0,0.0,0.0,786.209,1
20240422,9,1154.936,1137.612,1131.924,95.619,36.469,0.0,0.0,0.0,0.0,848.943,1
20240423,9,1245.401,1182.724,1176.81,98.005,38.368,3.586,0.0,0.0,0.0,882.608,1
20240424,9,1163.546,1145.003,1139.278,97.166,36.156,0.095,0.0,0.0,0.0,854.458,1
20240425,9,1309.471,1289.829,1283.38,100.0,39.537,0.0,0.0,0.0,0.0,962.535,1
20240426,9,1006.227,982.874,977.96,99.096,30.658,0.833,0.0,0.0,0.0,733.47,1
20240427,9,1399.52,1356.305,1349.524,98.63,42.843,1.612,0.0,0.0,0.0,1012.143,1
20240428,9,1448.654,1407.985,1400.945,98.291,44.5,1.327,0.0,0.0,0.0,1050.709,1
20240429,9,1379.196,1341.824,1335.115,96.495,43.155,1.228,0.0,0.0,0.0,1001.336,1
20240430,9,1038.351,1022.776,1017.662,98.597,31.797,0.0,0.0,0.0,0.0,763.247,1
20240501,9,1358.005,1307.695,1301.157,99.505,41.206,2.238,0.0,0.0,0.0,975.868,1
20240502,9,1394.374,1344.432,1337.71,98.284,42.836,2.113,0.0,0.0,0.0,1003.283,1
20240503,9,1152.556,1108.445,1102.903,99.4,35.009,2.363,0.19,0.0,0.0,827.177,1
20240504,9,1446.238,1383.48,1376.563,97.537,44.769,2.883,0.0,0.0,0.0,1032.422,1
20240505,9,1247.04,1223.247,1217.13,96.761,38.912,0.414,0.0,0.0,0.0,912.848,1
20240506,9,1099.776,1083.069,1077.654,99.401,33.406,0.019,0.0,0.0,0.0,808.241,1
20240507,9,1228.688,1188.39,1182.448,97.046,38.227,1.807,0.0,0.0,0.0,886.836,1
20240508,9,1167.188,1141.284,1135.577,97.938,35.983,0.73,0.0,0.0,0.0,851.683,1
20240509,9,1350.023,1325.951,1319.322,97.783,41.686,0.287,0.0,0.0,0.0,989.491,1
20240510,9,1148.817,1130.232,1124.581,97.538,35.562,0.12,0.0,0.0,0.0,843.435,1
20240511,9,1250.622,1205.79,1199.762,97.379,38.777,2.116,0.0,0.0,0.0,899.821,1
20240512,9,1147.183,1099.071,1093.576,96.981,35.715,2.735,0.0,0.0,0.0,820.182,1
20240513,9,1393.096,1372.199,1365.338,95.459,44.063,0.0,0.0,0.0,0.0,1024.004,1
20240514,9,1142.023,1111.578,1106.02,97.049,35.53,1.184,0.0,0.0,0.0,829.515,1
20240515,9,1510.928,1478.225,1470.834,94.912,48.065,0.675,0.0,0.0,0.0,1103.126,1
20240516,9,1008.126,960.338,955.537,98.644,30.857,3.29,0.0,0.0,0.0,716.652,1
20240517,9,1108.986,1092.351,1086.889,99.253,33.736,0.0,0.0,0.0,0.0,815.167,1
20240518,9,1281.183,1234.35,1228.179,98.102,39.432,2.188,0.0,0.0,0.0,921.134,1
20240519,9,1368.616,1318.119,1311.528,96.881,42.653,2.223,0.0,0.0,0.0,983.646,1
20240520,9,1367.699,1343.365,1336.648,97.67,42.28,0.283,0.0,0.0,0.0,1002.486,1
20240521,9,1361.513,1317.439,1310.852,95.204,43.179,1.764,0.0,0.0,0.0,983.139,1
20240522,9,1369.249,1334.873,1328.199,99.733,41.453,1.026,0.0,0.0,0.0,996.149,1
20240523,9,1226.756,1170.325,1164.473,98.28,37.688,3.147,0.0,0.0,0.0,873.355,1
20240524,9,1260.202,1227.28,1221.144,95.921,39.668,1.129,0.0,0.0,0.0,915.858,1
20240525,9,1440.175,1385.866,1378.937,95.72,45.428,2.306,0.0,0.0,0.0,1034.203,1
20240526,9,1485.578,1414.313,1407.241,98.172,45.689,3.347,0.0,0.0,0.0,1055.431,1
20240527,9,1225.009,1177.704,1171.816,97.711,37.854,2.398,0.0,0.0,0.0,878.862,1
20240528,9,1328.389,1281.011,1274.606,94.51,42.438,2.098,0.0,0.0,0.0,955.954,1
20240529,9,1175.927,1140.604,1134.901,98.102,36.192,1.527,0.201,0.0,0.0,851.175,1
20240530,9,1268.547,1206.329,1200.297,97.991,39.087,3.457,0.117,0.0,0.0,900.223,1
20240531,9,1234.947,1175.789,1169.91,99.55,37.455,3.341,0.0,0.0,0.0,877.432,1
20240601,9,1211.14,1179.23,1173.333,96.499,37.895,1.152,0.0,0.191,0.0,880.0,1
20240602,9,1245.233,1199.612,1193.614,100.0,37.598,2.197,0.0,0.0,0.0,895.21,1
20240603,9,1405.411,1372.507,1365.644,99.619,42.596,0.854,0.0,0.0,0.0,1024.233,1
20240604,9,1012.776,997.584,992.596,96.093,31.822,0.0,0.0,0.0,0.0,744.447,1
20240605,9,1293.415,1249.299,1243.052,98.665,39.581,1.94,0.0,0.0,0.0,932.289,1
20240606,9,1452.873,1421.804,1414.695,100.0,43.867,0.648,0.0,0.0,0.0,1061.021,1
20240607,9,1310.08,1277.575,1271.188,99.86,39.611,0.996,0.0,0.0,0.0,953.391,1
20240608,9,1284.676,1230.435,1224.282,96.288,40.284,2.764,0.0,0.0,0.0,918.212,1
20240609,9,1212.631,1170.375,1164.523,99.919,36.643,2.015,0.0,0.0,0.0,873.393,1
20240610,9,1300.195,1272.553,1266.19,97.726,40.17,0.636,0.0,0.0,0.0,949.643,1
20240611,9,1151.639,1106.433,1100.901,99.41,34.978,2.462,0.0,0.0,0.0,825.676,1
20240612,9,1542.105,1509.05,1501.504,97.877,47.571,0.653,0.0,0.0,0.0,1126.128,1
20240613,9,1222.917,1170.47,1164.617,96.974,38.076,2.831,0.0,0.0,0.0,873.463,1
20240614,9,1253.46,1221.715,1215.607,96.949,39.037,1.048,0.0,0.0,0.0,911.705,1
20240615,9,1309.035,1280.846,1274.442,99.7,39.643,0.663,0.0,0.0,0.0,955.831,1
20240616,9,1267.239,1218.772,1212.679,99.134,38.596,2.36,0.0,0.0,0.0,909.509,1
20240617,9,1157.753,1109.549,1104.001,97.608,35.813,2.704,0.0,0.0,0.0,828.001,1
20240618,9,1320.999,1289.904,1283.455,99.81,39.961,0.867,0.0,0.0,0.0,962.591,1
20240619,9,1406.228,1356.28,1349.499,95.871,44.287,2.083,0.0,0.0,0.0,1012.124,1
20240620,9,1101.939,1085.393,1079.966,98.324,33.838,0.002,0.0,0.0,0.0,809.974,1
20240621,9,1289.151,1245.24,1239.014,96.369,40.39,1.935,0.0,0.0,0.0,929.261,1
20240622,9,1401.106,1352.661,1345.898,97.747,43.279,1.987,0.0,0.0,0.0,1009.423,1
20240623,9,1249.565,1208.76,1202.716,97.068,38.868,1.792,0.0,0.0,0.0,902.037,1
20240624,9,1404.807,1367.127,1360.291,96.988,43.733,1.2,0.0,0.0,0.0,1020.218,1
20240625,9,1389.369,1329.484,1322.836,97.203,43.157,2.853,0.0,0.02,0.0,992.127,1
20240626,9,1350.496,1307.488,1300.951,97.663,41.752,1.71,0.0,0.0,0.0,975.713,1
20240627,9,1179.176,1161.489,1155.681,96.846,36.763,0.0,0.0,0.0,0.0,866.761,1
20240628,9,1327.133,1284.45,1278.028,97.401,41.14,1.742,0.0,0.0,0.0,958.521,1
20240629,9,1276.538,1248.562,1242.319,100.0,38.543,0.702,0.0,0.0,0.0,931.74,1
20240630,9,1285.656,1205.653,1199.625,95.643,40.587,4.795,0.0,0.0,0.0,899.719,1
20240701,9,1185.783,1166.598,1160.765,97.149,36.853,0.12,0.0,0.0,0.0,870.574,1
20240702,9,1357.517,1325.717,1319.089,94.818,43.228,0.855,0.0,0.0,0.0,989.317,1
20240703,9,1192.509,1155.743,1149.964,96.75,37.215,1.607,0.0,0.0,0.0,862.473,1
20240704,9,1169.37,1134.029,1128.359,97.596,36.177,1.545,0.0,0.0,0.0,846.269,1
20240705,9,1094.472,1071.799,1066.44,99.147,33.33,0.58,0.0,0.0,0.0,799.83,1
20240706,9,1292.129,1251.411,1245.154,95.723,40.757,1.676,0.0,0.0,0.0,933.865,1
20240707,9,1202.424,1150.314,1144.562,98.014,37.041,2.877,0.0,0.0,0.0,858.422,1
20240708,9,1249.657,1223.185,1217.069,97.699,38.62,0.628,0.0,0.0,0.0,912.802,1
20240709,9,1370.676,1323.937,1317.317,95.533,43.32,1.939,0.0,0.0,0.0,987.988,1
20240710,9,1261.689,1234.331,1228.159,98.099,38.833,0.679,0.0,0.0,0.0,921.119,1
20240711,9,1311.901,1248.22,1241.979,98.365,40.269,3.405,0.0,0.0,0.0,931.484,1
20240712,9,1305.237,1272.936,1266.571,96.566,40.811,0.99,0.0,0.0,0.0,949.928,1
20240713,9,1256.338,1204.37,1198.348,98.977,38.325,2.677,0.0,0.0,0.0,898.761,1
20240714,9,1281.577,1234.863,1228.688,97.855,39.543,2.178,0.0,0.0,0.0,921.516,1
20240715,9,1421.97,1400.64,1393.637,96.467,44.506,0.0,0.0,0.0,0.0,1045.228,1
20240716,9,1347.418,1315.501,1308.924,99.035,41.079,0.882,0.0,0.0,0.0,981.693,1
20240717,9,1316.982,1272.678,1266.315,96.437,41.233,1.892,0.0,0.0,0.0,949.736,1
20240718,9,961.751,947.325,942.588,98.044,29.618,0.0,0.0,0.0,0.0,706.941,1
20240719,9,1231.371,1196.807,1190.823,98.46,37.761,1.327,0.0,0.0,0.0,893.117,1
20240720,9,1308.224,1258.946,1252.651,97.829,40.376,2.301,0.0,0.0,0.0,939.488,1
20240721,9,1346.434,1323.722,1317.103,98.117,41.433,0.19,0.0,0.0,0.0,987.828,1
20240722,9,1165.708,1128.048,1122.408,97.764,36.001,1.757,0.0,0.0,0.0,841.806,1
20240723,9,1383.047,1343.639,1336.921,95.184,43.872,1.37,0.16,0.0,0.0,1002.691,1
20240724,9,1290.373,1255.927,1249.647,99.588,39.122,1.187,0.0,0.0,0.0,937.235,1
20240725,9,1196.355,1151.987,1146.227,96.048,37.608,2.242,0.0,0.0,0.0,859.67,1
20240726,9,1337.214,1314.501,1307.928,96.503,41.838,0.202,0.0,0.0,0.0,980.946,1
20240727,9,1452.714,1425.582,1418.454,98.107,44.709,0.373,0.0,0.0,0.0,1063.84,1
20240728,9,1297.974,1252.416,1246.154,96.136,40.765,2.041,0.0,0.0,0.0,934.615,1
20240729,9,1374.325,1353.71,1346.942,99.933,41.523,0.0,0.0,0.0,0.0,1010.206,1
20240730,9,1296.958,1254.206,1247.935,99.21,39.471,1.824,0.0,0.0,0.0,935.951,1
20240731,9,1200.77,1182.758,1176.844,98.184,36.926,0.0,0.0,0.0,0.0,882.633,1
20240801,9,1260.294,1241.39,1235.183,97.409,39.064,0.0,0.0,0.0,0.0,926.387,1
20240802,9,1388.64,1351.565,1344.808,93.083,45.043,1.188,0.0,0.0,0.0,1008.606,1
20240803,9,1322.293,1287.553,1281.116,97.666,40.878,1.144,0.0,0.0,0.0,960.837,1
20240804,9,1114.436,1069.494,1064.147,96.407,34.902,2.571,0.0,0.0,0.0,798.11,1
20240805,9,1376.197,1307.609,1301.071,97.59,42.578,3.537,0.0,0.0,0.0,975.803,1
20240806,9,1150.258,1133.004,1127.339,98.509,35.256,0.0,0.0,0.0,0.0,845.504,1
20240807,9,1078.625,1018.454,1013.362,95.576,34.075,4.141,0.0,0.0,0.0,760.022,1
20240808,9,1254.34,1218.569,1212.476,98.659,38.387,1.372,0.0,0.0,0.0,909.357,1
20240809,9,1364.675,1344.205,1337.484,95.921,42.956,0.0,0.0,0.0,0.0,1003.113,1
20240810,9,1400.23,1362.981,1356.167,96.678,43.73,1.178,0.0,0.0,0.0,1017.125,1
20240811,9,1234.87,1216.347,1210.265,98.622,37.806,0.0,0.0,0.0,0.0,907.699,1
20240812,9,1306.496,1286.899,1280.465,97.06,40.642,0.0,0.0,0.0,0.0,960.348,1
20240813,9,1352.982,1298.453,1291.961,97.064,42.087,2.569,0.0,0.083,0.0,968.971,1
20240814,9,1100.111,1068.534,1063.191,96.927,34.269,1.391,0.0,0.0,0.0,797.394,1
20240815,9,1126.6,1095.74,1090.261,95.394,35.658,1.258,0.0,0.0,0.0,817.696,1
20240816,9,1224.697,1190.489,1184.536,97.313,37.998,1.313,0.0,0.0,0.0,888.402,1
20240817,9,986.422,971.626,966.767,99.298,29.994,0.0,0.0,0.0,0.0,725.076,1
20240818,9,1253.452,1206.566,1200.533,98.84,38.29,2.275,0.0,0.0,0.0,900.4,1
20240819,9,1275.673,1228.003,1221.863,99.305,38.786,2.271,0.0,0.0,0.0,916.398,1
20240820,9,1164.533,1125.173,1119.548,95.854,36.682,1.908,0.0,0.0,0.0,839.661,1
20240821,9,1365.404,1338.34,1331.648,98.896,41.686,0.489,0.0,0.0,0.0,998.736,1
20240822,9,1229.402,1210.961,1204.906,95.038,39.058,0.0,0.0,0.0,0.0,903.679,1
20240823,9,1255.395,1214.074,1208.004,98.067,38.652,1.819,0.0,0.0,0.0,906.003,1
20240824,9,1136.107,1112.939,1107.374,95.359,35.972,0.547,0.379,0.0,0.0,830.531,1
20240825,9,1125.269,1099.513,1094.016,95.035,35.751,0.801,0.0,0.0,0.0,820.512,1
20240826,9,1222.565,1182.718,1176.804,97.672,37.793,1.786,0.0,0.0,0.0,882.603,1
20240827,9,1089.788,1060.921,1055.616,98.522,33.398,1.166,0.0,0.0,0.0,791.712,1
20240828,9,1216.195,1179.308,1173.411,97.656,37.602,1.556,0.0,0.0,0.0,880.058,1
20240829,9,1364.615,1344.146,1337.425,97.778,42.139,0.0,0.0,0.0,0.0,1003.069,1
20240830,9,1271.553,1240.068,1233.868,98.69,38.902,0.991,0.0,0.0,0.0,925.401,1
20240831,9,1319.778,1280.447,1274.045,98.799,40.333,1.503,0.0,0.0,0.0,955.534,1
20240901,9,1139.982,1122.034,1116.424,96.745,35.578,0.076,0.0,0.0,0.0,837.318,1
20240902,9,1107.779,1048.57,1043.327,95.94,34.863,3.903,0.0,0.0,0.0,782.495,1
20240903,9,1265.984,1200.806,1194.802,98.383,38.852,3.704,0.0,0.0,0.0,896.101,1
20240904,9,1204.745,1166.172,1160.341,96.544,37.677,1.728,0.0,0.0,0.0,870.256,1
20240905,9,1049.364,1029.802,1024.653,97.926,32.355,0.37,0.0,0.0,0.0,768.49,1
20240906,9,1207.572,1189.459,1183.511,93.64,38.937,0.0,0.0,0.0,0.0,887.633,1
20240907,9,1312.145,1261.422,1255.115,98.317,40.296,2.402,0.0,0.0,0.0,941.336,1
20240908,9,1047.658,1020.081,1014.981,96.439,32.8,1.149,0.473,0.0,0.0,761.236,1
20240909,9,1119.264,1093.974,1088.504,97.537,34.648,0.771,0.0,0.0,0.0,816.378,1
20240910,9,1178.013,1123.615,1117.997,96.299,36.935,3.165,0.0,0.0,0.0,838.498,1
20240911,9,989.457,968.437,963.595,98.373,30.369,0.634,0.0,0.0,0.0,722.696,1
20240912,9,1152.771,1135.48,1129.802,100.0,34.806,0.0,0.0,0.0,0.0,847.352,1
20240913,9,1293.631,1247.873,1241.633,98.316,39.728,2.068,0.0,0.0,0.0,931.225,1
20240914,9,1112.467,1076.748,1071.364,98.435,34.123,1.737,0.0,0.0,0.0,803.523,1
20240915,9,1152.121,1095.008,1089.533,97.707,35.603,3.51,0.0,0.0,0.0,817.15,1
20240916,9,1370.711,1313.909,1307.339,97.236,42.563,2.684,0.0,0.0,0.0,980.505,1
20240917,9,1145.11,1097.576,1092.088,97.368,35.509,2.691,0.0,0.0,0.0,819.066,1
20240918,9,1342.983,1301.889,1295.379,98.552,41.145,1.584,0.0,0.0,0.0,971.535,1
20240919,9,1113.526,1078.697,1073.303,98.288,34.207,1.653,0.0,0.411,0.0,804.978,1
20240920,9,1232.837,1192.18,1186.219,98.87,37.649,1.825,0.0,0.0,0.0,889.664,1
20240921,9,1366.626,1317.841,1311.252,98.504,41.89,2.101,0.0,0.0,0.0,983.439,1
20240922,9,1151.131,1133.864,1128.195,99.661,34.875,0.0,0.0,0.0,0.0,846.146,1
20240923,9,1121.554,1081.632,1076.224,96.872,34.957,2.091,0.0,0.0,0.0,807.168,1
20240924,9,1348.169,1282.547,1276.135,98.729,41.23,3.419,0.0,0.0,0.0,957.101,1
20240925,9,1155.12,1127.822,1122.183,98.922,35.257,0.876,0.0,0.0,0.0,841.637,1
20240926,9,1144.397,1103.734,1098.215,97.285,35.517,2.085,0.0,0.0,0.0,823.661,1
20240927,9,1122.115,1073.744,1068.376,97.029,34.918,2.854,0.0,0.0,0.0,801.282,1
20240928,9,1309.035,1289.399,1282.952,96.601,40.915,0.0,0.0,0.0,0.0,962.214,1
20240929,9,984.702,965.648,960.82,95.886,31.007,0.442,0.0,0.0,0.0,720.615,1
20240930,9,1041.387,991.26,986.303,95.871,32.797,3.364,0.0,0.0,0.0,739.727,1
20241001,9,1385.083,1335.556,1328.878,98.531,42.444,2.107,0.0,0.0,0.0,996.659,1
20241002,9,1131.867,1071.036,1065.681,98.118,34.83,3.933,0.0,0.0,0.0,799.26,1
20241003,9,1028.466,991.138,986.182,98.171,31.631,2.162,0.0,0.0,0.0,739.636,1
20241004,9,1359.06,1314.948,1308.373,100.0,41.034,1.772,0.0,0.0,0.0,981.28,1
20241005,9,1227.841,1196.851,1190.866,97.147,38.161,1.04,0.0,0.0,0.0,893.15,1
20241006,9,1288.689,1269.359,1263.012,99.584,39.072,0.0,0.0,0.0,0.0,947.259,1
20241007,9,1371.522,1339.333,1332.636,98.806,41.911,0.86,0.0,0.0,0.0,999.477,1
20241008,9,1071.806,1051.19,1045.934,99.054,32.67,0.43,0.0,0.0,0.0,784.45,1
20241009,9,1067.872,1032.187,1027.026,97.566,33.047,1.87,0.0,0.0,0.0,770.27,1
20241010,9,951.694,926.21,921.579,96.363,29.819,1.196,0.65,0.0,0.0,691.184,1
20241011,9,1179.225,1129.774,1124.125,97.348,36.575,2.735,0.0,0.0,0.0,843.094,1
20241012,9,967.678,914.27,909.698,96.291,30.343,4.08,0.0,0.0,0.0,682.274,1
20241013,9,926.498,882.668,878.254,97.45,28.706,3.28,0.0,0.0,0.0,658.691,1
20241014,9,1198.263,1162.399,1156.587,95.094,38.046,1.516,0.0,0.0,0.0,867.44,1
20241015,9,943.046,928.9,924.256,97.273,29.272,0.0,0.0,0.0,0.0,693.192,1
20241016,9,1056.751,1014.064,1008.993,99.147,32.181,2.578,0.0,0.0,0.0,756.745,1
20241017,9,1192.468,1174.581,1168.708,98.945,36.389,0.0,0.0,0.0,0.0,876.531,1
20241018,9,1179.854,1143.051,1137.336,95.621,37.255,1.644,0.0,0.0,0.0,853.002,1
20241019,9,1005.562,965.592,960.764,96.745,31.383,2.513,0.0,0.0,0.0,720.573,1
20241020,9,966.818,922.982,918.367,95.248,30.648,3.08,0.0,0.0,0.0,688.776,1
20241021,9,1246.656,1227.956,1221.816,96.005,39.207,0.0,0.0,0.0,0.0,916.362,1
20241022,9,974.26,947.951,943.212,95.011,30.961,1.219,0.0,0.0,0.0,707.409,1
20241023,9,867.782,854.765,850.491,95.359,27.476,0.0,0.367,0.0,0.0,637.868,1
20241024,9,1201.521,1157.487,1151.7,95.663,37.922,2.198,0.0,0.0,0.0,863.775,1
20241025,9,881.339,862.536,858.223,97.043,27.421,0.643,0.0,0.0,0.0,643.667,1
20241026,9,1026.377,1003.92,998.901,97.151,31.899,0.698,0.0,0.102,0.0,749.176,1
20241027,9,1196.266,1162.429,1156.617,95.894,37.666,1.349,0.0,0.0,0.0,867.463,1
20241028,9,1089.632,1066.697,1061.364,97.273,33.822,0.614,0.0,0.0,0.0,796.023,1
20241029,9,1057.281,1015.241,1010.164,99.147,32.197,2.514,0.0,0.0,0.0,757.623,1
20241030,9,1125.638,1087.533,1082.095,95.464,35.602,1.914,0.0,0.0,0.0,811.571,1
20241031,9,1166.244,1115.734,1110.156,95.01,37.062,2.874,0.0,0.0,0.0,832.617,1
20241101,9,1226.452,1198.448,1192.456,99.528,37.206,0.795,0.0,0.0,0.0,894.342,1
20241102,9,1161.107,1110.639,1105.086,95.501,36.709,2.89,0.0,0.0,0.0,828.814,1
20241103,9,1057.126,1038.787,1033.593,98.95,32.257,0.238,0.0,0.0,0.0,775.195,1
20241104,9,1169.895,1120.241,1114.64,97.357,36.282,2.786,0.0,0.0,0.0,835.98,1
20241105,9,957.194,913.834,909.265,95.274,30.335,3.076,0.0,0.0,0.0,681.949,1
20241106,9,1276.774,1250.57,1244.317,99.057,38.917,0.561,0.679,0.0,0.0,933.238,1
20241107,9,1226.67,1191.655,1185.696,96.132,38.527,1.375,0.0,0.0,0.0,889.272,1
20241108,9,1046.789,1018.198,1013.107,96.822,32.643,1.25,0.0,0.0,0.0,759.831,1
20241109,9,1203.838,1171.988,1166.128,95.907,37.899,1.163,0.0,0.202,0.0,874.596,1
20241110,9,1012.317,997.133,992.147,98.167,31.136,0.0,0.0,0.0,0.0,744.11,1
20241111,9,1103.586,1069.143,1063.797,98.632,33.783,1.646,0.0,0.0,0.0,797.848,1
20241112,9,1051.797,1024.25,1019.128,97.497,32.573,1.136,0.0,0.0,0.0,764.346,1
20241113,9,1051.584,1013.741,1008.672,97.638,32.519,2.131,0.0,0.0,0.0,756.504,1
20241114,9,977.422,938.426,933.734,96.486,30.586,2.528,0.0,0.0,0.0,700.3,1
20241115,9,940.907,921.205,916.599,97.502,29.137,0.603,0.0,0.0,0.0,687.449,1
20241116,9,1092.416,1067.197,1061.861,99.332,33.205,0.821,0.0,0.0,0.0,796.396,1
20241117,9,1230.049,1179.763,1173.864,97.365,38.144,2.628,0.0,0.0,0.0,880.398,1
20241118,9,1125.442,1081.021,1075.616,98.332,34.557,2.484,0.0,0.0,0.0,806.712,1
20241119,9,1214.645,1196.425,1190.443,100.0,36.674,0.0,0.0,0.0,0.0,892.832,1
20241120,9,982.891,956.139,951.358,96.747,30.675,1.24,0.0,0.0,0.0,713.519,1
20241121,9,1177.576,1147.965,1142.225,99.192,35.844,1.03,0.0,0.0,0.0,856.669,1
20241122,9,1015.035,992.853,987.889,98.309,31.175,0.696,0.0,0.0,0.0,740.917,1
20241123,9,950.978,934.427,929.755,97.438,29.468,0.244,0.0,0.0,0.0,697.316,1
20241124,9,1016.495,987.461,982.523,93.864,32.697,1.377,0.0,0.0,0.0,736.892,1
20241125,9,1001.911,984.317,979.395,98.961,30.569,0.26,0.0,0.0,0.0,734.546,1
20241126,9,1270.304,1245.153,1238.928,97.853,39.196,0.487,0.0,0.0,0.0,929.196,1
20241127,9,1110.274,1068.119,1062.778,97.494,34.384,2.332,0.0,0.0,0.0,797.084,1
20241128,9,1149.072,1131.836,1126.177,97.714,35.506,0.0,0.0,0.0,0.0,844.632,1
20241129,9,1104.32,1062.035,1056.725,98.143,33.974,2.364,0.0,0.0,0.0,792.544,1
20241130,9,989.276,954.782,950.008,99.703,29.959,2.017,0.0,0.0,0.0,712.506,1
20241201,9,1015.314,990.257,985.306,98.624,31.083,0.983,0.0,0.0,0.0,738.98,1
20241202,9,1021.931,1004.23,999.209,100.0,30.855,0.236,0.0,0.0,0.0,749.407,1
20241203,9,1064.202,1039.665,1034.467,96.935,33.148,0.818,0.0,0.0,0.0,775.85,1
20241204,9,860.797,841.453,837.245,95.575,27.193,0.759,0.0,0.0,0.0,627.934,1
20241205,9,1211.251,1176.164,1170.283,98.014,37.313,1.418,0.0,0.0,0.0,877.712,1
20241206,9,1030.729,1001.514,996.507,97.858,31.802,1.355,0.0,0.0,0.0,747.38,1
20241207,9,1098.71,1071.937,1066.577,96.732,34.294,0.951,0.0,0.0,0.0,799.933,1
20241208,9,1174.25,1123.44,1117.823,96.778,36.635,2.87,0.0,0.0,0.0,838.367,1
20241209,9,814.536,796.046,792.066,97.654,25.184,0.782,0.0,0.0,0.0,594.049,1
20241210,9,1153.518,1122.173,1116.562,97.581,35.692,1.236,0.0,0.0,0.0,837.422,1
20241211,9,1019.079,988.904,983.96,98.066,31.376,1.483,0.0,0.0,0.0,737.97,1
20241212,9,1017.179,974.802,969.928,96.869,31.704,2.707,0.0,0.0,0.0,727.446,1
20241213,9,1029.506,1014.064,1008.994,99.216,31.33,0.0,0.0,0.0,0.0,756.745,1
20241214,9,1109.597,1092.953,1087.489,97.188,34.472,0.0,0.0,0.0,0.0,815.617,1
20241215,9,981.999,967.269,962.433,95.686,30.987,0.0,0.0,0.0,0.0,721.825,1
20241216,9,1269.157,1232.971,1226.806,96.411,39.747,1.372,0.0,0.0,0.0,920.104,1
20241217,9,1039.449,995.305,990.329,96.246,32.608,2.789,0.0,0.0,0.0,742.747,1
20241218,9,1073.392,1057.291,1052.005,96.655,33.531,0.0,0.411,0.0,0.0,789.004,1
20241219,9,1158.643,1109.296,1103.75,97.031,36.054,2.801,0.0,0.0,0.0,827.812,1
20241220,9,1188.962,1146.365,1140.633,96.646,37.144,2.114,0.0,0.0,0.0,855.475,1
20241221,9,1019.11,985.062,980.137,95.172,32.331,1.869,0.0,0.0,0.0,735.103,1
20241222,9,938.297,902.083,897.573,98.006,28.907,2.395,0.0,0.0,0.0,673.18,1
20241223,9,1147.338,1110.185,1104.635,96.717,35.818,1.765,0.0,0.0,0.0,828.476,1
20241224,9,1234.937,1216.413,1210.331,98.125,37.999,0.0,0.0,0.0,0.0,907.748,1
20241225,9,984.975,970.2,965.349,95.902,31.01,0.0,0.0,0.0,0.0,724.012,1
20241226,9,986.136,928.665,924.021,98.636,30.186,4.394,0.0,0.0,0.0,693.016,1
20241227,9,1028.478,997.656,992.668,99.124,31.327,1.52,0.0,0.0,0.0,744.501,1
20241228,9,1270.59,1209.523,1203.475,98.189,39.071,3.357,0.0,0.0,0.0,902.606,1
20241229,9,1042.758,1015.833,1010.754,97.009,32.455,1.099,0.0,0.0,0.0,758.066,1
20241230,9,1066.614,1025.507,1020.379,94.788,33.975,2.39,0.0,0.0,0.0,765.284,1
20241231,9,1088.439,1072.112,1066.752,97.914,33.564,0.0,0.0,0.0,0.0,800.064,1
20250101,9,992.034,977.153,972.267,97.388,30.756,0.0,0.0,0.0,0.0,729.201,1
20250102,9,1061.171,1026.079,1020.949,99.02,32.357,1.834,0.0,0.0,0.0,765.712,1
20250103,9,1026.183,981.43,976.523,98.821,31.353,2.905,0.0,0.0,0.0,732.392,1
20250104,9,1159.263,1119.689,1114.09,96.067,36.435,1.943,0.0,0.0,0.0,835.568,1
20250105,9,968.369,941.622,936.914,98.808,29.591,1.281,0.0,0.0,0.0,702.686,1
20250106,9,1156.815,1127.986,1122.346,95.998,36.384,1.007,0.0,0.0,0.0,841.76,1
20250107,9,878.436,861.492,857.184,97.02,27.338,0.435,0.0,0.0,0.0,642.888,1
20250108,9,945.754,904.022,899.502,96.813,29.495,2.957,0.0,0.0,0.0,674.626,1
20250109,9,1129.888,1106.555,1101.022,95.521,35.715,0.574,0.0,0.0,0.0,825.767,1
20250110,9,969.384,929.409,924.762,96.657,30.281,2.664,0.0,0.0,0.0,693.571,1
20250111,9,1064.675,1048.705,1043.461,96.486,33.317,0.0,0.0,0.0,0.0,782.596,1
20250112,9,1134.959,1117.935,1112.345,99.027,34.605,0.0,0.0,0.0,0.0,834.259,1
20250113,9,1181.901,1156.763,1150.979,98.239,36.325,0.637,0.0,0.0,0.0,863.234,1
20250114,9,937.61,893.425,888.958,97.879,28.923,3.261,0.0,0.0,0.0,666.718,1
20250115,9,1007.015,981.664,976.755,93.821,32.408,1.033,0.0,0.0,0.0,732.567,1
20250116,9,908.321,882.353,877.941,98.15,27.942,1.38,0.0,0.0,0.0,658.456,1
20250117,9,1042.587,1010.396,1005.344,97.298,32.353,1.612,0.0,0.0,0.0,754.008,1
20250118,9,1095.127,1034.092,1028.922,99.19,33.335,4.135,0.0,0.0,0.0,771.691,1
20250119,9,1049.86,1023.022,1017.907,97.497,32.513,1.072,0.0,0.0,0.0,763.43,1
20250120,9,1122.33,1105.486,1099.959,98.474,34.412,0.001,0.0,0.0,0.0,824.969,1
20250121,9,1107.574,1090.345,1084.893,97.52,34.292,0.056,0.0,0.0,0.0,813.67,1
20250122,9,932.73,907.877,903.338,97.981,28.742,1.182,0.0,0.0,0.0,677.503,1
20250123,9,988.815,952.172,947.411,98.255,30.386,2.239,0.0,0.0,0.0,710.558,1
20250124,9,1099.883,1068.571,1063.228,95.196,34.885,1.367,0.0,0.0,0.0,797.421,1
20250125,9,727.517,716.604,713.021,97.796,22.461,0.0,0.0,0.0,0.0,534.766,1
20250126,9,1290.002,1270.652,1264.299,99.234,39.25,0.0,0.0,0.0,0.0,948.224,1
20250127,9,1087.853,1059.581,1054.283,95.446,34.413,1.116,0.0,0.0,0.0,790.712,1
20250128,9,967.211,951.92,947.161,99.374,29.387,0.082,0.0,0.0,0.0,710.371,1
20250129,9,1080.184,1034.104,1028.934,97.196,33.555,2.808,0.0,0.0,0.0,771.7,1
20250130,9,1270.882,1251.819,1245.559,99.027,38.749,0.0,0.0,0.0,0.0,934.17,1
20250131,9,946.246,932.052,927.392,96.878,29.491,0.0,0.0,0.0,0.0,695.544,1
20250201,9,1065.334,1049.354,1044.107,97.358,33.039,0.0,0.0,0.0,0.0,783.08,1
20250202,9,1135.539,1111.863,1106.304,99.873,34.329,0.594,0.0,0.0,0.0,829.728,1
20250203,9,1116.102,1079.879,1074.48,96.383,34.963,1.772,0.0,0.0,0.0,805.86,1
20250204,9,959.484,932.475,927.813,95.303,30.398,1.335,0.0,0.0,0.0,695.86,1
20250205,9,1167.253,1139.516,1133.818,97.196,36.26,0.89,0.0,0.0,0.0,850.364,1
20250206,9,1137.147,1096.253,1090.771,100.0,34.334,2.128,0.0,0.0,0.0,818.078,1
20250207,9,825.509,803.79,799.771,97.979,25.439,1.148,0.0,0.0,0.0,599.828,1
20250208,9,967.293,924.181,919.56,96.85,30.156,3.002,0.0,0.0,0.0,689.67,1
20250209,9,1267.581,1248.568,1242.325,96.225,39.774,0.0,0.0,0.0,0.0,931.744,1
20250210,9,961.79,924.023,919.403,96.727,30.022,2.464,0.0,0.0,0.0,689.552,1
20250211,9,1231.775,1206.866,1200.832,97.928,37.978,0.53,0.0,0.0,0.0,900.624,1
20250212,9,1104.508,1081.895,1076.486,97.835,34.087,0.556,0.0,0.0,0.0,807.364,1
20250213,9,1063.941,1038.494,1033.302,96.722,33.213,0.905,0.0,0.0,0.0,774.976,1
20250214,9,1220.468,1195.13,1189.154,95.97,38.397,0.585,0.0,0.0,0.0,891.866,1
20250215,9,1122.662,1083.761,1078.342,98.364,34.461,1.995,0.0,0.0,0.0,808.757,1
20250216,9,1045.9,994.015,989.044,97.543,32.375,3.514,0.0,0.0,0.0,741.783,1
20250217,9,1008.199,980.637,975.733,97.579,31.196,1.253,0.0,0.0,0.0,731.8,1
20250218,9,1057.377,1014.171,1009.1,97.578,32.718,2.626,0.0,0.0,0.0,756.825,1
20250219,9,1175.062,1145.124,1139.398,98.676,35.955,1.064,0.0,0.0,0.0,854.548,1
20250220,9,1188.8,1170.576,1164.724,98.253,36.532,0.033,0.0,0.0,0.0,873.543,1
20250221,9,1024.022,977.771,972.882,97.737,31.635,3.063,0.0,0.0,0.0,729.661,1
20250222,9,1277.152,1245.238,1239.012,100.0,38.561,1.014,0.0,0.0,0.0,929.259,1
20250223,9,1072.94,1054.814,1049.54,98.808,32.786,0.192,0.0,0.0,0.0,787.155,1
20250224,9,1128.356,1111.43,1105.873,96.345,35.361,0.0,0.0,0.0,0.0,829.405,1
20250225,9,1350.529,1325.242,1318.616,98.324,41.472,0.378,0.0,0.0,0.0,988.962,1
20250226,9,1043.127,1027.48,1022.343,97.61,32.267,0.0,0.0,0.0,0.0,766.757,1
20250227,9,944.546,912.561,907.998,95.577,29.839,1.915,0.0,0.0,0.0,680.999,1
20250228,9,1115.557,1064.009,1058.689,98.259,34.279,3.168,0.0,0.0,0.0,794.016,1
20250301,9,1113.491,1083.065,1077.649,98.398,34.167,1.251,0.0,0.0,0.0,808.237,1
20250302,9,903.151,883.279,878.863,97.305,28.024,0.711,0.0,0.0,0.0,659.147,1
20250303,9,1151.962,1131.999,1126.339,96.171,36.166,0.236,0.0,0.0,0.0,844.754,1
20250304,9,1202.954,1138.879,1133.184,98.992,36.691,3.885,0.0,0.0,0.0,849.888,1
20250305,9,1163.128,1145.681,1139.952,95.629,36.724,0.0,0.114,0.0,0.0,854.964,1
20250306,9,983.992,953.095,948.33,97.581,30.446,1.665,0.0,0.0,0.0,711.247,1
20250307,9,1060.225,1039.916,1034.716,97.064,32.98,0.422,0.0,0.0,0.0,776.037,1
20250308,9,967.207,950.483,945.731,96.266,30.336,0.233,0.0,0.0,0.0,709.298,1
20250309,9,1192.357,1143.545,1137.828,97.658,36.865,2.633,0.0,0.0,0.0,853.371,1
20250310,9,934.599,908.004,903.464,100.0,28.219,1.366,0.0,0.0,0.0,677.598,1
20250311,9,1214.083,1178.57,1172.677,97.079,37.76,1.447,0.0,0.0,0.0,879.508,1
20250312,9,1492.498,1448.066,1440.826,99.397,45.337,1.499,0.267,0.0,0.0,1080.619,1
20250313,9,1185.612,1140.172,1134.471,96.894,36.945,2.368,0.0,0.0,0.0,850.853,1
20250314,9,973.728,955.6,950.822,97.756,30.075,0.367,0.0,0.0,0.0,713.116,1
20250315,9,1245.059,1226.383,1220.251,97.523,38.547,0.0,0.0,0.0,0.0,915.188,1
20250316,9,1055.779,1013.659,1008.591,98.305,32.427,2.527,0.0,0.0,0.0,756.443,1
20250317,9,1092.492,1076.104,1070.724,96.857,34.056,0.0,0.0,0.0,0.0,803.043,1
20250318,9,1196.783,1175.705,1169.826,97.019,37.245,0.265,0.0,0.0,0.0,877.37,1
20250319,9,1248.44,1207.096,1201.061,97.64,38.606,1.839,0.0,0.0,0.0,900.795,1
20250320,9,1083.209,1047.859,1042.62,97.078,33.69,1.79,0.0,0.0,0.0,781.965,1
20250321,9,1029.199,988.137,983.196,97.554,31.854,2.528,0.0,0.205,0.0,737.397,1
20250322,9,1044.784,1028.666,1023.523,96.707,32.62,0.043,0.0,0.0,0.0,767.642,1
20250323,9,886.809,857.238,852.952,95.936,27.91,1.863,0.0,0.0,0.0,639.714,1
20250324,9,1239.474,1206.375,1200.343,96.826,38.651,1.188,0.0,0.0,0.0,900.257,1
20250325,9,1144.437,1102.249,1096.738,99.331,34.787,2.22,0.217,0.0,0.0,822.554,1
20250326,9,1060.925,1033.041,1027.876,96.18,33.305,1.145,0.0,0.0,0.0,770.907,1
20250327,9,1167.121,1122.842,1117.228,97.397,36.181,2.329,0.0,0.0,0.0,837.921,1
20250328,9,1149.521,1131.811,1126.152,97.64,35.547,0.041,0.0,0.0,0.0,844.614,1
20250329,9,1195.045,1173.342,1167.475,98.121,36.773,0.321,0.0,0.0,0.0,875.606,1
20250330,9,990.328,975.473,970.595,96.623,30.946,0.0,0.0,0.0,0.0,727.947,1
20250331,9,1171.634,1145.56,1139.832,96.649,36.602,0.736,0.0,0.0,0.0,854.874,1
20250401,9,1364.608,1335.874,1329.195,97.633,42.201,0.615,0.175,0.0,0.0,996.896,1
20250402,9,1310.415,1290.759,1284.305,98.622,40.119,0.0,0.0,0.0,0.0,963.229,1
20250403,9,1260.778,1224.776,1218.652,94.903,40.111,1.376,0.0,0.0,0.0,913.989,1
20250404,9,1138.071,1121.0,1115.395,99.283,34.61,0.0,0.0,0.0,0.0,836.546,1
20250405,9,999.965,974.838,969.963,99.301,30.405,1.028,0.0,0.0,0.0,727.473,1
20250406,9,992.834,949.924,945.174,95.919,31.252,2.865,0.0,0.0,0.0,708.881,1
20250407,9,1332.123,1277.68,1271.291,96.767,41.565,2.626,0.0,0.0,0.0,953.469,1
20250408,9,1201.8,1183.773,1177.855,96.967,37.421,0.0,0.0,0.0,0.0,883.391,1
20250409,9,1464.777,1422.565,1415.453,100.0,44.226,1.403,0.0,0.0,0.0,1061.589,1
20250410,9,1178.8,1129.347,1123.7,98.442,36.155,2.736,0.0,0.0,0.0,842.775,1
20250411,9,1155.741,1138.405,1132.713,98.412,35.459,0.0,0.0,0.0,0.0,849.535,1
20250412,9,1260.343,1238.505,1232.313,96.252,39.536,0.236,0.0,0.0,0.0,924.235,1
20250413,9,1070.362,1039.654,1034.456,96.942,33.337,1.39,0.0,0.0,0.0,775.842,1
20250414,9,1232.27,1202.789,1196.775,96.271,38.648,0.906,0.0,0.0,0.0,897.582,1
20250415,9,1155.021,1125.711,1120.083,96.439,36.161,1.053,0.0,0.0,0.0,840.062,1
20250416,9,1159.366,1141.976,1136.266,97.45,35.921,0.0,0.0,0.0,0.0,852.199,1
20250417,9,1107.348,1070.323,1064.971,95.773,34.91,1.872,0.0,0.0,0.0,798.728,1
20250418,9,1274.89,1228.426,1222.284,97.072,39.654,2.177,0.0,0.0,0.0,916.713,1
20250419,9,1224.355,1189.096,1183.15,97.445,37.936,1.401,0.0,0.0,0.0,887.363,1
20250420,9,1085.787,1069.501,1064.153,98.004,33.451,0.0,0.137,0.0,0.0,798.115,1
20250421,9,1195.0,1149.067,1143.321,95.678,37.711,2.379,0.0,0.0,0.0,857.491,1
20250422,9,1370.548,1332.231,1325.57,95.784,43.203,1.315,0.087,0.0,0.0,994.178,1
20250423,9,1164.542,1144.234,1138.513,97.641,36.011,0.248,0.0,0.0,0.0,853.885,1
20250424,9,1252.487,1198.639,1192.646,98.264,38.485,2.842,0.0,0.0,0.0,894.484,1
20250425,9,943.743,928.901,924.256,95.859,29.726,0.074,0.0,0.0,0.0,693.192,1
20250426,9,1144.372,1112.485,1106.923,96.322,35.872,1.306,0.0,0.0,0.0,830.192,1
20250427,9,1316.565,1266.053,1259.723,95.42,41.659,2.372,0.0,0.0,0.0,944.792,1
20250428,9,1381.065,1334.309,1327.638,96.615,43.16,1.914,0.0,0.0,0.0,995.728,1
20250429,9,1363.54,1319.102,1312.507,96.309,42.748,1.786,0.0,0.0,0.0,984.38,1
20250430,9,1206.046,1181.263,1175.357,97.257,37.441,0.563,0.0,0.0,0.0,881.518,1
20250501,9,1230.85,1195.089,1189.114,97.545,38.098,1.427,0.0,0.0,0.0,891.835,1
20250502,9,1261.592,1223.666,1217.548,97.225,39.179,1.529,0.0,0.0,0.0,913.161,1
20250503,9,1291.172,1262.265,1255.954,97.924,39.811,0.75,0.0,0.0,0.0,941.965,1
20250504,9,1433.49,1398.904,1391.91,97.268,44.497,0.927,0.0,0.0,0.0,1043.932,1
20250505,9,1362.638,1342.119,1335.409,98.278,41.864,0.006,0.0,0.0,0.0,1001.556,1
20250506,9,1424.339,1393.909,1386.94,100.0,43.005,0.646,0.0,0.0,0.0,1040.205,1
20250507,9,1254.987,1216.811,1210.727,96.09,39.434,1.565,0.0,0.0,0.0,908.045,1
20250508,9,1348.158,1310.677,1304.124,96.762,42.067,1.3,0.0,0.0,0.0,978.093,1
20250509,9,1220.752,1176.308,1170.426,98.279,37.504,2.173,0.0,0.0,0.0,877.82,1
20250510,9,1071.663,1029.973,1024.823,98.803,32.749,2.427,0.0,0.0,0.0,768.617,1
20250511,9,1370.162,1349.609,1342.861,97.694,42.346,0.0,0.0,0.0,0.0,1007.146,1
20250512,9,1118.386,1092.705,1087.241,97.081,34.783,0.808,0.0,0.0,0.0,815.431,1
20250513,9,1252.521,1219.98,1213.88,97.415,38.821,1.115,0.0,0.0,0.0,910.41,1
20250514,9,1201.881,1183.853,1177.934,97.429,37.246,0.0,0.0,0.0,0.0,883.45,1
20250515,9,1111.6,1089.316,1083.87,95.891,35.001,0.512,0.0,0.0,0.0,812.902,1
20250516,9,1366.498,1346.0,1339.27,98.054,42.078,0.0,0.0,0.0,0.0,1004.453,1
20250517,9,1307.499,1272.899,1266.534,95.565,41.31,1.164,0.0,0.0,0.0,949.901,1
20250518,9,1116.6,1099.851,1094.352,99.046,34.039,0.0,0.0,0.0,0.0,820.764,1
20250519,9,1280.814,1257.129,1250.843,100.0,38.672,0.355,0.0,0.0,0.0,938.132,1
20250520,9,1217.29,1180.33,1174.428,100.0,36.754,1.56,0.0,0.0,0.0,880.821,1
20250521,9,1071.672,1039.667,1034.468,94.71,34.164,1.509,0.0,0.0,0.0,775.851,1
20250522,9,1356.835,1336.482,1329.8,95.373,42.955,0.0,0.0,0.0,0.0,997.35,1
20250523,9,1231.074,1188.113,1182.172,96.18,38.646,2.02,0.0,0.0,0.0,886.629,1
20250524,9,1361.897,1315.298,1308.722,97.158,42.323,1.951,0.0,0.0,0.0,981.541,1
20250525,9,998.711,964.709,959.885,96.38,31.287,1.934,0.0,0.0,0.0,719.914,1
20250526,9,1136.22,1080.035,1074.635,95.859,35.788,3.497,0.0,0.0,0.0,805.976,1
20250527,9,1391.297,1370.428,1363.576,97.663,43.013,0.0,0.0,0.0,0.0,1022.682,1
20250528,9,1030.851,1015.388,1010.311,98.615,31.562,0.0,0.0,0.0,0.0,757.733,1
20250529,9,1364.446,1328.404,1321.762,96.718,42.595,1.159,0.0,0.0,0.0,991.321,1
20250530,9,1187.386,1147.013,1141.278,97.385,36.814,1.929,0.097,0.0,0.0,855.959,1
20250531,9,1326.229,1290.445,1283.992,95.794,41.801,1.216,0.0,0.0,0.0,962.994,1
20250601,9,1455.002,1418.841,1411.747,98.038,44.81,1.0,0.0,0.0,0.0,1058.81,1
20250602,9,1266.729,1236.246,1230.065,97.714,39.141,0.92,0.0,0.0,0.0,922.548,1
20250603,9,1194.144,1176.232,1170.351,99.044,36.403,0.0,0.0,0.0,0.0,877.763,1
20250604,9,1314.874,1295.151,1288.675,96.902,40.97,0.0,0.0,0.0,0.0,966.506,1
20250605,9,1278.46,1251.97,1245.71,98.537,39.174,0.581,0.0,0.0,0.0,934.282,1
20250606,9,1432.309,1375.144,1368.269,99.227,43.583,2.529,0.0,0.0,0.0,1026.201,1
20250607,9,1212.814,1181.577,1175.669,98.059,37.344,1.092,0.0,0.0,0.0,881.752,1
20250608,9,1009.57,991.783,986.824,96.719,31.516,0.266,0.0,0.0,0.0,740.118,1
20250609,9,1058.796,1042.636,1037.423,98.798,32.357,0.027,0.0,0.0,0.0,778.067,1
20250610,9,1424.746,1344.254,1337.533,97.906,43.938,4.213,0.0,0.0,0.0,1003.15,1
20250611,9,1559.117,1509.918,1502.369,99.665,47.233,1.681,0.0,0.0,0.0,1126.776,1
20250612,9,1142.31,1125.175,1119.549,96.016,35.921,0.0,0.0,0.0,0.0,839.662,1
20250613,9,1383.471,1354.812,1348.038,96.639,43.224,0.58,0.0,0.0,0.0,1011.028,1
20250614,9,1306.4,1252.137,1245.876,97.758,40.349,2.694,0.0,0.018,0.0,934.407,1
20250615,9,1395.634,1374.7,1367.826,97.18,43.362,0.0,0.0,0.0,0.0,1025.87,1
20250616,9,1543.233,1488.41,1480.968,96.687,48.192,2.084,0.0,0.0,0.0,1110.726,1
20250617,9,1151.171,1118.734,1113.14,100.0,34.758,1.338,0.0,0.0,0.0,834.855,1
20250618,9,1251.845,1203.744,1197.725,97.429,38.795,2.378,0.0,0.0,0.0,898.294,1
20250619,9,1187.041,1150.117,1144.367,99.792,35.915,1.635,0.0,0.0,0.0,858.275,1
20250620,9,1296.275,1271.862,1265.503,94.895,41.244,0.389,0.0,0.0,0.0,949.127,1
20250621,9,1202.311,1151.535,1145.777,97.946,37.063,2.765,0.0,0.0,0.0,859.333,1
20250622,9,1519.866,1497.068,1489.583,96.119,47.743,0.0,0.0,0.0,0.0,1117.187,1
20250623,9,1122.193,1090.32,1084.868,92.958,36.449,1.361,0.0,0.0,0.0,813.651,1
20250624,9,1646.374,1577.056,1569.171,99.89,49.764,2.752,0.0,0.0,0.0,1176.878,1
20250625,9,1167.561,1119.907,1114.307,98.987,35.613,2.621,0.0,0.0,0.0,835.731,1
20250626,9,1403.039,1344.017,1337.297,96.664,43.824,2.748,0.0,0.0,0.0,1002.973,1
20250627,9,1152.233,1131.15,1125.494,98.551,35.301,0.335,0.0,0.0,0.0,844.121,1
20250628,9,1239.788,1218.913,1212.818,96.161,38.927,0.187,0.0,0.0,0.0,909.614,1
20250629,9,1361.513,1306.154,1299.624,98.426,41.766,2.605,0.0,0.0,0.0,974.718,1
20250630,9,1252.725,1225.52,1219.392,100.0,37.824,0.682,0.0,0.0,0.0,914.544,1
20250701,9,1343.404,1305.935,1299.405,100.0,40.562,1.309,0.0,0.0,0.0,974.554,1
20250702,9,1386.228,1353.437,1346.669,94.602,44.243,0.879,0.0,0.0,0.0,1010.002,1
20250703,9,1397.061,1329.438,1322.791,97.716,43.168,3.391,0.0,0.0,0.0,992.093,1
20250704,9,1238.06,1212.028,1205.968,96.581,38.705,0.612,0.0,0.0,0.0,904.476,1
20250705,9,1353.5,1299.553,1293.055,96.998,42.131,2.524,0.0,0.0,0.0,969.791,1
20250706,9,1190.418,1130.753,1125.1,97.443,36.886,3.566,0.0,0.0,0.0,843.825,1
20250707,9,1230.007,1211.557,1205.499,97.005,38.285,0.0,0.0,0.0,0.0,904.124,1
20250708,9,1304.96,1266.068,1259.737,98.291,40.086,1.503,0.161,0.0,0.0,944.803,1
20250709,9,1308.228,1264.293,1257.972,98.212,40.219,1.887,0.298,0.0,0.0,943.479,1
20250710,9,1302.177,1266.033,1259.703,94.886,41.436,1.295,0.0,0.0,0.0,944.777,1
20250711,9,1142.395,1106.015,1100.485,100.0,34.493,1.71,0.0,0.0,0.0,825.364,1
20250712,9,1059.259,1024.158,1019.037,100.0,31.982,1.841,0.0,0.0,0.0,764.278,1
20250713,9,1484.51,1419.094,1411.999,96.886,46.263,2.951,0.0,0.0,0.0,1058.999,1
20250714,9,1292.46,1262.757,1256.443,94.151,41.448,0.81,0.0,0.0,0.0,942.332,1
20250715,9,1157.994,1116.146,1110.565,96.585,36.2,2.146,0.0,0.0,0.0,832.924,1
20250716,9,1004.17,982.043,977.133,97.884,30.975,0.714,0.0,0.0,0.0,732.85,1
20250717,9,1484.083,1430.741,1423.587,99.517,45.027,2.126,0.0,0.0,0.0,1067.69,1
20250718,9,1417.822,1396.555,1389.572,96.277,44.464,0.0,0.0,0.0,0.0,1042.179,1
20250719,9,1011.625,992.969,988.004,96.269,31.728,0.349,0.0,0.0,0.0,741.003,1
20250720,9,1258.467,1219.732,1213.633,97.733,38.878,1.602,0.0,0.0,0.0,910.225,1
20250721,9,1105.195,1077.262,1071.876,96.349,34.634,1.043,0.277,0.0,0.0,803.907,1
20250722,9,1094.231,1065.817,1060.488,96.474,34.246,1.113,0.0,0.487,0.0,795.366,1
20250723,9,1408.854,1379.941,1373.041,98.692,43.102,0.561,0.0,0.0,0.0,1029.781,1
20250724,9,1198.578,1180.599,1174.696,97.734,37.028,0.0,0.0,0.0,0.0,881.022,1
20250725,9,1220.513,1187.71,1181.771,96.348,38.248,1.206,0.0,0.022,0.0,886.328,1
20250726,9,1110.81,1094.148,1088.677,96.257,34.843,0.0,0.0,0.0,0.0,816.508,1
20250727,9,1294.579,1251.444,1245.187,96.438,40.531,1.86,0.0,0.0,0.0,933.89,1
20250728,9,1247.633,1228.918,1222.774,97.16,38.771,0.0,0.0,0.0,0.0,917.08,1
20250729,9,1129.168,1085.875,1080.445,94.961,35.902,2.37,0.0,0.0,0.0,810.334,1
20250730,9,1247.375,1200.786,1194.782,97.18,38.755,2.269,0.0,0.0,0.0,896.087,1
20250731,9,1387.878,1363.0,1356.185,95.682,43.796,0.297,0.0,0.0,0.0,1017.139,1
20250801,9,1331.541,1305.639,1299.111,98.343,40.881,0.452,0.0,0.378,0.0,974.333,1
20250802,9,1282.85,1232.899,1226.735,100.0,38.733,2.43,0.0,0.0,0.0,920.051,1
20250803,9,1342.981,1311.49,1304.933,98.841,41.024,0.858,0.0,0.0,0.0,978.699,1
20250804,9,1562.069,1519.171,1511.576,98.714,47.778,1.265,0.0,0.0,0.0,1133.682,1
20250805,9,1326.093,1306.202,1299.671,96.216,41.614,0.0,0.0,0.0,0.0,974.753,1
20250806,9,1264.288,1245.323,1239.097,96.264,39.655,0.0,0.0,0.0,0.0,929.322,1
20250807,9,1205.026,1170.403,1164.551,95.34,38.162,1.394,0.0,0.0,0.0,873.413,1
20250808,9,1212.722,1154.746,1148.972,98.621,37.128,3.331,0.0,0.0,0.0,861.729,1
20250809,9,1391.812,1355.091,1348.316,99.574,42.203,1.156,0.0,0.0,0.0,1011.237,1
20250810,9,1132.626,1115.636,1110.058,97.948,34.914,0.0,0.0,0.0,0.0,832.544,1
20250811,9,1459.009,1433.703,1426.534,97.918,44.989,0.238,0.0,0.0,0.0,1069.901,1
20250812,9,1052.554,1034.186,1029.015,98.952,32.117,0.249,0.0,0.0,0.0,771.761,1
20250813,9,1382.224,1351.809,1345.05,97.234,42.921,0.711,0.0,0.0,0.0,1008.788,1
20250814,9,1284.069,1233.63,1227.462,95.375,40.65,2.465,0.467,0.0,0.0,920.596,1
20250815,9,1428.993,1398.602,1391.609,98.855,43.646,0.636,0.0,0.196,0.0,1043.707,1
20250816,9,1168.665,1122.559,1116.946,96.655,36.507,2.482,0.0,0.0,0.0,837.71,1
20250817,9,1161.086,1143.67,1137.952,100.0,35.057,0.0,0.0,0.0,0.0,853.464,1
20250818,9,1404.858,1383.785,1376.866,99.5,42.63,0.0,0.0,0.0,0.0,1032.65,1
20250819,9,1309.171,1259.645,1253.347,97.068,40.722,2.318,0.0,0.0,0.0,940.01,1
20250820,9,1381.954,1349.79,1343.041,97.063,42.988,0.84,0.0,0.0,0.0,1007.281,1
20250821,9,1488.554,1441.787,1434.578,98.634,45.567,1.667,0.0,0.0,0.0,1075.934,1
20250822,9,1344.498,1290.847,1284.393,98.236,41.324,2.528,0.0,0.0,0.0,963.295,1
20250823,9,968.0,940.226,935.525,99.024,29.515,1.39,0.0,0.0,0.0,701.644,1
20250824,9,1357.467,1290.916,1284.462,97.524,42.027,3.454,0.0,0.0,0.0,963.346,1
20250825,9,1274.526,1221.366,1215.259,95.525,40.285,2.712,0.0,0.0,0.0,911.444,1
20250826,9,1166.193,1148.7,1142.956,100.0,35.211,0.0,0.0,0.0,0.0,857.217,1
20250827,9,1351.042,1292.725,1286.262,96.831,42.127,2.859,0.0,0.0,0.0,964.696,1
20250828,9,1261.572,1231.261,1225.105,96.166,39.609,0.916,0.0,0.0,0.0,918.829,1
20250829,9,1304.779,1282.931,1276.516,98.708,39.911,0.177,0.0,0.0,0.0,957.387,1
20250830,9,1202.554,1159.948,1154.148,99.809,36.378,2.074,0.0,0.0,0.0,865.611,1
20250831,9,1365.322,1340.603,1333.9,99.645,41.37,0.315,0.0,0.0,0.0,1000.425,1
20250901,9,1186.457,1148.51,1142.768,97.691,36.67,1.724,0.0,0.0,0.0,857.076,1
20250902,9,1024.469,988.291,983.35,97.628,31.684,2.062,0.0,0.307,0.0,737.512,1
20250903,9,1469.041,1426.721,1419.587,96.723,45.858,1.402,0.0,0.0,0.0,1064.69,1
20250904,9,1037.474,1013.748,1008.679,95.725,32.724,0.799,0.0,0.0,0.0,756.509,1
20250905,9,1124.498,1082.778,1077.364,97.053,34.983,2.244,0.0,0.0,0.0,808.023,1
20250906,9,1129.329,1110.954,1105.399,96.83,35.214,0.129,0.0,0.0,0.0,829.049,1
20250907,9,1127.901,1085.812,1080.383,94.835,35.91,2.266,0.0,0.0,0.0,810.287,1
20250908,9,1307.729,1282.354,1275.942,99.902,39.523,0.447,0.0,0.0,0.0,956.957,1
20250909,9,1434.394,1385.724,1378.796,95.709,45.251,1.922,0.0,0.0,0.0,1034.097,1
20250910,9,953.405,936.018,931.337,95.467,30.153,0.329,0.0,0.0,0.0,698.503,1
20250911,9,1468.647,1413.592,1406.524,100.0,44.343,2.283,0.0,0.0,0.0,1054.893,1
20250912,9,1088.917,1048.361,1043.12,94.154,34.919,2.258,0.0,0.0,0.0,782.34,1
20250913,9,1209.576,1174.473,1168.6,98.715,36.996,1.424,0.0,0.0,0.0,876.45,1
20250914,9,1223.006,1173.262,1167.396,97.445,37.895,2.606,0.0,0.0,0.0,875.547,1
20250915,9,1135.519,1106.213,1100.682,96.838,35.404,1.097,0.0,0.0,0.0,825.511,1
20250916,9,1234.704,1216.183,1210.102,96.442,38.655,0.0,0.0,0.0,0.0,907.577,1
20250917,9,1351.89,1330.75,1324.096,97.798,41.737,0.065,0.0,0.0,0.0,993.072,1
20250918,9,1139.125,1117.019,1111.433,99.051,34.723,0.447,0.0,0.0,0.0,833.575,1
20250919,9,1366.448,1325.453,1318.826,96.56,42.727,1.523,0.0,0.0,0.0,989.12,1
20250920,9,1061.449,1021.937,1016.828,96.938,33.061,2.256,0.379,0.0,0.0,762.621,1
20250921,9,1076.434,1043.52,1038.303,97.187,33.442,1.581,0.438,0.0,0.0,778.727,1
20250922,9,1094.647,1073.776,1068.407,98.864,33.431,0.413,0.0,0.0,0.0,801.305,1
20250923,9,1203.993,1185.934,1180.004,97.494,37.287,0.0,0.204,0.0,0.0,885.003,1
20250924,9,1020.144,994.673,989.7,96.386,31.956,1.012,0.0,0.0,0.0,742.275,1
20250925,9,1076.062,1056.717,1051.434,95.986,33.848,0.302,0.0,0.0,0.0,788.575,1
20250926,9,1271.915,1227.38,1221.243,99.552,38.576,2.032,0.0,0.0,0.0,915.932,1
20250927,9,1213.952,1179.618,1173.72,99.79,36.73,1.348,0.0,0.0,0.0,880.29,1
20250928,9,1177.131,1154.88,1149.106,98.188,36.197,0.396,0.0,0.0,0.0,861.829,1
20250929,9,1075.712,1052.738,1047.475,96.488,33.661,0.645,0.0,0.0,0.0,785.606,1
20250930,9,1239.81,1195.77,1189.792,97.898,38.238,2.083,0.0,0.0,0.0,892.344,1
20251001,9,1155.901,1136.171,1130.49,97.378,35.84,0.21,0.0,0.0,0.0,847.868,1
20251002,9,1179.138,1107.044,1101.509,95.126,37.426,4.684,0.0,0.0,0.0,826.132,1
20251003,9,1251.619,1232.845,1226.681,99.146,38.116,0.0,0.0,0.0,0.0,920.011,1
20251004,9,1121.752,1096.035,1090.555,98.258,34.47,0.805,0.0,0.0,0.0,817.916,1
20251005,9,1203.093,1180.998,1175.093,98.214,36.986,0.342,0.0,0.0,0.0,881.319,1
20251006,9,1101.985,1051.561,1046.304,97.025,34.293,3.123,0.0,0.0,0.0,784.728,1
20251007,9,1332.674,1289.186,1282.74,97.854,41.12,1.79,0.02,0.0,0.0,962.055,1
20251008,9,1113.474,1082.123,1076.712,96.91,34.691,1.336,0.0,0.0,0.0,807.534,1
20251009,9,1059.784,1018.261,1013.17,96.373,33.203,2.455,0.0,0.0,0.0,759.877,1
20251010,9,1122.68,1077.179,1071.793,100.0,33.897,2.592,0.0,0.0,0.0,803.845,1
20251011,9,1082.909,1053.469,1048.202,100.0,32.697,1.237,0.0,0.0,0.0,786.151,1
20251012,9,1161.472,1116.252,1110.671,97.156,36.095,2.43,0.0,0.0,0.0,833.003,1
20251013,9,1022.162,1000.242,995.241,99.811,30.921,0.654,0.0,0.0,0.0,746.431,1
20251014,9,1361.841,1306.965,1300.43,98.908,41.572,2.568,0.0,0.0,0.0,975.322,1
20251015,9,1110.649,1079.427,1074.029,98.333,34.102,1.331,0.0,0.0,0.0,805.522,1
20251016,9,1283.694,1224.327,1218.205,99.899,38.798,3.172,0.0,0.0,0.0,913.654,1
20251017,9,1320.311,1299.087,1292.592,98.101,40.636,0.109,0.0,0.0,0.0,969.444,1
20251018,9,956.566,937.456,932.769,95.517,30.237,0.505,0.0,0.0,0.0,699.576,1
20251019,9,1124.666,1100.896,1095.392,98.787,34.374,0.623,0.0,0.0,0.0,821.544,1
20251020,9,1221.979,1148.138,1142.397,97.395,37.882,4.612,0.0,0.0,0.0,856.798,1
20251021,9,1199.808,1166.75,1160.916,98.312,36.848,1.274,0.0,0.0,0.0,870.687,1
20251022,9,1208.725,1190.594,1184.641,96.912,37.658,0.0,0.362,0.0,0.0,888.481,1
20251023,9,1314.018,1290.771,1284.317,99.399,39.914,0.273,0.0,0.28,0.0,963.238,1
20251024,9,1117.794,1083.115,1077.7,100.0,33.75,1.627,0.0,0.0,0.0,808.275,1
20251025,9,1064.071,1047.111,1041.875,94.266,34.082,0.095,0.0,0.0,0.0,781.406,1
20251026,9,1076.558,1035.929,1030.749,95.659,33.98,2.309,0.0,0.0,0.0,773.062,1
20251027,9,1218.032,1184.552,1178.63,96.398,38.15,1.268,0.0,0.0,0.0,883.972,1
20251028,9,1209.848,1173.949,1168.079,97.399,37.505,1.49,0.0,0.0,0.0,876.06,1
20251029,9,1067.539,1026.354,1021.222,96.699,33.333,2.394,0.0,0.0,0.0,765.916,1
20251030,9,1247.973,1228.911,1222.766,95.878,39.3,0.028,0.0,0.0,0.0,917.075,1
20251031,9,1120.119,1090.728,1085.274,96.722,34.966,1.141,0.0,0.0,0.0,813.956,1
20251101,9,979.419,957.086,952.3,97.692,30.27,0.792,0.0,0.0,0.0,714.225,1
20251102,9,1148.097,1105.916,1100.386,98.915,35.045,2.207,0.0,0.0,0.0,825.29,1
20251103,9,1033.836,1012.132,1007.071,97.377,32.056,0.608,0.0,0.0,0.0,755.304,1
20251104,9,962.984,926.349,921.718,98.189,29.612,2.339,0.0,0.0,0.0,691.288,1
20251105,9,1029.882,1003.633,998.615,96.675,32.165,1.065,0.0,0.0,0.0,748.961,1
20251106,9,1141.471,1099.577,1094.079,95.57,36.062,2.203,0.469,0.0,0.0,820.559,1
20251107,9,1193.464,1152.484,1146.721,96.941,37.172,1.963,0.0,0.0,0.0,860.041,1
20251108,9,1165.067,1141.307,1135.6,96.711,36.374,0.548,0.0,0.0,0.0,851.7,1
20251109,9,872.922,852.918,848.653,96.709,27.253,0.804,0.0,0.0,0.0,636.49,1
20251110,9,1000.956,974.121,969.251,96.641,31.273,1.199,0.0,0.0,0.0,726.938,1
20251111,9,1418.862,1386.415,1379.483,97.001,44.164,0.799,0.0,0.0,0.0,1034.612,1
20251112,9,1269.886,1237.872,1231.683,98.996,38.731,1.037,0.0,0.0,0.0,923.762,1
20251113,9,1000.633,972.296,967.435,95.238,31.723,1.352,0.0,0.0,0.0,725.576,1
20251114,9,1173.162,1137.1,1131.414,98.809,35.848,1.598,0.0,0.0,0.0,848.561,1
20251115,9,1155.388,1102.867,1097.353,96.396,36.189,3.092,0.0,0.0,0.0,823.014,1
20251116,9,1227.138,1206.108,1200.078,97.886,37.851,0.217,0.0,0.0,0.0,900.058,1
20251117,9,1148.316,1105.736,1100.208,98.316,35.265,2.242,0.0,0.0,0.0,825.156,1
20251118,9,1244.595,1216.305,1210.224,98.588,38.117,0.785,0.0,0.0,0.0,907.668,1
20251119,9,1210.81,1170.713,1164.859,96.589,37.849,1.839,0.0,0.0,0.0,873.645,1
20251120,9,967.423,922.018,917.408,97.209,30.048,3.242,0.0,0.0,0.0,688.056,1
20251121,9,1211.065,1179.807,1173.908,96.458,37.909,1.097,0.0,0.0,0.0,880.431,1
20251122,9,1029.809,1006.88,1001.846,98.473,31.575,0.738,0.0,0.0,0.0,751.385,1
20251123,9,1159.736,1142.34,1136.628,96.071,36.448,0.0,0.0,0.0,0.0,852.471,1
20251124,9,939.938,925.839,921.21,98.12,28.923,0.0,0.223,0.0,0.0,690.907,1
20251125,9,1105.004,1066.818,1061.484,95.692,34.866,1.985,0.0,0.0,0.0,796.113,1
20251126,9,868.033,846.387,842.155,95.7,27.386,1.009,0.0,0.0,0.0,631.616,1
20251127,9,1147.503,1129.551,1123.903,97.343,35.592,0.065,0.0,0.0,0.0,842.927,1
20251128,9,1014.2,975.545,970.667,99.766,30.694,2.347,0.0,0.0,0.0,728.001,1
20251129,9,1116.109,1092.305,1086.843,98.003,34.386,0.642,0.0,0.0,0.0,815.132,1
20251130,9,1057.017,1020.961,1015.857,94.938,33.617,1.94,0.0,0.0,0.0,761.892,1
20251201,9,1037.864,1022.296,1017.184,97.617,32.101,0.0,0.0,0.0,0.0,762.888,1
20251202,9,1037.741,1006.294,1001.262,98.52,31.803,1.554,0.0,0.0,0.0,750.947,1
20251203,9,815.698,792.839,788.875,100.0,24.629,1.322,0.0,0.0,0.0,591.656,1
20251204,9,1082.788,1020.638,1015.535,97.572,33.506,4.304,0.0,0.0,0.0,761.651,1
20251205,9,1125.401,1083.667,1078.248,97.578,34.823,2.242,0.0,0.0,0.0,808.686,1
20251206,9,1002.555,987.517,982.579,98.103,30.856,0.0,0.0,0.0,0.0,736.934,1
20251207,9,1216.718,1187.254,1181.317,97.122,37.825,0.936,0.0,0.0,0.0,885.988,1
20251208,9,1046.892,999.781,994.782,99.973,31.618,3.046,0.0,0.0,0.0,746.086,1
20251209,9,1182.75,1165.009,1159.183,99.304,35.961,0.0,0.0,0.0,0.0,869.388,1
20251210,9,1253.447,1226.924,1220.79,97.516,38.809,0.625,0.0,0.0,0.0,915.592,1
20251211,9,1008.317,988.317,983.375,100.0,30.444,0.491,0.0,0.0,0.0,737.531,1
20251212,9,950.213,918.086,913.496,95.304,30.104,1.91,0.193,0.0,0.0,685.122,1
20251213,9,1040.469,1003.516,998.498,97.031,32.376,2.083,0.0,0.0,0.0,748.874,1
20251214,9,957.926,921.94,917.331,95.461,30.298,2.291,0.0,0.0,0.0,687.998,1
20251215,9,1157.125,1127.046,1121.411,97.32,35.9,1.116,0.0,0.0,0.0,841.058,1
20251216,9,996.231,974.299,969.428,96.036,31.321,0.712,0.0,0.0,0.0,727.071,1
20251217,9,1014.897,999.673,994.675,97.174,31.534,0.0,0.0,0.0,0.0,746.006,1
20251218,9,932.255,897.235,892.749,97.277,28.936,2.291,0.0,0.0,0.0,669.562,1
20251219,9,1208.761,1189.077,1183.132,98.121,37.195,0.13,0.0,0.0,0.0,887.349,1
20251220,9,1100.796,1067.385,1062.048,97.442,34.109,1.559,0.0,0.0,0.0,796.536,1
20251221,9,1109.169,1066.061,1060.731,96.489,34.708,2.423,0.0,0.0,0.0,795.548,1
20251222,9,988.55,967.175,962.339,97.753,30.534,0.672,0.0,0.0,0.0,721.755,1
20251223,9,1077.734,1061.515,1056.207,98.388,33.073,0.005,0.0,0.0,0.0,792.155,1
20251224,9,1177.289,1124.357,1118.735,100.0,35.546,3.042,0.0,0.0,0.0,839.051,1
20251225,9,981.668,944.502,939.779,96.942,30.575,2.321,0.0,0.0,0.0,704.834,1
20251226,9,850.503,835.511,831.333,95.612,26.858,0.267,0.0,0.0,0.0,623.5,1
20251227,9,1027.522,1008.307,1003.265,99.166,31.285,0.376,0.0,0.0,0.0,752.449,1
20251228,9,1038.467,1017.114,1012.029,99.515,31.508,0.565,0.0,0.0,0.0,759.021,1
20251229,9,1188.501,1140.386,1134.684,99.934,35.908,2.587,0.0,0.0,0.0,851.013,1
20251230,9,1046.079,1016.9,1011.816,96.767,32.64,1.309,0.291,0.0,0.0,758.862,1
20251231,9,1076.602,1036.903,1031.719,96.764,33.593,2.221,0.0,0.0,0.0,773.789,1
20240101,10,185.145,180.465,179.563,97.784,29.219,1.043,0.0,0.0,0.0,134.672,1
20240102,10,188.818,180.918,180.014,96.352,30.242,2.725,0.0,0.0,0.0,135.01,1
20240103,10,200.67,197.12,196.134,97.158,31.873,0.274,0.0,0.0,0.0,147.1,1
20240104,10,234.889,227.467,226.33,97.533,37.165,1.685,0.0,0.0,0.0,169.748,1
20240105,10,184.307,179.021,178.126,97.49,29.175,1.388,0.0,0.0,0.0,133.595,1
20240106,10,190.698,186.298,185.367,94.173,31.249,0.819,0.0,0.0,0.0,139.025,1
20240107,10,201.851,196.7,195.717,98.434,31.646,1.068,0.0,0.0,0.0,146.788,1
20240108,10,191.782,185.466,184.539,100.0,29.596,1.821,0.0,0.0,0.0,138.404,1
20240109,10,174.848,169.598,168.75,96.505,27.96,1.525,0.0,0.0,0.0,126.562,1
20240110,10,227.614,224.2,223.079,98.417,35.691,0.0,0.0,0.0,0.0,167.309,1
20240111,10,191.334,188.464,187.522,97.355,30.329,0.0,0.0,0.0,0.0,140.642,1
20240112,10,165.713,163.227,162.411,97.398,26.256,0.0,0.0,0.0,0.0,121.808,1
20240113,10,212.442,207.683,206.645,99.453,32.964,0.751,0.0,0.0,0.0,154.984,1
20240114,10,219.212,214.303,213.232,99.528,33.989,0.751,0.0,0.0,0.0,159.924,1
20240115,10,220.956,217.642,216.553,98.853,34.494,0.0,0.0,0.0,0.0,162.415,1
20240116,10,204.259,200.462,199.46,97.212,32.425,0.364,0.0,0.466,0.0,149.595,1
20240117,10,170.488,167.931,167.091,95.786,27.467,0.0,0.0,0.0,0.0,125.319,1
20240118,10,183.291,180.542,179.639,98.121,28.827,0.0,0.0,0.0,0.0,134.729,1
20240119,10,191.958,185.132,184.206,98.486,30.078,2.087,0.0,0.0,0.0,138.155,1
20240120,10,208.624,198.203,197.212,97.339,33.075,3.548,0.0,0.0,0.0,147.909,1
20240121,10,196.671,189.953,189.003,96.065,31.594,1.945,0.0,0.314,0.0,141.752,1
20240122,10,196.498,191.525,190.568,99.407,30.504,1.046,0.0,0.0,0.0,142.926,1
20240123,10,222.93,217.033,215.948,99.112,34.711,1.163,0.0,0.0,0.0,161.961,1
20240124,10,193.503,183.495,182.578,96.636,30.901,3.728,0.0,0.0,0.0,136.933,1
20240125,10,195.828,187.432,186.495,97.706,30.93,2.83,0.0,0.0,0.0,139.871,1
20240126,10,205.821,197.569,196.582,95.858,33.135,2.547,0.0,0.0,0.0,147.436,1
20240127,10,174.371,171.755,170.896,95.745,28.105,0.0,0.0,0.0,0.0,128.172,1
20240128,10,230.615,227.156,226.02,97.168,36.626,0.0,0.0,0.0,0.0,169.515,1
20240129,10,186.252,181.491,180.584,99.944,28.759,1.072,0.384,0.0,0.0,135.438,1
20240130,10,194.488,186.833,185.898,97.977,30.633,2.473,0.0,0.0,0.0,139.424,1
20240131,10,218.624,210.813,209.759,95.927,35.171,2.104,0.0,0.0,0.0,157.319,1
20240201,10,218.677,214.371,213.3,97.691,34.544,0.476,0.0,0.0,0.0,159.975,1
20240202,10,198.785,195.803,194.824,97.878,31.342,0.0,0.0,0.0,0.0,146.118,1
20240203,10,218.003,211.193,210.137,97.692,34.437,1.649,0.0,0.0,0.0,157.602,1
20240204,10,239.819,236.222,235.041,95.866,38.605,0.0,0.0,0.0,0.0,176.28,1
20240205,10,185.868,179.877,178.978,98.408,29.148,1.749,0.0,0.0,0.0,134.233,1
20240206,10,211.0,201.123,200.118,97.666,33.34,3.23,0.0,0.0,0.0,150.088,1
20240207,10,245.307,239.929,238.73,99.885,37.899,0.703,0.0,0.0,0.0,179.047,1
20240208,10,232.876,228.657,227.514,97.5,36.859,0.316,0.0,0.0,0.0,170.635,1
20240209,10,182.373,179.637,178.739,97.694,28.808,0.0,0.0,0.0,0.0,134.054,1
20240210,10,191.874,186.64,185.707,97.432,30.39,1.247,0.0,0.0,0.0,139.28,1
20240211,10,222.792,219.451,218.353,96.162,35.754,0.0,0.0,0.0,0.0,163.765,1
20240212,10,235.713,226.828,225.694,97.226,37.414,2.304,0.292,0.0,0.0,169.271,1
20240213,10,234.375,225.698,224.569,97.711,37.016,2.236,0.0,0.0,0.0,168.427,1
20240214,10,194.382,184.141,183.221,97.451,30.782,3.826,0.0,0.355,0.0,137.415,1
20240215,10,211.395,207.018,205.983,98.206,33.219,0.579,0.0,0.0,0.0,154.487,1
20240216,10,272.154,268.071,266.731,94.994,44.212,0.0,0.0,0.0,0.0,200.048,1
20240217,10,258.409,251.926,250.667,96.107,41.493,1.024,0.0,0.0,0.0,188.0,1
20240218,10,214.682,211.462,210.405,98.745,33.551,0.0,0.0,0.0,0.0,157.803,1
20240219,10,225.319,221.298,220.191,96.675,35.968,0.289,0.0,0.0,0.0,165.143,1
20240220,10,193.906,189.188,188.242,98.434,30.4,0.947,0.0,0.0,0.0,141.181,1
20240221,10,239.117,234.017,232.846,95.43,38.668,0.643,0.0,0.0,0.0,174.635,1
20240222,10,205.446,199.982,198.982,95.982,33.032,1.177,0.0,0.0,0.0,149.237,1
20240223,10,194.242,186.729,185.796,98.686,30.375,2.404,0.0,0.0,0.0,139.347,1
20240224,10,195.173,185.202,184.276,98.366,30.62,3.664,0.0,0.0,0.0,138.207,1
20240225,10,218.331,215.056,213.981,96.614,34.874,0.0,0.0,0.0,0.0,160.486,1
20240226,10,204.753,201.115,200.11,96.927,32.599,0.281,0.0,0.0,0.0,150.082,1
20240227,10,192.283,186.539,185.606,95.721,31.0,1.51,0.0,0.0,0.0,139.205,1
20240228,10,234.888,230.329,229.177,99.028,36.604,0.448,0.0,0.0,0.0,171.883,1
20240229,10,194.041,186.508,185.576,98.06,30.537,2.418,0.0,0.0,0.0,139.182,1
20240301,10,220.381,217.075,215.99,97.97,34.714,0.0,0.0,0.229,0.0,161.993,1
20240302,10,290.913,275.862,274.483,95.114,47.2,3.73,0.0,0.0,0.0,205.862,1
20240303,10,206.036,199.121,198.126,98.163,32.391,1.884,0.0,0.0,0.0,148.594,1
20240304,10,203.044,199.998,198.998,97.811,32.035,0.0,0.0,0.0,0.0,149.249,1
20240305,10,214.727,209.408,208.361,97.333,34.045,0.992,0.0,0.0,0.0,156.271,1
20240306,10,163.146,160.156,159.356,97.202,25.901,0.338,0.0,0.0,0.0,119.517,1
20240307,10,195.077,184.94,184.015,100.0,30.105,3.753,0.0,0.0,0.0,138.011,1
20240308,10,202.312,199.277,198.281,98.404,31.728,0.0,0.0,0.0,0.0,148.711,1
20240309,10,236.14,229.707,228.558,100.0,36.441,1.243,0.0,0.0,0.0,171.419,1
20240310,10,234.044,228.129,226.988,98.851,36.538,1.043,0.0,0.0,0.0,170.241,1
20240311,10,202.538,199.5,198.502,95.822,32.619,0.0,0.0,0.0,0.0,148.877,1
20240312,10,202.258,198.781,197.787,98.343,31.738,0.223,0.0,0.0,0.0,148.34,1
20240313,10,225.051,220.866,219.762,96.342,36.049,0.365,0.0,0.0,0.0,164.821,1
20240314,10,213.949,206.84,205.806,96.463,34.227,1.851,0.0,0.0,0.0,154.354,1
20240315,10,209.774,203.387,202.371,97.425,33.228,1.568,0.0,0.0,0.0,151.778,1
20240316,10,201.021,198.006,197.016,97.902,31.687,0.0,0.0,0.0,0.0,147.762,1
20240317,10,221.484,218.162,217.071,97.527,35.046,0.0,0.445,0.0,0.0,162.803,1
20240318,10,202.931,199.887,198.888,96.585,32.424,0.0,0.0,0.0,0.0,149.166,1
20240319,10,222.497,212.466,211.404,95.806,35.839,3.054,0.0,0.0,0.0,158.553,1
20240320,10,222.862,214.544,213.471,97.903,35.129,2.266,0.0,0.0,0.0,160.103,1
20240321,10,258.747,250.281,249.03,100.0,39.93,1.799,0.0,0.0,0.0,186.772,1
20240322,10,242.069,235.592,234.414,96.529,38.699,1.194,0.0,0.0,0.0,175.81,1
20240323,10,222.965,216.989,215.904,100.0,34.408,1.198,0.0,0.0,0.0,161.928,1
20240324,10,232.217,228.628,227.484,96.789,37.025,0.046,0.0,0.0,0.0,170.613,1
20240325,10,235.166,227.499,226.361,95.931,37.83,1.787,0.0,0.0,0.0,169.771,1
20240326,10,227.004,223.599,222.481,97.455,35.946,0.0,0.0,0.0,0.0,166.861,1
20240327,10,245.338,241.658,240.45,99.795,37.939,0.0,0.0,0.0,0.0,180.338,1
20240328,10,248.937,237.593,236.405,98.222,39.112,3.103,0.0,0.0,0.0,177.304,1
20240329,10,198.193,195.22,194.244,95.567,32.004,0.0,0.0,0.0,0.0,145.683,1
20240330,10,251.804,244.863,243.639,95.986,40.484,1.276,0.0,0.0,0.0,182.729,1
20240331,10,260.128,249.734,248.485,99.32,40.418,2.534,0.0,0.0,0.0,186.364,1
20240401,10,236.97,233.415,232.248,96.842,37.762,0.0,0.0,0.0,0.0,174.186,1
20240402,10,204.383,199.918,198.918,97.285,32.421,0.695,0.0,0.0,0.0,149.189,1
20240403,10,256.069,242.883,241.669,98.96,39.932,3.705,0.0,0.0,0.0,181.252,1
20240404,10,218.319,213.252,212.185,97.862,34.427,0.834,0.0,0.0,0.0,159.139,1
20240405,10,245.371,235.414,234.237,97.131,38.984,2.597,0.0,0.0,0.0,175.678,1
20240406,10,244.379,235.758,234.579,94.808,39.778,2.059,0.486,0.0,0.0,175.934,1
20240407,10,218.607,213.735,212.666,96.047,35.124,0.74,0.0,0.0,0.0,159.5,1
20240408,10,229.343,223.166,222.05,98.823,35.814,1.211,0.0,0.0,0.0,166.538,1
20240409,10,213.166,206.925,205.891,98.501,33.396,1.449,0.0,0.0,0.0,154.418,1
20240410,10,222.046,216.362,215.28,98.018,34.959,1.076,0.0,0.0,0.0,161.46,1
20240411,10,222.18,215.79,214.711,100.0,34.287,1.397,0.0,0.0,0.0,161.033,1
20240412,10,231.881,227.733,226.594,99.035,36.133,0.293,0.0,0.0,0.0,169.945,1
20240413,10,215.511,209.18,208.134,98.677,33.704,1.46,0.0,0.0,0.0,156.1,1
20240414,10,205.052,199.209,198.213,96.386,32.83,1.37,0.0,0.0,0.0,148.659,1
20240415,10,212.444,207.565,206.528,98.132,33.409,0.808,0.0,0.0,0.0,154.896,1
20240416,10,246.515,241.285,240.078,97.49,39.022,0.631,0.0,0.0,0.0,180.059,1
20240417,10,230.41,226.953,225.819,97.308,36.541,0.0,0.0,0.0,0.0,169.364,1
20240418,10,243.465,237.814,236.624,100.0,37.572,0.834,0.0,0.0,0.0,177.468,1
20240419,10,248.177,241.711,240.502,97.036,39.469,1.122,0.0,0.0,0.0,180.377,1
20240420,10,246.376,242.032,240.822,96.626,39.349,0.267,0.0,0.0,0.0,180.616,1
20240421,10,235.842,232.304,231.143,98.201,37.062,0.0,0.0,0.0,0.0,173.357,1
20240422,10,209.198,204.735,203.711,96.506,33.453,0.643,0.0,0.0,0.0,152.783,1
20240423,10,240.66,232.671,231.508,99.251,37.419,1.847,0.0,0.0,0.0,173.631,1
20240424,10,234.785,228.621,227.478,97.349,37.219,1.143,0.0,0.0,0.0,170.609,1
20240425,10,245.176,238.329,237.137,96.21,39.326,1.312,0.0,0.0,0.0,177.853,1
20240426,10,269.141,260.68,259.377,97.172,42.743,1.669,0.0,0.0,0.0,194.533,1
20240427,10,260.34,252.976,251.711,97.416,41.242,1.349,0.0,0.0,0.0,188.783,1
20240428,10,220.159,216.857,215.772,96.552,35.188,0.0,0.0,0.0,0.0,161.829,1
20240429,10,243.197,235.939,234.759,96.922,38.722,1.507,0.0,0.0,0.0,176.069,1
20240430,10,214.168,209.901,208.851,96.612,34.21,0.5,0.0,0.226,0.0,156.638,1
20240501,10,251.729,245.679,244.45,98.926,39.269,0.917,0.0,0.0,0.0,183.338,1
20240502,10,222.032,218.411,217.319,96.093,35.657,0.133,0.0,0.0,0.0,162.989,1
20240503,10,237.915,229.547,228.399,97.213,37.768,2.048,0.0,0.0,0.0,171.299,1
20240504,10,260.693,256.782,255.498,96.681,41.611,0.0,0.228,0.0,0.0,191.624,1
20240505,10,225.097,220.12,219.019,94.851,36.623,0.722,0.0,0.0,0.0,164.265,1
20240506,10,210.173,200.409,199.407,98.555,32.91,3.194,0.0,0.0,0.0,149.555,1
20240507,10,249.324,230.59,229.437,99.035,38.851,6.106,0.052,0.261,0.0,172.078,1
20240508,10,271.248,264.263,262.941,97.87,42.77,1.092,0.0,0.0,0.0,197.206,1
20240509,10,259.99,251.126,249.871,97.267,41.249,1.938,0.0,0.0,0.0,187.403,1
20240510,10,240.182,235.01,233.835,97.965,37.835,0.664,0.0,0.0,0.0,175.376,1
20240511,10,224.762,217.778,216.69,97.119,35.714,1.631,0.0,0.0,0.0,162.517,1
20240512,10,233.78,228.939,227.794,96.885,37.237,0.579,0.0,0.0,0.0,170.846,1
20240513,10,273.987,265.437,264.11,97.339,43.438,1.645,0.0,0.0,0.0,198.083,1
20240514,10,275.567,264.192,262.871,95.94,44.325,2.668,0.0,0.0,0.0,197.153,1
20240515,10,235.794,232.257,231.095,95.258,38.199,0.0,0.0,0.0,0.0,173.322,1
20240516,10,249.391,245.511,244.283,96.857,39.735,0.057,0.0,0.0,0.0,183.213,1
20240517,10,234.638,229.017,227.872,98.358,36.814,0.909,0.0,0.0,0.0,170.904,1
20240518,10,261.386,251.423,250.165,98.122,41.109,2.347,0.0,0.0,0.0,187.624,1
20240519,10,226.822,217.071,215.986,98.251,35.626,2.841,0.041,0.0,0.0,161.99,1
20240520,10,261.123,257.206,255.92,97.694,41.248,0.0,0.0,0.0,0.0,191.94,1
20240521,10,239.213,234.031,232.861,99.629,37.053,0.676,0.0,0.0,0.0,174.646,1
20240522,10,213.075,206.685,205.652,97.439,33.746,1.522,0.0,0.0,0.0,154.239,1
20240523,10,235.169,231.642,230.483,97.357,37.277,0.0,0.0,0.0,0.0,172.862,1
20240524,10,286.381,273.947,272.577,97.866,45.158,2.885,0.0,0.0,0.0,204.433,1
20240525,10,251.995,245.236,244.01,96.527,40.287,1.2,0.0,0.0,0.0,183.007,1
20240526,10,195.128,191.037,190.082,97.328,30.939,0.605,0.0,0.0,0.0,142.561,1
20240527,10,269.286,255.396,254.119,93.941,44.237,3.714,0.0,0.0,0.0,190.589,1
20240528,10,248.369,236.532,235.35,98.168,39.044,3.316,0.0,0.0,0.0,176.512,1
20240529,10,217.491,212.386,211.325,96.499,34.781,0.86,0.0,0.0,0.0,158.493,1
20240530,10,249.129,241.747,240.539,98.871,38.885,1.485,0.0,0.0,0.0,180.404,1
20240531,10,248.155,239.527,238.33,98.206,38.995,2.007,0.0,0.0,0.0,178.747,1
20240601,10,267.068,260.633,259.33,99.623,41.37,0.924,0.0,0.0,0.0,194.497,1
20240602,10,232.485,227.624,226.485,95.188,37.691,0.6,0.0,0.0,0.0,169.864,1
20240603,10,232.626,229.136,227.991,99.646,36.027,0.0,0.0,0.0,0.0,170.993,1
20240604,10,249.842,246.095,244.864,94.372,40.855,0.0,0.0,0.0,0.0,183.648,1
20240605,10,235.578,229.314,228.168,95.275,38.158,1.177,0.517,0.0,0.0,171.126,1
20240606,10,225.683,222.298,221.187,96.381,36.135,0.0,0.0,0.0,0.0,165.89,1
20240607,10,241.987,235.705,234.526,98.115,38.061,1.113,0.0,0.0,0.0,175.894,1
20240608,10,238.044,227.854,226.715,98.888,37.148,2.823,0.0,0.0,0.0,170.036,1
20240609,10,259.529,251.798,250.539,98.093,40.829,1.501,0.0,0.0,0.0,187.904,1
20240610,10,245.37,241.69,240.481,96.211,39.357,0.0,0.0,0.0,0.0,180.361,1
20240611,10,244.655,236.295,235.113,97.104,38.881,1.946,0.0,0.0,0.0,176.335,1
20240612,10,234.696,230.025,228.875,98.805,36.657,0.497,0.0,0.0,0.0,171.656,1
20240613,10,211.93,205.471,204.443,98.75,33.119,1.572,0.0,0.0,0.0,153.333,1
20240614,10,307.033,297.014,295.529,97.217,48.738,1.79,0.0,0.0,0.0,221.647,1
20240615,10,269.966,262.944,261.63,98.749,42.189,1.118,0.0,0.0,0.0,196.222,1
20240616,10,233.981,227.145,226.009,96.933,37.251,1.443,0.0,0.0,0.0,169.507,1
20240617,10,231.754,225.896,224.766,95.298,37.529,1.043,0.0,0.0,0.0,168.575,1
20240618,10,300.405,295.899,294.419,96.57,48.005,0.0,0.0,0.0,0.0,220.814,1
20240619,10,205.356,198.795,197.801,96.778,32.746,1.721,0.0,0.0,0.0,148.351,1
20240620,10,195.853,190.977,190.022,97.395,31.033,1.005,0.0,0.0,0.0,142.516,1
20240621,10,232.828,223.892,222.773,97.212,36.961,2.374,0.0,0.0,0.0,167.08,1
20240622,10,271.073,267.007,265.672,94.896,44.082,0.0,0.0,0.0,0.0,199.254,1
20240623,10,271.884,263.915,262.596,98.21,42.722,1.453,0.0,0.0,0.0,196.947,1
20240624,10,217.618,212.715,211.652,97.616,34.403,0.764,0.0,0.0,0.0,158.739,1
20240625,10,256.866,252.699,251.435,97.85,40.511,0.124,0.212,0.0,0.0,188.576,1
20240626,10,263.719,256.102,254.822,98.796,41.193,1.409,0.0,0.0,0.0,191.116,1
20240627,10,240.648,228.689,227.545,97.322,38.159,3.523,0.0,0.0,0.0,170.659,1
20240628,10,235.394,231.863,230.704,98.679,36.812,0.0,0.0,0.0,0.0,173.028,1
20240629,10,288.092,281.623,280.214,97.485,45.606,0.757,0.0,0.0,0.0,210.161,1
20240630,10,321.572,308.054,306.513,96.704,51.317,2.745,0.0,0.0,0.0,229.885,1
20240701,10,275.762,268.609,267.266,96.861,43.935,1.111,0.0,0.0,0.0,200.45,1
20240702,10,253.823,243.804,242.585,98.613,39.721,2.485,0.0,0.0,0.0,181.938,1
20240703,10,254.605,245.355,244.129,99.426,39.518,2.165,0.0,0.0,0.0,183.096,1
20240704,10,253.732,244.82,243.596,95.189,41.135,2.043,0.0,0.0,0.0,182.697,1
20240705,10,259.795,251.392,250.135,98.229,40.815,1.761,0.0,0.0,0.0,187.601,1
20240706,10,232.589,226.093,224.963,98.365,36.49,1.312,0.0,0.0,0.0,168.722,1
20240707,10,234.337,230.822,229.668,96.933,37.307,0.0,0.0,0.0,0.0,172.251,1
20240708,10,257.905,251.126,249.871,97.045,41.012,1.146,0.0,0.0,0.0,187.403,1
20240709,10,241.361,237.74,236.551,99.41,37.468,0.0,0.0,0.0,0.0,177.414,1
20240710,10,260.792,255.121,253.845,99.26,40.546,0.685,0.0,0.0,0.0,190.384,1
20240711,10,231.219,221.566,220.458,98.262,36.313,2.716,0.0,0.0,0.0,165.343,1
20240712,10,245.532,241.849,240.64,97.681,38.79,0.0,0.0,0.0,0.0,180.48,1
20240713,10,247.148,237.634,236.446,97.038,39.304,2.385,0.0,0.0,0.0,177.334,1
20240714,10,269.741,257.936,256.646,97.016,42.907,2.92,0.0,0.0,0.0,192.484,1
20240715,10,220.54,214.289,213.218,95.255,35.729,1.355,0.0,0.0,0.0,159.913,1
20240716,10,244.154,237.011,235.826,98.886,38.103,1.448,0.0,0.0,0.0,176.869,1
20240717,10,223.986,218.638,217.545,95.945,36.027,0.901,0.0,0.0,0.0,163.159,1
20240718,10,258.775,249.601,248.353,99.778,40.023,2.076,0.0,0.0,0.0,186.265,1
20240719,10,239.126,232.186,231.025,97.934,37.681,1.424,0.0,0.0,0.0,173.269,1
20240720,10,285.578,271.836,270.477,96.56,45.641,3.362,0.0,0.0,0.0,202.858,1
20240721,10,225.806,217.565,216.477,96.909,35.958,2.182,0.0,0.0,0.0,162.358,1
20240722,10,221.702,213.93,212.86,97.624,35.046,2.036,0.0,0.0,0.0,159.645,1
20240723,10,224.306,219.644,218.546,95.564,36.222,0.587,0.0,0.0,0.0,163.909,1
20240724,10,232.079,228.598,227.455,95.954,37.325,0.0,0.0,0.0,0.0,170.591,1
20240725,10,239.729,228.924,227.779,97.468,37.956,3.053,0.0,0.0,0.0,170.834,1
20240726,10,227.46,224.049,222.928,95.987,36.569,0.0,0.0,0.0,0.0,167.196,1
20240727,10,261.904,257.975,256.686,95.999,42.102,0.0,0.0,0.0,0.0,192.514,1
20240728,10,281.358,277.138,275.752,99.904,43.461,0.0,0.0,0.0,0.0,206.814,1
20240729,10,294.75,286.61,285.177,97.119,46.836,1.281,0.0,0.0,0.0,213.882,1
20240730,10,251.908,247.058,245.823,94.143,41.293,0.432,0.0,0.0,0.0,184.367,1
20240731,10,271.47,267.398,266.061,95.525,43.856,0.0,0.0,0.0,0.0,199.546,1
20240801,10,255.38,251.176,249.92,98.378,40.06,0.148,0.0,0.0,0.0,187.44,1
20240802,10,250.636,246.61,245.377,97.346,39.733,0.108,0.0,0.0,0.0,184.032,1
20240803,10,209.343,206.203,205.172,96.606,33.441,0.0,0.0,0.0,0.0,153.879,1
20240804,10,262.203,258.001,256.711,99.572,40.637,0.104,0.0,0.0,0.0,192.533,1
20240805,10,243.343,236.484,235.302,94.55,39.718,1.339,0.0,0.0,0.0,176.476,1
20240806,10,292.507,288.119,286.678,95.609,47.213,0.0,0.0,0.0,0.0,215.009,1
20240807,10,290.606,282.598,281.185,100.0,44.847,1.275,0.0,0.0,0.0,210.889,1
20240808,10,242.399,237.396,236.209,98.01,38.167,0.573,0.0,0.0,0.0,177.157,1
20240809,10,247.288,237.561,236.374,97.367,39.194,2.47,0.0,0.0,0.0,177.28,1
20240810,10,267.43,263.418,262.101,98.862,41.745,0.0,0.0,0.0,0.0,196.576,1
20240811,10,248.342,243.287,242.07,93.628,40.933,0.544,0.0,0.0,0.0,181.553,1
20240812,10,178.6,175.122,174.246,97.478,28.275,0.454,0.0,0.0,0.0,130.685,1
20240813,10,221.428,215.695,214.617,97.422,35.075,1.106,0.0,0.0,0.0,160.963,1
20240814,10,201.766,194.141,193.17,97.765,31.849,2.314,0.0,0.0,0.0,144.878,1
20240815,10,225.892,217.82,216.731,99.639,34.986,2.105,0.0,0.0,0.0,162.548,1
20240816,10,285.092,275.493,274.115,100.0,43.996,1.896,0.0,0.0,0.0,205.586,1
20240817,10,245.019,236.576,235.393,96.436,39.209,1.975,0.0,0.0,0.0,176.545,1
20240818,10,286.961,276.747,275.363,95.876,46.189,2.091,0.0,0.0,0.0,206.522,1
20240819,10,241.803,233.164,231.999,98.701,37.806,2.104,0.0,0.0,0.0,173.999,1
20240820,10,268.5,259.909,258.61,97.944,42.305,1.726,0.0,0.0,0.0,193.957,1
20240821,10,223.307,217.272,216.185,98.877,34.852,1.221,0.0,0.0,0.0,162.139,1
20240822,10,245.378,238.587,237.394,97.494,38.84,1.287,0.0,0.0,0.0,178.045,1
20240823,10,277.461,271.187,269.832,98.538,43.453,0.773,0.0,0.0,0.0,202.374,1
20240824,10,286.588,272.066,270.705,96.386,45.885,3.622,0.0,0.0,0.0,203.029,1
20240825,10,225.597,219.588,218.49,98.336,35.403,1.181,0.0,0.0,0.0,163.868,1
20240826,10,228.569,223.37,222.253,98.517,35.804,0.786,0.0,0.0,0.0,166.69,1
20240827,10,296.044,288.281,286.84,96.433,47.376,1.139,0.0,0.0,0.0,215.13,1
20240828,10,251.839,248.061,246.821,100.0,38.864,0.0,0.0,0.0,0.0,185.116,1
20240829,10,229.33,225.89,224.761,95.646,37.002,0.0,0.0,0.0,0.0,168.571,1
20240830,10,255.569,248.086,246.846,97.515,40.444,1.449,0.0,0.0,0.0,185.134,1
20240831,10,198.717,194.851,193.877,97.841,31.343,0.452,0.0,0.0,0.0,145.408,1
20240901,10,239.211,231.032,229.877,95.623,38.605,1.948,0.082,0.0,0.0,172.408,1
20240902,10,186.698,178.824,177.929,95.721,30.099,2.759,0.0,0.0,0.0,133.447,1
20240903,10,254.95,251.126,249.871,97.658,40.288,0.0,0.176,0.0,0.0,187.403,1
20240904,10,252.571,243.608,242.39,96.738,40.291,2.08,0.0,0.0,0.0,181.792,1
20240905,10,267.569,261.85,260.541,95.443,43.263,0.647,0.0,0.0,0.0,195.405,1
20240906,10,286.579,279.049,277.653,98.553,44.874,1.145,0.0,0.0,0.0,208.24,1
20240907,10,222.953,216.564,215.481,96.591,35.621,1.387,0.0,0.0,0.0,161.611,1
20240908,10,256.134,245.18,243.954,97.666,40.472,2.819,0.0,0.0,0.0,182.966,1
20240909,10,263.429,255.538,254.26,99.788,40.739,1.518,0.0,0.0,0.0,190.695,1
20240910,10,231.9,225.413,224.286,97.667,36.642,1.317,0.0,0.0,0.0,168.215,1
20240911,10,253.638,249.817,248.568,96.759,40.453,0.007,0.0,0.0,0.0,186.426,1
20240912,10,229.062,223.001,221.886,98.015,36.065,1.164,0.0,0.0,0.0,166.415,1
20240913,10,255.718,246.709,245.476,95.732,41.222,2.054,0.0,0.0,0.0,184.107,1
20240914,10,229.145,220.3,219.199,98.188,36.014,2.396,0.0,0.0,0.0,164.399,1
20240915,10,235.722,228.121,226.98,96.321,37.766,1.751,0.0,0.0,0.0,170.235,1
20240916,10,250.189,245.263,244.036,98.719,39.111,0.476,0.0,0.0,0.0,183.027,1
20240917,10,225.3,221.587,220.479,98.758,35.206,0.15,0.0,0.0,0.0,165.359,1
20240918,10,220.774,213.044,211.979,98.374,34.633,2.032,0.0,0.0,0.0,158.984,1
20240919,10,219.957,216.657,215.574,98.203,34.565,0.0,0.0,0.0,0.0,161.681,1
20240920,10,221.577,214.779,213.705,96.473,35.444,1.592,0.0,0.0,0.0,160.278,1
20240921,10,234.737,226.678,225.545,99.087,36.558,1.962,0.0,0.0,0.0,169.159,1
20240922,10,197.224,192.906,191.941,99.096,30.714,0.7,0.0,0.0,0.0,143.956,1
20240923,10,249.92,243.145,241.93,96.349,40.03,1.229,0.0,0.0,0.0,181.447,1
20240924,10,208.761,205.63,204.601,97.404,33.075,0.0,0.0,0.0,0.0,153.451,1
20240925,10,222.843,213.717,212.648,95.596,35.974,2.635,0.0,0.0,0.0,159.486,1
20240926,10,197.525,193.664,192.695,96.501,31.588,0.462,0.0,0.0,0.0,144.522,1
20240927,10,216.774,208.185,207.144,97.623,34.267,2.5,0.0,0.0,0.0,155.358,1
20240928,10,213.572,206.054,205.024,95.371,34.558,2.051,0.0,0.0,0.0,153.768,1
20240929,10,192.837,187.897,186.957,95.524,31.153,1.078,0.488,0.0,0.0,140.218,1
20240930,10,188.407,185.581,184.653,96.448,30.146,0.0,0.0,0.0,0.0,138.49,1
20241001,10,255.177,245.762,244.533,97.244,40.495,2.223,0.0,0.0,0.0,183.4,1
20241002,10,267.936,261.074,259.768,96.328,42.925,1.077,0.0,0.0,0.0,194.826,1
20241003,10,245.632,238.831,237.637,99.191,38.215,1.288,0.0,0.0,0.0,178.228,1
20241004,10,203.849,199.618,198.62,96.633,32.554,0.584,0.0,0.0,0.0,148.965,1
20241005,10,241.911,236.235,235.054,96.994,38.489,0.859,0.0,0.0,0.0,176.291,1
20241006,10,193.029,189.923,188.973,94.365,31.567,0.111,0.0,0.0,0.0,141.73,1
20241007,10,185.669,180.753,179.849,96.871,29.578,1.165,0.0,0.0,0.0,134.887,1
20241008,10,220.093,214.388,213.316,96.692,35.127,1.108,0.0,0.0,0.0,159.987,1
20241009,10,249.038,243.344,242.127,98.688,38.943,0.798,0.0,0.0,0.0,181.595,1
20241010,10,180.541,175.611,174.732,99.145,28.102,1.25,0.0,0.0,0.0,131.049,1
20241011,10,255.118,251.291,250.035,98.294,40.053,0.0,0.0,0.0,0.0,187.526,1
20241012,10,218.396,214.707,213.633,94.624,35.618,0.192,0.0,0.0,0.0,160.225,1
20241013,10,236.484,231.653,230.495,98.295,37.128,0.551,0.0,0.0,0.0,172.871,1
20241014,10,275.91,264.466,263.144,97.951,43.469,2.688,0.0,0.0,0.0,197.358,1
20241015,10,199.11,195.346,194.369,95.372,32.218,0.396,0.0,0.0,0.0,145.777,1
20241016,10,213.576,207.027,205.992,95.056,34.673,1.59,0.0,0.0,0.0,154.494,1
20241017,10,234.785,227.873,226.733,98.102,36.933,1.466,0.0,0.0,0.0,170.05,1
20241018,10,196.159,190.13,189.179,96.487,31.374,1.598,0.0,0.0,0.0,141.884,1
20241019,10,239.709,236.113,234.932,97.901,37.785,0.0,0.0,0.0,0.0,176.199,1
20241020,10,207.425,202.163,201.152,97.483,32.836,1.052,0.0,0.186,0.0,150.864,1
20241021,10,215.273,212.044,210.984,96.086,34.574,0.0,0.31,0.0,0.0,158.238,1
20241022,10,251.185,241.342,240.135,100.0,38.763,2.456,0.0,0.0,0.0,180.101,1
20241023,10,227.223,222.984,221.869,97.184,36.081,0.371,0.0,0.0,0.0,166.402,1
20241024,10,225.669,222.284,221.173,97.671,35.656,0.0,0.0,0.0,0.0,165.88,1
20241025,10,223.451,220.1,218.999,100.0,34.483,0.0,0.0,0.0,0.0,164.249,1
20241026,10,220.833,214.933,213.859,98.371,34.644,1.19,0.0,0.0,0.0,160.394,1
20241027,10,221.301,217.496,216.409,97.578,34.999,0.223,0.0,0.0,0.0,162.306,1
20241028,10,177.4,173.762,172.894,98.522,27.787,0.559,0.0,0.0,0.0,129.67,1
20241029,10,232.77,225.468,224.341,99.033,36.272,1.662,0.0,0.0,0.0,168.256,1
20241030,10,185.306,176.054,175.173,97.34,29.378,3.546,0.0,0.0,0.0,131.38,1
20241031,10,186.043,179.364,178.467,93.986,30.547,2.122,0.0,0.0,0.0,133.85,1
20241101,10,188.306,183.633,182.715,96.861,30.001,0.997,0.0,0.0,0.0,137.036,1
20241102,10,218.149,210.919,209.865,96.421,34.914,1.841,0.0,0.0,0.0,157.399,1
20241103,10,259.954,251.628,250.37,100.0,40.116,1.729,0.0,0.0,0.0,187.777,1
20241104,10,203.652,200.598,199.595,95.119,33.041,0.0,0.0,0.0,0.0,149.696,1
20241105,10,190.67,187.38,186.443,96.627,30.451,0.229,0.0,0.0,0.0,139.832,1
20241106,10,215.061,210.474,209.422,97.509,34.036,0.642,0.0,0.0,0.0,157.067,1
20241107,10,274.294,266.105,264.775,98.625,42.92,1.508,0.0,0.0,0.0,198.581,1
20241108,10,213.133,209.936,208.886,97.227,33.829,0.0,0.0,0.0,0.0,156.664,1
20241109,10,219.424,216.133,215.052,97.212,34.833,0.0,0.0,0.0,0.0,161.289,1
20241110,10,227.33,219.202,218.106,97.057,36.146,2.107,0.0,0.533,0.0,163.58,1
20241111,10,223.018,216.085,215.005,98.7,34.87,1.633,0.0,0.0,0.0,161.254,1
20241112,10,243.499,237.036,235.851,94.064,39.948,1.172,0.0,0.0,0.0,176.888,1
20241113,10,215.204,206.465,205.433,98.62,33.675,2.6,0.0,0.0,0.0,154.075,1
20241114,10,210.146,206.994,205.959,99.142,32.711,0.0,0.0,0.0,0.0,154.469,1
20241115,10,237.072,231.93,230.771,97.05,37.697,0.679,0.0,0.0,0.0,173.078,1
20241116,10,203.275,193.828,192.859,97.149,32.29,3.195,0.0,0.0,0.0,144.644,1
20241117,10,225.554,217.33,216.243,97.862,35.568,2.179,0.0,0.0,0.0,162.182,1
20241118,10,221.934,215.828,214.749,97.693,35.058,1.27,0.0,0.0,0.0,161.062,1
20241119,10,186.506,179.891,178.992,96.204,29.917,2.078,0.0,0.0,0.0,134.244,1
20241120,10,228.086,219.981,218.881,95.846,36.724,2.085,0.0,0.0,0.0,164.16,1
20241121,10,194.44,189.218,188.272,96.996,30.936,1.204,0.0,0.0,0.0,141.204,1
20241122,10,206.968,197.972,196.982,94.971,33.631,2.89,0.0,0.0,0.0,147.737,1
20241123,10,192.431,189.545,188.597,98.235,30.23,0.0,0.0,0.0,0.0,141.448,1
20241124,10,201.709,195.801,194.822,99.072,31.42,1.451,0.0,0.0,0.0,146.116,1
20241125,10,208.082,204.712,203.689,97.398,32.969,0.121,0.0,0.0,0.0,152.766,1
20241126,10,227.987,219.593,218.495,97.281,36.166,2.215,0.0,0.0,0.0,163.871,1
20241127,10,179.003,173.813,172.944,97.325,28.383,1.421,0.0,0.0,0.0,129.708,1
20241128,10,171.911,165.688,164.859,96.575,27.47,2.152,0.0,0.0,0.0,123.645,1
20241129,10,198.724,193.699,192.731,94.531,32.442,1.044,0.0,0.0,0.0,144.548,1
20241130,10,238.747,233.097,231.932,98.368,37.455,0.88,0.0,0.0,0.0,173.949,1
20241201,10,212.862,208.266,207.224,98.989,33.185,0.669,0.0,0.0,0.0,155.418,1
20241202,10,227.693,221.198,220.092,98.138,35.804,1.373,0.0,0.0,0.0,165.069,1
20241203,10,173.503,166.224,165.393,96.223,27.826,2.737,0.0,0.0,0.0,124.044,1
20241204,10,205.104,199.534,198.537,96.692,32.735,1.234,0.0,0.0,0.0,148.902,1
20241205,10,198.558,193.808,192.839,99.249,30.873,0.906,0.0,0.0,0.0,144.629,1
20241206,10,196.313,189.882,188.933,98.326,30.811,1.803,0.0,0.0,0.0,141.7,1
20241207,10,202.677,197.128,196.142,96.99,32.248,1.257,0.0,0.0,0.0,147.107,1
20241208,10,216.947,210.337,209.286,97.708,34.265,1.57,0.0,0.0,0.0,156.964,1
20241209,10,193.515,189.436,188.489,99.525,30.006,0.617,0.0,0.0,0.0,141.367,1
20241210,10,231.109,225.422,224.295,98.826,36.089,0.975,0.0,0.0,0.0,168.222,1
20241211,10,221.257,215.272,214.196,96.411,35.416,1.223,0.0,0.0,0.0,160.647,1
20241212,10,207.227,204.118,203.098,98.818,32.362,0.0,0.0,0.0,0.0,152.323,1
20241213,10,211.135,204.869,203.845,97.932,33.271,1.49,0.0,0.0,0.0,152.884,1
20241214,10,198.703,194.932,193.957,100.0,30.664,0.404,0.0,0.0,0.0,145.468,1
20241215,10,184.743,181.529,180.621,95.398,29.885,0.243,0.0,0.0,0.0,135.466,1
20241216,10,186.265,180.311,179.409,97.957,29.344,1.722,0.0,0.0,0.0,134.557,1
20241217,10,191.705,185.261,184.335,97.605,30.31,1.89,0.0,0.0,0.0,138.251,1
20241218,10,209.794,203.303,202.286,98.007,33.034,1.619,0.0,0.0,0.0,151.715,1
20241219,10,188.823,182.282,181.37,96.674,30.142,1.994,0.0,0.0,0.0,136.028,1
20241220,10,219.947,211.905,210.846,98.424,34.486,2.189,0.0,0.0,0.0,158.134,1
20241221,10,159.977,157.578,156.79,97.957,25.203,0.0,0.0,0.0,0.0,117.592,1
20241222,10,182.913,175.994,175.115,94.778,29.782,2.317,0.0,0.0,0.0,131.336,1
20241223,10,221.882,215.738,214.659,98.014,34.935,1.288,0.0,0.0,0.0,160.995,1
20241224,10,251.926,246.409,245.177,98.378,39.518,0.7,0.0,0.0,0.0,183.883,1
20241225,10,188.916,182.552,181.639,100.0,29.154,1.897,0.0,0.0,0.0,136.229,1
20241226,10,174.91,169.466,168.618,99.214,27.206,1.637,0.0,0.0,0.0,126.464,1
20241227,10,187.276,184.466,183.544,97.193,29.735,0.0,0.0,0.0,0.0,137.658,1
20241228,10,222.12,216.028,214.948,97.987,34.982,1.262,0.0,0.0,0.0,161.211,1
20241229,10,187.444,183.661,182.742,96.37,30.016,0.526,0.0,0.0,0.0,137.057,1
20241230,10,169.536,164.752,163.928,94.948,27.555,1.342,0.0,0.0,0.0,122.946,1
20241231,10,208.847,203.733,202.714,98.001,32.887,0.963,0.0,0.0,0.0,152.035,1
20250101,10,208.656,205.5,204.473,96.516,33.362,0.013,0.0,0.0,0.0,153.354,1
20250102,10,179.511,176.818,175.934,96.203,28.796,0.0,0.0,0.0,0.0,131.951,1
20250103,10,208.687,202.244,201.233,99.842,32.256,1.612,0.0,0.0,0.0,150.925,1
20250104,10,222.726,219.363,218.266,99.56,34.523,0.01,0.0,0.0,0.0,163.7,1
20250105,10,217.201,207.418,206.381,96.233,34.831,3.05,0.0,0.0,0.0,154.786,1
20250106,10,219.715,213.969,212.899,97.444,34.796,1.132,0.0,0.0,0.0,159.675,1
20250107,10,200.765,196.94,195.955,98.333,31.508,0.411,0.0,0.0,0.0,146.966,1
20250108,10,188.229,181.693,180.784,95.809,30.318,2.003,0.0,0.0,0.0,135.588,1
20250109,10,190.85,187.987,187.047,98.833,29.8,0.0,0.0,0.0,0.0,140.285,1
20250110,10,217.687,212.394,211.332,100.0,33.594,0.946,0.0,0.0,0.0,158.499,1
20250111,10,223.734,217.384,216.297,97.275,35.494,1.359,0.0,0.0,0.0,162.223,1
20250112,10,227.121,216.839,215.755,97.27,36.033,3.073,0.0,0.0,0.0,161.816,1
20250113,10,233.903,225.961,224.832,96.486,37.411,1.924,0.0,0.0,0.0,168.624,1
20250114,10,205.901,198.444,197.452,96.327,32.986,2.154,0.0,0.0,0.0,148.089,1
20250115,10,194.583,188.524,187.582,95.878,31.319,1.638,0.0,0.0,0.0,140.686,1
20250116,10,233.804,229.105,227.959,99.171,36.382,0.518,0.0,0.0,0.0,170.969,1
20250117,10,169.518,165.374,164.547,97.471,26.839,0.959,0.0,0.0,0.0,123.41,1
20250118,10,219.874,213.256,212.19,96.776,35.062,1.533,0.0,0.0,0.0,159.142,1
20250119,10,212.598,209.409,208.362,97.359,33.698,0.0,0.0,0.0,0.0,156.271,1
20250120,10,204.23,199.087,198.092,99.022,31.828,1.033,0.0,0.0,0.0,148.569,1
20250121,10,215.772,212.536,211.473,96.809,34.396,0.0,0.0,0.0,0.0,158.605,1
20250122,10,191.798,188.195,187.254,94.077,31.462,0.384,0.0,0.0,0.0,140.441,1
20250123,10,200.514,197.507,196.519,99.222,31.186,0.0,0.0,0.0,0.0,147.389,1
20250124,10,237.081,228.385,227.243,99.057,36.935,2.201,0.0,0.0,0.0,170.432,1
20250125,10,263.348,259.398,258.101,97.146,41.834,0.0,0.0,0.0,0.0,193.576,1
20250126,10,191.689,183.696,182.778,93.542,31.624,2.711,0.0,0.0,0.0,137.083,1
20250127,10,189.577,184.612,183.689,98.67,29.65,1.136,0.0,0.235,0.0,137.767,1
20250128,10,191.899,182.946,182.031,96.282,30.758,3.214,0.0,0.0,0.0,136.523,1
20250129,10,209.635,204.454,203.431,96.994,33.354,0.986,0.0,0.0,0.0,152.573,1
20250130,10,185.696,177.46,176.573,98.063,29.223,2.98,0.0,0.0,0.0,132.43,1
20250131,10,191.263,186.173,185.242,97.307,30.333,1.179,0.0,0.0,0.0,138.932,1
20250201,10,208.476,202.79,201.777,97.264,33.077,1.246,0.0,0.0,0.0,151.332,1
20250202,10,211.265,204.486,203.464,95.791,34.035,1.735,0.0,0.0,0.0,152.598,1
20250203,10,227.571,222.509,221.396,97.344,36.077,0.735,0.0,0.0,0.0,166.047,1
20250204,10,191.591,188.717,187.773,95.785,30.867,0.0,0.0,0.0,0.0,140.83,1
20250205,10,210.088,202.062,201.051,96.274,33.676,2.356,0.0,0.0,0.0,150.789,1
20250206,10,232.245,223.488,222.37,99.764,35.925,2.306,0.0,0.0,0.0,166.778,1
20250207,10,231.725,224.042,222.922,98.442,36.326,1.843,0.0,0.0,0.0,167.192,1
20250208,10,190.746,183.843,182.924,97.038,30.335,2.151,0.0,0.0,0.0,137.193,1
20250209,10,194.42,190.381,189.429,96.417,31.118,0.586,0.0,0.0,0.0,142.072,1
20250210,10,201.454,198.433,197.44,97.632,31.843,0.0,0.0,0.0,0.0,148.08,1
20250211,10,223.54,220.187,219.086,97.908,35.234,0.0,0.0,0.0,0.0,164.315,1
20250212,10,218.024,213.601,212.533,96.192,34.978,0.536,0.0,0.0,0.0,159.4,1
20250213,10,201.631,198.607,197.613,97.125,32.037,0.0,0.0,0.0,0.0,148.21,1
20250214,10,211.651,205.146,204.12,99.244,32.911,1.597,0.0,0.0,0.0,153.09,1
20250215,10,207.856,200.551,199.548,97.352,32.949,2.045,0.0,0.0,0.0,149.661,1
20250216,10,260.702,256.007,254.727,95.518,42.119,0.305,0.0,0.0,0.0,191.046,1
20250217,10,210.205,203.633,202.615,96.815,33.506,1.651,0.0,0.0,0.0,151.961,1
20250218,10,214.88,208.632,207.589,99.111,33.458,1.429,0.0,0.0,0.0,155.692,1
20250219,10,249.837,245.193,243.967,98.364,39.196,0.364,0.0,0.0,0.0,182.975,1
20250220,10,221.662,218.337,217.245,95.503,35.818,0.0,0.0,0.0,0.0,162.934,1
20250221,10,190.593,187.734,186.796,97.464,30.178,0.0,0.0,0.0,0.0,140.097,1
20250222,10,286.806,278.801,277.407,99.177,44.628,1.311,0.0,0.0,0.0,208.055,1
20250223,10,216.186,208.133,207.092,99.534,33.518,2.259,0.0,0.0,0.0,155.319,1
20250224,10,187.614,184.8,183.876,97.114,29.813,0.0,0.0,0.0,0.0,137.907,1
20250225,10,208.72,202.599,201.586,99.811,32.271,1.454,0.0,0.0,0.0,151.189,1
20250226,10,212.128,205.843,204.814,96.714,33.848,1.485,0.0,0.0,0.0,153.61,1
20250227,10,233.208,224.683,223.559,98.32,36.604,2.188,0.0,0.0,0.0,167.67,1
20250228,10,216.744,209.194,208.148,96.079,34.813,2.013,0.0,0.0,0.0,156.111,1
20250301,10,246.358,238.654,237.461,96.81,39.271,1.652,0.141,0.0,0.0,178.096,1
20250302,10,225.481,222.099,220.988,97.447,35.708,0.0,0.0,0.0,0.0,165.741,1
20250303,10,221.441,215.259,214.182,97.581,35.02,1.312,0.0,0.0,0.0,160.637,1
20250304,10,209.459,201.206,200.2,97.185,33.26,2.477,0.0,0.0,0.0,150.15,1
20250305,10,218.674,209.09,208.044,97.877,34.478,2.927,0.0,0.0,0.0,156.033,1
20250306,10,189.822,186.975,186.04,98.101,29.86,0.0,0.265,0.0,0.0,139.53,1
20250307,10,239.441,233.107,231.941,99.169,37.261,1.163,0.0,0.0,0.0,173.956,1
20250308,10,201.238,195.045,194.069,94.627,32.818,1.601,0.0,0.0,0.0,145.552,1
20250309,10,180.941,170.147,169.296,96.031,29.077,4.533,0.0,0.0,0.0,126.972,1
20250310,10,222.959,219.614,218.516,95.952,35.859,0.0,0.0,0.0,0.0,163.887,1
20250311,10,245.446,236.193,235.012,97.91,38.686,2.304,0.0,0.0,0.0,176.259,1
20250312,10,204.312,199.389,198.392,97.731,32.262,0.923,0.0,0.0,0.0,148.794,1
20250313,10,192.311,187.195,186.259,96.522,30.747,1.178,0.0,0.0,0.0,139.694,1
20250314,10,199.805,194.273,193.302,96.529,31.943,1.288,0.0,0.0,0.0,144.976,1
20250315,10,185.032,178.607,177.714,97.614,29.252,2.002,0.0,0.0,0.0,133.285,1
20250316,10,216.23,211.308,210.251,94.673,35.247,0.788,0.259,0.0,0.0,157.689,1
20250317,10,228.111,222.768,221.654,97.567,36.08,0.855,0.0,0.0,0.0,166.241,1
20250318,10,260.923,254.919,253.644,97.345,41.364,0.813,0.0,0.0,0.0,190.233,1
20250319,10,208.68,201.252,200.246,98.19,32.798,2.091,0.0,0.0,0.0,150.185,1
20250320,10,243.316,239.666,238.468,98.577,38.091,0.0,0.0,0.0,0.0,178.851,1
20250321,10,244.714,233.301,232.134,99.632,37.904,3.212,0.0,0.0,0.0,174.101,1
20250322,10,210.702,207.153,206.117,95.778,33.949,0.187,0.0,0.0,0.0,154.588,1
20250323,10,186.615,179.454,178.557,97.557,29.52,2.373,0.0,0.0,0.0,133.918,1
20250324,10,196.611,189.9,188.95,98.587,30.776,1.942,0.0,0.0,0.0,141.713,1
20250325,10,253.01,249.215,247.969,97.486,40.052,0.0,0.0,0.0,0.0,185.977,1
20250326,10,217.996,210.687,209.634,96.975,34.691,1.881,0.0,0.0,0.0,157.225,1
20250327,10,244.629,236.316,235.135,99.92,37.782,1.927,0.0,0.0,0.0,176.351,1
20250328,10,225.886,218.238,217.146,97.183,35.87,1.915,0.0,0.0,0.0,162.86,1
20250329,10,223.147,217.075,215.99,96.327,35.75,1.24,0.0,0.0,0.0,161.992,1
20250330,10,253.422,243.554,242.336,95.326,41.026,2.43,0.0,0.0,0.0,181.752,1
20250331,10,262.776,254.374,253.102,100.0,40.552,1.723,0.0,0.0,0.0,189.827,1
20250401,10,241.622,234.517,233.344,97.574,38.215,1.462,0.0,0.0,0.0,175.008,1
20250402,10,229.991,224.32,223.199,97.797,36.292,0.98,0.0,0.0,0.0,167.399,1
20250403,10,259.448,251.604,250.346,99.066,40.416,1.546,0.0,0.0,0.0,187.76,1
20250404,10,235.915,228.303,227.161,97.799,37.226,1.753,0.0,0.0,0.0,170.371,1
20250405,10,281.581,276.012,274.632,99.544,43.653,0.485,0.0,0.0,0.0,205.974,1
20250406,10,210.601,201.297,200.291,96.387,33.718,2.962,0.0,0.0,0.0,150.218,1
20250407,10,243.691,240.036,238.836,98.707,38.099,0.0,0.0,0.0,0.0,179.127,1
20250408,10,236.787,232.439,231.277,96.862,37.725,0.341,0.0,0.0,0.0,173.458,1
20250409,10,204.195,201.132,200.126,96.381,32.695,0.0,0.0,0.0,0.0,150.095,1
20250410,10,200.19,195.77,194.791,98.293,31.43,0.718,0.0,0.0,0.0,146.094,1
20250411,10,211.01,203.932,202.912,99.689,32.665,1.882,0.0,0.0,0.0,152.184,1
20250412,10,233.727,224.598,223.476,97.142,37.13,2.442,0.0,0.0,0.0,167.607,1
20250413,10,223.387,218.547,217.454,97.472,35.367,0.677,0.0,0.0,0.0,163.091,1
20250414,10,190.02,183.441,182.524,98.02,29.916,1.992,0.0,0.0,0.0,136.893,1
20250415,10,265.068,256.695,255.412,96.503,42.388,1.684,0.0,0.0,0.0,191.559,1
20250416,10,233.834,227.609,226.471,98.722,36.553,1.18,0.0,0.0,0.0,169.853,1
20250417,10,248.626,243.442,242.225,99.147,38.698,0.594,0.0,0.0,0.0,181.669,1
20250418,10,252.922,246.302,245.071,99.996,39.033,1.134,0.0,0.0,0.0,183.803,1
20250419,10,206.228,201.509,200.501,100.0,31.825,0.8,0.0,0.0,0.0,150.376,1
20250420,10,239.837,234.008,232.838,98.916,37.417,0.944,0.0,0.319,0.0,174.629,1
20250421,10,228.419,224.116,222.995,99.173,35.544,0.39,0.0,0.0,0.0,167.246,1
20250422,10,221.021,217.706,216.617,96.793,35.238,0.0,0.0,0.0,0.0,162.463,1
20250423,10,216.606,212.03,210.97,96.093,34.786,0.622,0.0,0.0,0.0,158.227,1
20250424,10,223.364,218.725,217.631,93.69,36.791,0.586,0.0,0.0,0.0,163.223,1
20250425,10,215.937,206.199,205.168,99.564,33.469,3.055,0.0,0.0,0.0,153.876,1
20250426,10,305.889,301.301,299.794,97.336,48.497,0.0,0.0,0.0,0.0,224.846,1
20250427,10,221.896,218.567,217.475,98.734,34.682,0.0,0.0,0.0,0.0,163.106,1
20250428,10,233.07,226.29,225.159,96.535,37.259,1.43,0.0,0.0,0.0,168.869,1
20250429,10,221.556,214.983,213.909,97.49,35.071,1.489,0.0,0.0,0.0,160.431,1
20250430,10,234.164,227.699,226.56,97.742,36.971,1.28,0.0,0.0,0.0,169.92,1
20250501,10,208.479,200.87,199.866,97.631,32.953,2.182,0.173,0.0,0.0,149.9,1
20250502,10,264.216,258.289,256.998,96.905,42.076,0.755,0.0,0.0,0.0,192.748,1
20250503,10,242.427,236.888,235.703,97.302,38.449,0.797,0.0,0.0,0.0,176.778,1
20250504,10,234.081,225.981,224.851,98.936,36.512,1.99,0.0,0.0,0.0,168.638,1
20250505,10,271.391,265.488,264.161,97.238,43.071,0.685,0.0,0.0,0.0,198.121,1
20250506,10,280.123,275.921,274.541,96.843,44.638,0.0,0.0,0.0,0.0,205.906,1
20250507,10,244.083,238.607,237.414,96.509,39.03,0.755,0.0,0.0,0.0,178.06,1
20250508,10,243.171,237.011,235.826,97.857,38.348,1.049,0.0,0.0,0.0,176.869,1
20250509,10,237.524,233.961,232.792,97.404,37.632,0.0,0.0,0.0,0.0,174.594,1
20250510,10,243.759,235.226,234.049,96.009,39.181,2.031,0.0,0.0,0.0,175.537,1
20250511,10,241.314,235.507,234.329,97.522,38.186,0.92,0.0,0.0,0.0,175.747,1
20250512,10,265.158,255.477,254.2,95.198,42.983,2.184,0.0,0.0,0.0,190.65,1
20250513,10,275.572,269.154,267.809,97.411,43.657,0.842,0.0,0.0,0.0,200.856,1
20250514,10,260.927,253.844,252.575,97.118,41.461,1.233,0.0,0.0,0.0,189.431,1
20250515,10,229.384,225.943,224.814,95.998,36.875,0.0,0.0,0.0,0.0,168.61,1
20250516,10,236.562,233.014,231.849,98.5,37.062,0.0,0.0,0.048,0.0,173.887,1
20250517,10,286.149,273.224,271.858,96.988,45.53,3.063,0.0,0.0,0.0,203.894,1
20250518,10,285.375,279.301,277.904,95.247,46.237,0.638,0.0,0.0,0.0,208.428,1
20250519,10,248.198,243.271,242.054,94.979,40.327,0.493,0.0,0.0,0.0,181.541,1
20250520,10,230.677,220.289,219.188,95.227,37.383,3.049,0.0,0.0,0.0,164.391,1
20250521,10,231.334,226.704,225.571,98.701,36.17,0.509,0.0,0.0,0.0,169.178,1
20250522,10,232.869,228.519,227.377,96.916,37.08,0.374,0.0,0.0,0.0,170.533,1
20250523,10,246.695,238.138,236.947,99.01,38.451,1.999,0.0,0.0,0.0,177.71,1
20250524,10,226.799,223.397,222.28,96.729,36.183,0.0,0.0,0.0,0.0,166.71,1
20250525,10,223.805,216.815,215.731,98.543,35.048,1.648,0.421,0.0,0.0,161.798,1
20250526,10,224.276,216.978,215.893,97.765,35.402,1.781,0.0,0.0,0.0,161.92,1
20250527,10,224.383,221.018,219.913,96.414,35.915,0.0,0.0,0.0,0.0,164.934,1
20250528,10,240.428,235.335,234.159,97.971,37.871,0.628,0.0,0.0,0.0,175.619,1
20250529,10,251.651,245.458,244.231,98.488,39.431,0.976,0.0,0.0,0.0,183.173,1
20250530,10,253.901,245.378,244.151,96.405,40.643,1.885,0.0,0.0,0.0,183.113,1
20250531,10,256.785,248.06,246.82,98.057,40.413,1.927,0.0,0.0,0.0,185.115,1
20250601,10,281.76,273.099,271.734,97.83,44.446,1.598,0.0,0.0,0.0,203.8,1
20250602,10,276.811,271.393,270.036,97.03,44.025,0.464,0.0,0.0,0.0,202.527,1
20250603,10,268.197,255.044,253.768,100.0,41.388,3.456,0.0,0.0,0.0,190.326,1
20250604,10,247.497,242.504,241.291,98.497,38.777,0.525,0.0,0.0,0.0,180.969,1
20250605,10,309.912,305.264,303.737,99.287,48.169,0.0,0.0,0.0,0.0,227.803,1
20250606,10,247.341,243.631,242.413,100.0,38.17,0.0,0.0,0.0,0.0,181.81,1
20250607,10,227.696,224.28,223.159,97.38,36.084,0.0,0.0,0.0,0.0,167.369,1
20250608,10,260.619,249.322,248.075,95.777,41.992,2.878,0.0,0.0,0.0,186.056,1
20250609,10,283.878,279.62,278.222,97.997,44.704,0.0,0.0,0.0,0.0,208.667,1
20250610,10,291.153,286.786,285.352,96.396,46.611,0.0,0.0,0.0,0.0,214.014,1
20250611,10,261.558,249.826,248.576,97.855,41.249,3.031,0.0,0.0,0.0,186.432,1
20250612,10,309.735,299.132,297.636,99.379,48.097,1.953,0.0,0.0,0.0,223.227,1
20250613,10,269.234,257.044,255.759,98.657,42.114,3.074,0.0,0.0,0.0,191.819,1
20250614,10,227.298,223.751,222.632,98.527,35.601,0.062,0.0,0.0,0.0,166.974,1
20250615,10,239.514,229.648,228.499,96.986,38.111,2.659,0.0,0.0,0.0,171.374,1
20250616,10,234.644,228.232,227.091,98.04,36.934,1.251,0.0,0.0,0.0,170.318,1
20250617,10,228.623,219.182,218.086,98.339,35.877,2.669,0.0,0.0,0.0,163.565,1
20250618,10,242.231,236.273,235.092,98.775,37.845,0.974,0.0,0.0,0.0,176.319,1
20250619,10,223.091,215.135,214.059,96.435,35.7,2.098,0.0,0.0,0.0,160.544,1
20250620,10,247.502,239.08,237.885,95.436,40.021,1.932,0.0,0.0,0.0,178.413,1
20250621,10,276.464,272.317,270.955,100.0,42.664,0.0,0.0,0.0,0.0,203.216,1
20250622,10,257.742,253.219,251.953,97.528,40.783,0.259,0.0,0.0,0.0,188.965,1
20250623,10,264.985,260.872,259.568,99.592,41.06,0.053,0.0,0.0,0.0,194.676,1
20250624,10,248.399,242.399,241.187,97.029,39.507,0.929,0.0,0.0,0.0,180.891,1
20250625,10,286.957,276.968,275.583,97.648,45.35,2.011,0.0,0.0,0.0,206.687,1
20250626,10,273.604,266.597,265.264,99.828,42.295,1.077,0.0,0.0,0.0,198.948,1
20250627,10,245.481,234.002,232.832,98.637,38.406,3.224,0.0,0.0,0.0,174.624,1
20250628,10,216.318,210.363,209.311,98.385,33.93,1.272,0.0,0.0,0.0,156.983,1
20250629,10,229.633,223.911,222.792,93.205,38.021,1.007,0.0,0.0,0.0,167.094,1
20250630,10,242.793,233.975,232.805,96.941,38.651,2.164,0.0,0.0,0.0,174.604,1
20250701,10,279.358,275.167,273.791,98.395,43.814,0.0,0.0,0.0,0.0,205.344,1
20250702,10,264.839,258.621,257.328,96.322,42.431,0.861,0.0,0.0,0.0,192.996,1
20250703,10,285.411,278.793,277.399,99.862,44.106,0.831,0.0,0.0,0.0,208.049,1
20250704,10,272.929,262.961,261.646,95.324,44.185,2.185,0.0,0.0,0.0,196.235,1
20250705,10,266.628,262.628,261.315,94.824,43.392,0.0,0.0,0.0,0.0,195.986,1
20250706,10,254.528,250.71,249.457,98.262,39.974,0.0,0.0,0.0,0.0,187.093,1
20250707,10,242.873,232.373,231.211,96.314,38.915,2.866,0.0,0.0,0.0,173.408,1
20250708,10,309.194,299.264,297.767,97.812,48.783,1.738,0.0,0.0,0.0,223.326,1
20250709,10,239.385,231.741,230.583,98.277,37.59,1.719,0.0,0.0,0.0,172.937,1
20250710,10,239.379,229.616,228.468,94.62,39.042,2.618,0.0,0.0,0.0,171.351,1
20250711,10,264.338,260.372,259.071,94.076,43.362,0.0,0.0,0.0,0.0,194.303,1
20250712,10,266.205,262.212,260.901,95.58,42.981,0.0,0.0,0.0,0.0,195.675,1
20250713,10,295.261,288.933,287.488,95.181,47.872,0.653,0.0,0.0,0.0,215.616,1
20250714,10,267.108,263.101,261.786,97.587,42.24,0.0,0.0,0.0,0.0,196.339,1
20250715,10,263.993,252.007,250.747,97.851,41.634,3.086,0.0,0.0,0.0,188.061,1
20250716,10,268.219,259.018,257.723,98.913,41.847,1.96,0.0,0.0,0.0,193.292,1
20250717,10,254.781,246.181,244.95,96.664,40.675,1.904,0.0,0.0,0.0,183.712,1
20250718,10,248.694,237.469,236.282,97.227,39.473,3.059,0.0,0.0,0.0,177.211,1
20250719,10,253.672,248.598,247.355,96.77,40.453,0.508,0.0,0.0,0.0,185.517,1
20250720,10,236.84,228.755,227.611,98.914,36.951,1.943,0.0,0.0,0.0,170.708,1
20250721,10,211.489,205.879,204.849,98.54,33.121,1.17,0.0,0.0,0.0,153.637,1
20250722,10,245.545,238.309,237.118,97.814,38.739,1.469,0.0,0.0,0.0,177.838,1
20250723,10,251.642,241.472,240.264,96.436,40.269,2.58,0.0,0.0,0.0,180.198,1
20250724,10,208.549,204.001,202.981,96.235,33.443,0.691,0.0,0.0,0.0,152.236,1
20250725,10,260.987,253.334,252.067,96.037,41.938,1.454,0.0,0.0,0.0,189.05,1
20250726,10,249.073,240.792,239.588,97.706,39.34,1.853,0.0,0.0,0.0,179.691,1
20250727,10,240.139,235.402,234.225,98.18,37.745,0.48,0.0,0.0,0.0,175.669,1
20250728,10,239.541,231.925,230.765,97.558,37.891,1.705,0.171,0.0,0.0,173.074,1
20250729,10,266.384,261.268,259.962,97.445,42.187,0.427,0.0,0.0,0.0,194.971,1
20250730,10,269.162,261.501,260.194,97.414,42.64,1.367,0.0,0.0,0.0,195.145,1
20250731,10,241.146,234.824,233.65,96.697,38.485,1.139,0.0,0.0,0.0,175.238,1
20250801,10,254.805,248.72,247.477,97.924,40.155,0.901,0.0,0.423,0.0,185.607,1
20250802,10,254.826,248.775,247.531,97.224,40.448,0.888,0.0,0.0,0.0,185.648,1
20250803,10,247.996,240.913,239.708,97.1,39.414,1.377,0.0,0.0,0.0,179.781,1
20250804,10,249.618,242.901,241.687,97.156,39.649,1.209,0.0,0.0,0.0,181.265,1
20250805,10,270.519,262.789,261.475,96.061,43.458,1.378,0.0,0.0,0.0,196.106,1
20250806,10,221.258,214.603,213.53,98.343,34.72,1.531,0.0,0.0,0.0,160.147,1
20250807,10,229.738,222.836,221.721,94.402,37.556,1.527,0.0,0.0,0.0,166.291,1
20250808,10,230.798,222.984,221.869,99.072,35.951,1.914,0.0,0.0,0.0,166.402,1
20250809,10,212.275,208.116,207.075,96.88,33.813,0.466,0.632,0.0,0.0,155.307,1
20250810,10,245.342,240.03,238.83,94.504,40.063,0.675,0.0,0.0,0.0,179.123,1
20250811,10,250.818,247.055,245.82,97.577,39.668,0.0,0.0,0.0,0.0,184.365,1
20250812,10,214.486,211.268,210.212,96.545,34.284,0.0,0.0,0.0,0.0,157.659,1
20250813,10,280.463,273.655,272.286,97.083,44.582,0.942,0.0,0.0,0.0,204.215,1
20250814,10,227.171,221.461,220.353,97.855,35.826,1.029,0.0,0.0,0.0,165.265,1
20250815,10,236.334,226.787,225.653,98.96,36.855,2.578,0.0,0.0,0.0,169.24,1
20250816,10,235.873,229.83,228.681,97.557,37.312,1.078,0.0,0.0,0.0,171.511,1
20250817,10,238.49,234.173,233.002,98.061,37.532,0.315,0.0,0.0,0.0,174.752,1
20250818,10,228.801,217.832,216.743,96.503,36.588,3.344,0.0,0.0,0.0,162.557,1
20250819,10,275.228,262.469,261.156,96.653,43.944,3.183,0.0,0.0,0.0,195.867,1
20250820,10,271.446,265.83,264.501,100.0,41.89,0.578,0.0,0.0,0.0,198.375,1
20250821,10,297.808,291.659,290.201,98.202,46.799,0.573,0.0,0.219,0.0,217.651,1
20250822,10,222.09,215.504,214.426,96.676,35.451,1.488,0.0,0.0,0.0,160.82,1
20250823,10,225.388,222.007,220.897,97.304,35.746,0.0,0.0,0.0,0.0,165.673,1
20250824,10,223.885,214.433,213.361,98.629,35.03,2.764,0.0,0.0,0.0,160.02,1
20250825,10,296.747,280.391,278.989,97.061,47.181,4.073,0.0,0.0,0.0,209.242,1
20250826,10,252.773,248.982,247.737,98.313,39.678,0.0,0.0,0.0,0.0,185.803,1
20250827,10,243.508,232.544,231.381,98.019,38.338,3.048,0.0,0.0,0.0,173.536,1
20250828,10,231.764,226.384,225.252,97.081,36.842,0.834,0.0,0.0,0.0,168.939,1
20250829,10,248.874,240.856,239.652,96.908,39.632,1.748,0.0,0.0,0.0,179.739,1
20250830,10,206.835,200.463,199.46,98.373,32.447,1.605,0.0,0.0,0.0,149.595,1
20250831,10,197.07,191.953,190.994,98.471,30.884,1.113,0.0,0.0,0.0,143.245,1
20250901,10,255.634,247.822,246.583,100.0,39.45,1.58,0.0,0.0,0.0,184.937,1
20250902,10,247.086,240.379,239.177,99.496,38.324,1.233,0.0,0.0,0.0,179.383,1
20250903,10,205.139,199.637,198.639,99.349,31.865,1.2,0.0,0.062,0.0,148.979,1
20250904,10,253.634,246.868,245.634,97.579,40.112,1.185,0.0,0.0,0.0,184.225,1
20250905,10,215.386,201.48,200.473,98.0,33.917,5.032,0.0,0.0,0.0,150.355,1
20250906,10,282.363,275.042,273.667,97.716,44.593,1.109,0.0,0.0,0.0,205.25,1
20250907,10,241.286,230.36,229.208,97.107,38.345,3.074,0.0,0.0,0.0,171.906,1
20250908,10,247.684,242.398,241.186,100.0,38.223,0.644,0.0,0.0,0.0,180.889,1
20250909,10,209.634,206.106,205.076,100.0,32.351,0.186,0.336,0.0,0.0,153.807,1
20250910,10,217.364,207.183,206.147,97.708,34.331,3.233,0.0,0.0,0.0,154.61,1
20250911,10,228.569,219.812,218.713,99.358,35.501,2.367,0.0,0.0,0.0,164.035,1
20250912,10,252.206,245.882,244.653,97.098,40.084,1.022,0.0,0.0,0.0,183.49,1
20250913,10,205.387,196.012,195.032,96.563,32.824,3.111,0.0,0.0,0.0,146.274,1
20250914,10,250.945,242.22,241.009,96.276,40.224,2.007,0.0,0.0,0.0,180.757,1
20250915,10,209.303,203.553,202.535,96.822,33.36,1.266,0.0,0.0,0.0,151.901,1
20250916,10,239.339,224.819,223.695,95.966,38.488,4.636,0.0,0.0,0.0,167.771,1
20250917,10,244.913,239.435,238.238,98.476,38.38,0.748,0.0,0.0,0.0,178.678,1
20250918,10,260.812,252.086,250.825,98.411,40.899,1.874,0.0,0.0,0.0,188.119,1
20250919,10,241.168,230.515,229.362,98.954,37.611,2.962,0.0,0.0,0.0,172.022,1
20250920,10,233.501,229.999,228.849,97.011,37.144,0.0,0.0,0.0,0.0,171.637,1
20250921,10,247.634,243.92,242.7,97.706,39.112,0.0,0.0,0.222,0.0,182.025,1
20250922,10,211.721,207.776,206.737,98.61,33.133,0.369,0.0,0.0,0.0,155.053,1
20250923,10,229.434,220.425,219.322,96.16,36.82,2.464,0.0,0.0,0.0,164.492,1
20250924,10,229.581,221.96,220.85,99.213,35.71,1.848,0.0,0.0,0.0,165.637,1
20250925,10,223.836,216.189,215.108,98.039,35.233,1.946,0.0,0.0,0.0,161.331,1
20250926,10,240.536,236.928,235.744,98.819,37.563,0.0,0.0,0.0,0.0,176.808,1
20250927,10,241.998,237.315,236.128,98.121,38.061,0.442,0.0,0.0,0.0,177.096,1
20250928,10,223.966,217.089,216.004,94.687,36.502,1.594,0.0,0.0,0.0,162.003,1
20250929,10,220.385,212.67,211.606,97.302,34.953,2.031,0.0,0.0,0.0,158.705,1
20250930,10,195.731,187.644,186.706,98.259,30.741,2.672,0.0,0.0,0.0,140.029,1
20251001,10,254.36,249.974,248.724,96.691,40.597,0.228,0.0,0.0,0.0,186.543,1
20251002,10,213.147,204.852,203.828,98.175,33.504,2.428,0.0,0.0,0.0,152.871,1
20251003,10,227.569,217.526,216.438,94.992,36.97,2.957,0.0,0.0,0.0,162.329,1
20251004,10,260.628,250.19,248.939,98.065,41.014,2.543,0.0,0.0,0.0,186.704,1
20251005,10,230.928,226.759,225.625,99.147,35.944,0.31,0.0,0.0,0.0,169.219,1
20251006,10,217.498,208.657,207.613,98.628,34.031,2.604,0.0,0.0,0.0,155.71,1
20251007,10,217.703,212.581,211.518,97.787,34.356,0.866,0.0,0.0,0.0,158.639,1
20251008,10,223.15,216.761,215.677,100.0,34.437,1.384,0.0,0.0,0.0,161.758,1
20251009,10,192.102,182.793,181.879,95.608,31.007,3.396,0.0,0.0,0.0,136.41,1
20251010,10,213.38,209.102,208.056,96.835,34.005,0.513,0.0,0.263,0.0,156.042,1
20251011,10,226.865,223.462,222.344,98.953,35.381,0.0,0.0,0.0,0.0,166.758,1
20251012,10,248.112,244.39,243.168,96.665,39.61,0.0,0.151,0.0,0.0,182.376,1
20251013,10,235.364,227.499,226.362,98.353,36.93,1.869,0.0,0.0,0.0,169.771,1
20251014,10,208.772,203.318,202.302,95.56,33.715,1.129,0.0,0.0,0.0,151.726,1
20251015,10,209.407,204.528,203.506,98.2,32.908,0.842,0.0,0.0,0.0,152.629,1
20251016,10,282.415,277.367,275.98,97.936,44.501,0.292,0.0,0.0,0.0,206.985,1
20251017,10,229.723,223.33,222.214,97.962,36.189,1.302,0.0,0.0,0.0,166.66,1
20251018,10,205.928,200.868,199.864,95.668,33.218,0.971,0.0,0.0,0.0,149.898,1
20251019,10,202.51,195.902,194.923,98.676,31.671,1.79,0.0,0.0,0.0,146.192,1
20251020,10,236.523,227.815,226.676,98.845,36.927,2.215,0.0,0.0,0.0,170.007,1
20251021,10,231.227,227.759,226.62,99.095,36.009,0.0,0.0,0.0,0.0,169.965,1
20251022,10,194.776,191.833,190.874,96.646,31.101,0.011,0.0,0.0,0.0,143.156,1
20251023,10,198.427,192.071,191.111,94.936,32.255,1.729,0.0,0.0,0.0,143.333,1
20251024,10,227.03,219.963,218.863,100.0,35.036,1.638,0.0,0.0,0.0,164.147,1
20251025,10,228.236,222.304,221.192,97.169,36.248,1.116,0.0,0.0,0.0,165.894,1
20251026,10,190.132,184.686,183.762,98.545,29.775,1.385,0.0,0.0,0.0,137.822,1
20251027,10,179.458,172.125,171.264,99.43,27.853,2.626,0.0,0.0,0.0,128.448,1
20251028,10,172.828,167.697,166.859,97.668,27.308,1.491,0.0,0.0,0.0,125.144,1
20251029,10,200.77,197.759,196.77,99.207,31.231,0.0,0.0,0.0,0.0,147.578,1
20251030,10,204.92,201.847,200.837,97.139,32.555,0.0,0.0,0.0,0.0,150.628,1
20251031,10,230.699,223.869,222.749,100.0,35.602,1.483,0.0,0.0,0.0,167.062,1
20251101,10,235.167,225.202,224.076,98.486,36.849,2.779,0.0,0.0,0.0,168.057,1
20251102,10,192.202,183.656,182.738,94.626,31.345,2.991,0.0,0.0,0.0,137.053,1
20251103,10,193.296,190.396,189.444,99.783,29.894,0.0,0.0,0.0,0.0,142.083,1
20251104,10,186.846,183.542,182.624,96.55,29.865,0.272,0.0,0.0,0.0,136.968,1
20251105,10,213.016,200.536,199.533,95.386,34.463,4.425,0.0,0.0,0.0,149.65,1
20251106,10,198.791,194.838,193.864,100.0,30.678,0.496,0.0,0.0,0.0,145.398,1
20251107,10,224.248,217.127,216.042,97.713,35.416,1.701,0.0,0.0,0.0,162.031,1
20251108,10,206.948,201.881,200.872,96.488,33.099,0.963,0.0,0.0,0.0,150.654,1
20251109,10,209.476,206.334,205.303,95.386,33.89,0.0,0.0,0.0,0.0,153.977,1
20251110,10,235.566,230.159,229.009,96.662,37.608,0.807,0.0,0.0,0.0,171.756,1
20251111,10,212.256,203.693,202.674,99.89,32.792,2.573,0.0,0.0,0.0,152.006,1
20251112,10,189.215,183.774,182.855,97.808,29.854,1.397,0.0,0.0,0.0,137.141,1
20251113,10,202.091,192.618,191.655,97.251,32.069,3.236,0.0,0.0,0.0,143.741,1
20251114,10,209.615,201.618,200.61,95.337,33.93,2.35,0.0,0.0,0.0,150.457,1
20251115,10,198.356,194.586,193.613,96.758,31.636,0.407,0.0,0.0,0.0,145.21,1
20251116,10,178.407,173.164,172.298,96.834,28.432,1.461,0.0,0.0,0.0,129.224,1
20251117,10,250.663,244.434,243.212,100.0,38.683,1.0,0.0,0.0,0.0,182.409,1
20251118,10,196.355,193.41,192.443,95.825,31.622,0.0,0.0,0.0,0.0,144.332,1
20251119,10,202.712,192.73,191.766,96.997,32.251,3.476,0.259,0.0,0.0,143.825,1
20251120,10,188.578,185.749,184.82,96.112,30.279,0.0,0.0,0.0,0.0,138.615,1
20251121,10,215.569,209.664,208.616,97.198,34.226,1.258,0.0,0.0,0.0,156.462,1
20251122,10,217.042,210.964,209.909,96.513,34.704,1.32,0.0,0.0,0.0,157.432,1
20251123,10,199.875,192.265,191.304,97.282,31.707,2.343,0.0,0.0,0.0,143.478,1
20251124,10,189.345,184.419,183.497,98.137,29.775,1.118,0.0,0.0,0.0,137.623,1
20251125,10,168.266,164.572,163.749,97.999,26.497,0.706,0.0,0.0,0.0,122.812,1
20251126,10,174.515,168.11,167.27,95.931,28.073,2.203,0.0,0.0,0.0,125.452,1
20251127,10,251.632,245.94,244.71,96.732,40.144,0.774,0.0,0.0,0.0,183.533,1
20251128,10,195.846,191.918,190.959,97.582,30.972,0.513,0.0,0.0,0.0,143.219,1
20251129,10,178.05,174.188,173.317,97.269,28.248,0.68,0.0,0.0,0.0,129.987,1
20251130,10,204.185,201.122,200.117,94.977,33.177,0.0,0.0,0.0,0.0,150.088,1
20251201,10,234.733,230.433,229.281,98.285,36.856,0.337,0.0,0.0,0.0,171.961,1
20251202,10,184.899,181.494,180.587,95.675,29.824,0.347,0.0,0.281,0.0,135.44,1
20251203,10,214.992,208.511,207.469,97.008,34.201,1.537,0.0,0.0,0.0,155.602,1
20251204,10,213.581,210.378,209.326,99.543,33.111,0.0,0.0,0.0,0.0,156.994,1
20251205,10,193.297,189.991,189.041,96.299,30.976,0.213,0.0,0.0,0.0,141.781,1
20251206,10,207.49,200.739,199.736,97.861,32.72,1.78,0.0,0.0,0.0,149.802,1
20251207,10,181.497,176.939,176.055,97.804,28.638,1.027,0.559,0.0,0.0,132.041,1
20251208,10,228.985,217.862,216.772,97.768,36.144,3.409,0.0,0.0,0.0,162.579,1
20251209,10,170.247,167.694,166.855,97.249,27.016,0.0,0.0,0.0,0.0,125.141,1
20251210,10,184.816,178.593,177.7,100.0,28.521,1.895,0.0,0.0,0.0,133.275,1
20251211,10,211.163,207.995,206.955,97.079,33.567,0.0,0.0,0.0,0.0,155.216,1
20251212,10,207.896,204.726,203.702,96.529,33.237,0.025,0.0,0.0,0.0,152.777,1
20251213,10,184.767,180.776,179.872,95.175,29.959,0.67,0.0,0.0,0.0,134.904,1
20251214,10,205.529,202.446,201.434,100.0,31.717,0.0,0.0,0.0,0.0,151.075,1
20251215,10,217.398,212.129,211.068,97.877,34.277,0.938,0.0,0.0,0.0,158.301,1
20251216,10,175.511,172.27,171.409,96.302,28.125,0.352,0.0,0.0,0.0,128.557,1
20251217,10,199.07,192.814,191.85,99.037,31.019,1.667,0.0,0.0,0.0,143.888,1
20251218,10,211.983,208.443,207.401,96.748,33.813,0.172,0.0,0.0,0.0,155.551,1
20251219,10,182.17,177.855,176.966,97.53,28.825,0.882,0.0,0.0,0.0,132.725,1
20251220,10,230.729,225.414,224.287,98.173,36.269,0.816,0.514,0.0,0.0,168.215,1
20251221,10,216.493,210.735,209.681,97.84,34.147,1.178,0.0,0.0,0.0,157.261,1
20251222,10,190.042,185.548,184.62,97.544,30.066,0.878,0.0,0.0,0.0,138.465,1
20251223,10,205.48,199.625,198.627,98.543,32.179,1.37,0.0,0.0,0.0,148.97,1
20251224,10,190.507,182.376,181.465,97.251,30.23,2.81,0.0,0.0,0.0,136.098,1
20251225,10,187.548,182.97,182.055,99.421,29.111,0.955,0.0,0.0,0.0,136.541,1
20251226,10,231.128,227.661,226.523,98.186,36.327,0.0,0.0,0.0,0.0,169.892,1
20251227,10,189.963,181.72,180.811,97.616,30.031,2.882,0.0,0.0,0.0,135.608,1
20251228,10,243.495,236.7,235.517,99.826,37.642,1.31,0.0,0.0,0.0,176.638,1
20251229,10,209.565,205.462,204.435,99.043,32.653,0.465,0.0,0.0,0.0,153.326,1
20251230,10,193.18,188.023,187.083,95.505,31.215,1.187,0.0,0.0,0.0,140.312,1
20251231,10,210.798,207.636,206.598,97.483,33.371,0.0,0.0,0.0,0.0,154.949,1
20240101,11,77.375,73.624,73.256,97.518,30.055,3.399,0.0,0.0,0.0,54.942,1
20240102,11,63.857,62.489,62.177,97.247,24.873,0.653,0.0,0.0,0.0,46.632,1
20240103,11,74.652,72.255,71.894,98.119,28.82,1.737,0.0,0.0,0.0,53.921,1
20240104,11,73.874,70.99,70.635,98.442,28.425,2.44,0.0,0.0,0.0,52.977,1
20240105,11,72.981,71.018,70.663,98.738,27.998,1.208,0.0,0.0,0.0,52.997,1
20240106,11,70.439,69.383,69.036,96.731,27.583,0.0,0.0,0.0,0.0,51.777,1
20240107,11,79.656,78.461,78.069,97.165,31.053,0.0,0.0,0.0,0.0,58.551,1
20240108,11,73.701,72.308,71.946,97.851,28.53,0.396,0.0,0.0,0.0,53.959,1
20240109,11,73.717,71.889,71.529,99.515,28.059,0.995,0.0,0.0,0.0,53.647,1
20240110,11,87.787,85.901,85.472,98.107,33.894,0.658,0.034,0.0,0.0,64.104,1
20240111,11,85.797,83.894,83.474,97.25,33.418,0.729,0.0,0.0,0.0,62.606,1
20240112,11,77.984,76.814,76.43,97.136,30.41,0.0,0.0,0.0,0.0,57.322,1
20240113,11,78.575,77.396,77.009,94.495,31.497,0.0,0.0,0.0,0.0,57.757,1
20240114,11,72.891,71.095,70.739,95.256,28.985,0.98,0.0,0.0,0.0,53.054,1
20240115,11,70.072,69.021,68.676,99.161,26.767,0.0,0.0,0.0,0.0,51.507,1
20240116,11,77.734,76.568,76.185,100.0,29.445,0.0,0.0,0.0,0.0,57.139,1
20240117,11,84.084,82.767,82.353,98.891,32.207,0.067,0.0,0.0,0.0,61.765,1
20240118,11,73.1,71.761,71.403,99.03,27.961,0.336,0.0,0.0,0.0,53.552,1
20240119,11,58.425,57.402,57.115,100.0,22.131,0.255,0.0,0.0,0.0,42.836,1
20240120,11,64.143,61.648,61.34,97.732,24.861,2.427,0.0,0.0,0.0,46.005,1
20240121,11,77.691,75.744,75.365,97.882,30.065,1.021,0.0,0.0,0.0,56.524,1
20240122,11,87.877,85.944,85.514,97.036,34.303,0.71,0.0,0.0,0.0,64.136,1
20240123,11,66.362,64.488,64.166,98.01,25.648,1.344,0.0,0.0,0.0,48.124,1
20240124,11,58.573,57.479,57.192,96.991,22.875,0.373,0.0,0.0,0.0,42.894,1
20240125,11,81.826,79.253,78.857,96.689,32.056,1.669,0.0,0.0,0.0,59.143,1
20240126,11,78.669,76.005,75.625,98.91,30.127,1.915,0.0,0.0,0.0,56.719,1
20240127,11,80.12,78.918,78.523,98.861,30.698,0.0,0.0,0.0,0.0,58.892,1
20240128,11,78.188,75.624,75.246,99.945,29.633,1.806,0.0,0.0,0.0,56.434,1
20240129,11,76.623,75.473,75.096,97.85,29.662,0.0,0.0,0.0,0.0,56.322,1
20240130,11,72.066,70.032,69.682,98.939,27.591,1.344,0.0,0.0,0.0,52.261,1
20240131,11,74.283,73.077,72.712,97.673,28.808,0.125,0.0,0.0,0.0,54.534,1
20240201,11,63.152,61.213,60.907,98.997,24.164,1.595,0.0,0.0,0.0,45.68,1
20240202,11,64.306,62.442,62.129,93.842,25.957,1.421,0.0,0.0,0.0,46.597,1
20240203,11,82.273,80.023,79.623,96.576,32.269,1.253,0.0,0.0,0.0,59.717,1
20240204,11,72.016,69.072,68.726,95.971,28.424,2.628,0.0,0.0,0.0,51.545,1
20240205,11,72.386,69.625,69.277,97.316,28.175,2.35,0.0,0.0,0.0,51.957,1
20240206,11,79.145,77.35,76.963,95.746,31.311,0.78,0.0,0.0,0.0,57.722,1
20240207,11,72.396,70.237,69.885,98.544,27.828,1.505,0.0,0.0,0.0,52.414,1
20240208,11,75.609,73.049,72.684,97.083,29.5,1.915,0.0,0.0,0.0,54.513,1
20240209,11,74.313,72.251,71.89,98.183,28.67,1.294,0.0,0.0,0.0,53.917,1
20240210,11,83.32,81.82,81.411,98.778,31.951,0.304,0.0,0.0,0.0,61.059,1
20240211,11,55.173,54.125,53.854,100.0,20.899,0.406,0.0,0.0,0.0,40.391,1
20240212,11,66.292,64.124,63.803,96.68,25.973,1.797,0.0,0.0,0.0,47.852,1
20240213,11,69.063,68.027,67.687,97.561,26.814,0.0,0.0,0.0,0.0,50.765,1
20240214,11,66.127,65.021,64.696,96.865,25.859,0.176,0.0,0.0,0.0,48.522,1
20240215,11,78.992,77.807,77.418,98.274,30.447,0.0,0.0,0.0,0.0,58.063,1
20240216,11,72.917,71.347,70.99,97.756,28.254,0.663,0.0,0.0,0.0,53.243,1
20240217,11,62.771,60.51,60.207,96.744,24.577,2.133,0.0,0.0,0.0,45.156,1
20240218,11,76.715,74.814,74.44,94.561,30.73,0.993,0.0,0.0,0.0,55.83,1
20240219,11,83.183,81.257,80.851,96.28,32.726,0.827,0.0,0.466,0.0,60.638,1
20240220,11,68.738,66.724,66.39,97.466,26.714,1.451,0.0,0.0,0.0,49.793,1
20240221,11,75.245,71.919,71.559,96.18,29.634,2.966,0.0,0.0,0.0,53.669,1
20240222,11,75.376,73.512,73.145,98.539,28.975,0.987,0.0,0.0,0.0,54.859,1
20240223,11,61.274,58.592,58.299,97.642,23.77,2.921,0.0,0.0,0.0,43.724,1
20240224,11,58.523,56.52,56.238,97.455,22.747,1.951,0.0,0.0,0.0,42.178,1
20240225,11,86.259,82.636,82.223,98.244,33.258,2.742,0.0,0.0,0.0,61.667,1
20240226,11,68.63,66.14,65.809,98.779,26.318,2.16,0.0,0.0,0.0,49.357,1
20240227,11,53.173,51.321,51.064,98.074,20.537,2.015,0.0,0.0,0.0,38.298,1
20240228,11,71.145,68.313,67.971,99.385,27.115,2.518,0.0,0.0,0.0,50.978,1
20240229,11,68.2,66.909,66.574,97.462,26.506,0.4,0.0,0.375,0.0,49.931,1
20240301,11,63.555,62.527,62.214,95.907,25.101,0.119,0.0,0.0,0.0,46.661,1
20240302,11,70.276,69.222,68.875,99.837,26.663,0.0,0.0,0.0,0.0,51.657,1
20240303,11,79.814,76.079,75.698,97.318,31.066,3.228,0.0,0.0,0.0,56.774,1
20240304,11,64.882,63.026,62.711,96.005,25.599,1.382,0.0,0.0,0.0,47.033,1
20240305,11,73.203,69.446,69.099,97.852,28.337,3.687,0.0,0.0,0.0,51.824,1
20240306,11,67.649,66.635,66.301,99.529,25.746,0.0,0.0,0.0,0.0,49.726,1
20240307,11,72.902,70.614,70.261,99.243,27.825,1.663,0.0,0.0,0.0,52.696,1
20240308,11,68.7,66.327,65.995,96.622,26.933,1.984,0.0,0.0,0.0,49.497,1
20240309,11,72.604,70.451,70.099,97.54,28.195,1.488,0.0,0.0,0.0,52.574,1
20240310,11,59.661,58.513,58.22,97.046,23.287,0.432,0.0,0.0,0.0,43.665,1
20240311,11,64.513,63.546,63.228,98.339,24.85,0.0,0.0,0.0,0.0,47.421,1
20240312,11,67.562,64.639,64.316,97.516,26.243,2.869,0.0,0.0,0.0,48.237,1
20240313,11,72.153,70.171,69.82,97.499,28.032,1.265,0.0,0.0,0.0,52.365,1
20240314,11,64.448,63.481,63.164,94.303,25.887,0.0,0.0,0.0,0.0,47.373,1
20240315,11,74.587,73.469,73.101,97.045,29.113,0.0,0.0,0.0,0.0,54.826,1
20240316,11,67.168,65.056,64.731,96.152,26.461,1.67,0.0,0.0,0.0,48.548,1
20240317,11,77.418,76.105,75.724,96.908,30.261,0.2,0.0,0.0,0.0,56.793,1
20240318,11,65.992,65.002,64.677,98.288,25.432,0.0,0.0,0.0,0.0,48.508,1
20240319,11,73.264,70.354,70.002,96.947,28.625,2.51,0.0,0.0,0.0,52.502,1
20240320,11,65.246,63.233,62.917,96.978,25.484,1.609,0.0,0.0,0.0,47.188,1
20240321,11,61.813,60.886,60.581,97.974,23.898,0.0,0.0,0.0,0.0,45.436,1
20240322,11,62.631,61.491,61.183,95.366,24.877,0.326,0.0,0.0,0.0,45.887,1
20240323,11,61.727,60.801,60.497,95.727,24.425,0.0,0.0,0.0,0.0,45.373,1
20240324,11,73.053,70.899,70.544,97.131,28.489,1.47,0.0,0.0,0.0,52.908,1
20240325,11,64.148,62.508,62.196,98.489,24.672,1.073,0.0,0.0,0.0,46.647,1
20240326,11,76.113,73.272,72.905,97.238,29.65,2.267,0.0,0.0,0.0,54.679,1
20240327,11,59.771,58.318,58.027,98.561,22.971,0.945,0.0,0.0,0.0,43.52,1
20240328,11,80.169,78.532,78.139,96.912,31.335,0.551,0.0,0.0,0.0,58.604,1
20240329,11,65.862,62.576,62.263,96.827,25.765,3.542,0.0,0.0,0.0,46.697,1
20240330,11,65.273,62.218,61.906,97.166,25.446,3.23,0.0,0.0,0.0,46.43,1
20240331,11,59.643,58.346,58.055,99.289,22.754,0.684,0.0,0.0,0.0,43.541,1
20240401,11,64.693,63.197,62.881,98.432,24.895,0.824,0.0,0.0,0.0,47.161,1
20240402,11,56.227,55.227,54.95,95.932,22.201,0.283,0.0,0.0,0.0,41.213,1
20240403,11,64.238,63.274,62.958,96.53,25.207,0.0,0.0,0.361,0.0,47.218,1
20240404,11,66.844,65.172,64.847,98.394,25.733,1.015,0.0,0.0,0.0,48.635,1
20240405,11,67.425,65.825,65.496,95.684,26.692,0.887,0.0,0.0,0.0,49.122,1
20240406,11,62.416,61.438,61.13,97.593,24.226,0.069,0.0,0.0,0.0,45.848,1
20240407,11,59.701,58.015,57.725,95.783,23.61,1.344,0.0,0.0,0.0,43.294,1
20240408,11,72.487,71.347,70.991,98.994,27.736,0.074,0.0,0.0,0.0,53.243,1
20240409,11,46.7,46.0,45.77,97.249,18.19,0.0,0.0,0.0,0.0,34.327,1
20240410,11,57.296,55.329,55.053,97.007,22.373,1.962,0.0,0.0,0.0,41.289,1
20240411,11,62.408,61.472,61.165,97.855,24.158,0.0,0.0,0.0,0.0,45.874,1
20240412,11,65.942,63.414,63.097,97.063,25.734,2.369,0.0,0.0,0.0,47.323,1
20240413,11,57.636,54.76,54.486,98.22,22.227,3.544,0.0,0.0,0.0,40.864,1
20240414,11,60.979,59.227,58.931,97.802,23.617,1.394,0.0,0.0,0.0,44.198,1
20240415,11,56.815,55.387,55.11,100.0,21.521,1.03,0.0,0.0,0.0,41.332,1
20240416,11,57.841,56.973,56.688,99.045,22.121,0.0,0.06,0.0,0.0,42.516,1
20240417,11,61.357,59.683,59.385,97.127,23.929,1.247,0.0,0.0,0.0,44.539,1
20240418,11,59.632,57.607,57.318,95.772,23.585,1.926,0.0,0.0,0.0,42.989,1
20240419,11,67.577,65.29,64.964,96.652,26.484,1.913,0.0,0.0,0.0,48.723,1
20240420,11,60.215,59.004,58.709,99.36,22.956,0.518,0.0,0.0,0.0,44.032,1
20240421,11,60.211,58.424,58.132,97.089,23.491,1.491,0.0,0.0,0.0,43.599,1
20240422,11,57.004,55.057,54.782,98.364,21.952,1.945,0.0,0.0,0.0,41.086,1
20240423,11,65.622,63.72,63.402,100.0,24.857,1.42,0.0,0.0,0.0,47.551,1
20240424,11,63.79,61.358,61.051,99.03,24.4,2.349,0.0,0.0,0.0,45.788,1
20240425,11,61.599,60.675,60.372,97.451,23.943,0.0,0.0,0.0,0.0,45.279,1
20240426,11,50.354,49.075,48.83,97.06,19.651,1.056,0.0,0.0,0.0,36.622,1
20240427,11,59.214,58.073,57.783,96.894,23.149,0.434,0.0,0.0,0.0,43.337,1
20240428,11,52.794,51.29,51.033,96.896,20.638,1.37,0.0,0.0,0.0,38.275,1
20240429,11,57.194,55.68,55.402,99.682,21.733,1.164,0.0,0.0,0.0,41.551,1
20240430,11,57.847,56.271,55.99,97.406,22.495,1.242,0.0,0.0,0.0,41.993,1
20240501,11,56.203,54.647,54.374,97.107,21.923,1.287,0.0,0.0,0.0,40.781,1
20240502,11,56.273,55.356,55.079,98.04,21.742,0.132,0.0,0.0,0.0,41.309,1
20240503,11,53.072,50.849,50.595,95.568,21.035,2.729,0.0,0.0,0.0,37.946,1
20240504,11,60.646,59.081,58.786,96.775,23.737,1.096,0.0,0.0,0.0,44.089,1
20240505,11,51.198,50.04,49.79,94.079,20.614,0.773,0.0,0.0,0.0,37.343,1
20240506,11,56.32,54.555,54.282,96.794,22.04,1.658,0.0,0.0,0.0,40.712,1
20240507,11,57.844,56.977,56.692,95.433,22.959,0.0,0.0,0.0,0.0,42.519,1
20240508,11,58.365,57.489,57.202,96.887,22.818,0.0,0.0,0.0,0.0,42.901,1
20240509,11,61.36,59.157,58.861,97.928,23.734,2.123,0.0,0.0,0.0,44.146,1
20240510,11,56.281,54.923,54.648,100.0,21.318,0.926,0.0,0.0,0.0,40.986,1
20240511,11,54.937,54.113,53.842,96.599,21.542,0.0,0.0,0.0,0.0,40.382,1
20240512,11,60.781,58.769,58.475,98.9,23.279,1.837,0.0,0.0,0.0,43.856,1
20240513,11,63.345,62.395,62.083,97.413,24.632,0.0,0.82,0.0,0.0,46.562,1
20240514,11,61.181,59.368,59.071,98.103,23.623,1.486,0.0,0.0,0.0,44.303,1
20240515,11,54.341,52.924,52.659,95.634,21.524,1.125,0.0,0.0,0.0,39.495,1
20240516,11,56.704,54.294,54.022,94.857,22.643,2.791,0.0,0.0,0.0,40.517,1
20240517,11,68.485,65.916,65.587,97.507,26.605,2.285,0.0,0.0,0.0,49.19,1
20240518,11,57.922,55.327,55.051,97.925,22.405,3.025,0.0,0.0,0.0,41.288,1
20240519,11,57.494,56.631,56.348,98.988,22.001,0.0,0.0,0.0,0.0,42.261,1
20240520,11,41.538,40.204,40.003,95.596,16.459,1.738,0.0,0.0,0.0,30.002,1
20240521,11,53.228,51.775,51.516,97.457,20.688,1.249,0.0,0.0,0.0,38.637,1
20240522,11,51.536,50.166,49.915,97.507,20.02,1.175,0.0,0.0,0.0,37.436,1
20240523,11,64.566,62.285,61.973,98.109,24.928,2.064,0.0,0.0,0.0,46.48,1
20240524,11,50.636,49.198,48.952,99.125,19.35,1.359,0.0,0.0,0.0,36.714,1
20240525,11,60.521,58.3,58.009,98.09,23.371,2.202,0.0,0.0,0.0,43.507,1
20240526,11,49.965,48.152,47.911,95.794,19.757,2.161,0.0,0.0,0.0,35.933,1
20240527,11,58.798,57.909,57.619,96.525,23.074,0.013,0.0,0.0,0.0,43.214,1
20240528,11,55.038,53.016,52.751,98.058,21.261,2.208,0.0,0.0,0.0,39.563,1
20240529,11,48.693,47.687,47.449,98.759,18.676,0.574,0.0,0.0,0.0,35.586,1
20240530,11,56.961,55.804,55.525,98.518,21.901,0.539,0.0,0.0,0.0,41.644,1
20240531,11,50.881,49.258,49.012,96.495,19.973,1.716,0.0,0.0,0.0,36.759,1
20240601,11,50.42,48.984,48.739,99.137,19.265,1.368,0.0,0.0,0.0,36.555,1
20240602,11,51.518,50.378,50.127,99.057,19.7,0.723,0.0,0.0,0.0,37.595,1
20240603,11,62.226,60.592,60.289,94.213,25.018,1.144,0.0,0.0,0.0,45.216,1
20240604,11,54.001,51.436,51.179,97.588,20.96,3.299,0.0,0.0,0.0,38.384,1
20240605,11,38.819,37.756,37.567,100.0,14.704,1.257,0.0,0.0,0.0,28.175,1
20240606,11,60.176,59.273,58.977,98.878,23.053,0.0,0.0,0.0,0.0,44.233,1
20240607,11,59.415,58.524,58.231,98.453,22.859,0.0,0.0,0.0,0.0,43.673,1
20240608,11,53.072,50.689,50.435,99.5,20.204,3.036,0.0,0.0,0.0,37.826,1
20240609,11,50.962,49.867,49.618,100.0,19.304,0.658,0.0,0.0,0.0,37.213,1
20240610,11,53.401,52.313,52.051,96.201,21.027,0.546,0.0,0.0,0.0,39.038,1
20240611,11,50.385,49.622,49.374,98.289,19.418,0.014,0.0,0.0,0.0,37.031,1
20240612,11,50.805,49.394,49.147,96.223,20.0,1.297,0.0,0.0,0.0,36.861,1
20240613,11,50.683,49.336,49.09,94.609,20.292,1.175,0.0,0.0,0.0,36.817,1
20240614,11,51.999,50.723,50.469,97.7,20.16,0.968,0.0,0.0,0.0,37.852,1
20240615,11,52.449,51.45,51.193,96.631,20.56,0.41,0.0,0.0,0.0,38.395,1
20240616,11,47.86,46.743,46.509,95.853,18.913,0.847,0.0,0.0,0.0,34.882,1
20240617,11,43.035,41.736,41.528,94.112,17.321,1.542,0.0,0.0,0.0,31.146,1
20240618,11,57.155,54.333,54.061,98.291,22.026,3.49,0.0,0.0,0.0,40.546,1
20240619,11,48.193,46.574,46.341,96.926,18.834,1.89,0.0,0.0,0.0,34.756,1
20240620,11,52.458,51.461,51.204,96.635,20.562,0.406,0.0,0.0,0.0,38.403,1
20240621,11,57.802,55.805,55.526,97.47,22.463,1.986,0.0,0.0,0.0,41.644,1
20240622,11,45.489,42.872,42.658,96.548,17.847,4.317,0.0,0.0,0.0,31.993,1
20240623,11,52.386,50.466,50.213,96.456,20.572,2.198,0.0,0.0,0.0,37.66,1
20240624,11,49.082,47.161,46.926,98.11,18.95,2.45,0.0,0.0,0.0,35.194,1
20240625,11,41.201,40.504,40.302,97.646,15.983,0.195,0.0,0.0,0.0,30.226,1
20240626,11,46.842,45.812,45.583,97.147,18.264,0.709,0.0,0.0,0.0,34.187,1
20240627,11,57.649,56.071,55.791,96.943,22.525,1.257,0.0,0.0,0.0,41.843,1
20240628,11,34.249,33.719,33.551,99.311,13.063,0.048,0.0,0.0,0.0,25.163,1
20240629,11,54.456,52.911,52.647,98.826,20.872,1.357,0.0,0.0,0.0,39.485,1
20240630,11,51.879,49.895,49.646,98.348,19.981,2.36,0.0,0.124,0.0,37.234,1
20240701,11,57.821,55.577,55.3,99.901,21.923,2.416,0.0,0.0,0.0,41.475,1
20240702,11,47.931,47.198,46.962,99.8,18.192,0.03,0.0,0.0,0.0,35.221,1
20240703,11,55.326,54.462,54.19,99.666,21.027,0.062,0.0,0.0,0.0,40.642,1
20240704,11,51.942,49.46,49.212,98.453,19.984,3.329,0.0,0.0,0.0,36.909,1
20240705,11,48.33,46.961,46.726,98.683,18.551,1.354,0.0,0.0,0.0,35.045,1
20240706,11,50.766,49.371,49.125,97.113,19.801,1.266,0.0,0.0,0.0,36.843,1
20240707,11,48.942,46.59,46.357,100.0,18.539,3.356,0.0,0.0,0.0,34.768,1
20240708,11,45.045,44.254,44.033,97.643,17.474,0.258,0.0,0.0,0.0,33.025,1
20240709,11,46.311,44.876,44.652,96.734,18.134,1.622,0.182,0.0,0.0,33.489,1
20240710,11,56.618,55.555,55.277,99.496,21.555,0.383,0.0,0.0,0.0,41.458,1
20240711,11,48.054,46.292,46.061,98.098,18.555,2.2,0.0,0.0,0.0,34.546,1
20240712,11,44.985,43.685,43.466,96.72,17.618,1.411,0.0,0.0,0.0,32.6,1
20240713,11,41.415,40.181,39.98,95.755,16.383,1.504,0.0,0.0,0.0,29.985,1
20240714,11,46.717,45.143,44.917,96.74,18.292,1.899,0.0,0.0,0.0,33.688,1
20240715,11,43.296,42.044,41.833,97.638,16.797,1.414,0.0,0.0,0.0,31.375,1
20240716,11,52.578,51.173,50.918,98.013,20.32,1.19,0.0,0.0,0.0,38.188,1
20240717,11,40.618,39.991,39.791,98.917,15.554,0.046,0.0,0.0,0.0,29.843,1
20240718,11,51.133,49.146,48.9,96.395,20.093,2.423,0.0,0.309,0.0,36.675,1
20240719,11,53.884,51.811,51.552,99.056,20.605,2.383,0.0,0.045,0.0,38.664,1
20240720,11,50.505,49.632,49.384,98.43,19.436,0.231,0.0,0.0,0.0,37.038,1
20240721,11,42.331,40.79,40.586,98.983,16.199,2.173,0.0,0.0,0.0,30.44,1
20240722,11,41.035,40.419,40.217,96.568,16.096,0.0,0.0,0.0,0.0,30.163,1
20240723,11,49.834,48.625,48.382,96.591,19.542,0.939,0.0,0.0,0.0,36.287,1
20240724,11,49.037,47.247,47.011,96.626,19.223,2.184,0.0,0.0,0.0,35.258,1
20240725,11,47.657,46.765,46.531,94.611,19.08,0.377,0.0,0.0,0.0,34.899,1
20240726,11,50.439,48.225,47.984,100.0,19.106,2.934,0.0,0.0,0.0,35.988,1
20240727,11,50.686,49.374,49.128,98.054,19.58,1.104,0.0,0.0,0.0,36.846,1
20240728,11,42.547,41.588,41.38,97.985,16.448,0.765,0.0,0.0,0.0,31.035,1
20240729,11,48.974,48.054,47.813,96.486,19.226,0.386,0.0,0.0,0.0,35.86,1
20240730,11,52.107,51.325,51.069,97.602,20.223,0.0,0.0,0.0,0.0,38.302,1
20240731,11,62.505,61.314,61.008,99.274,23.849,0.411,0.0,0.0,0.0,45.756,1
20240801,11,51.128,48.449,48.206,96.976,19.971,3.798,0.0,0.0,0.0,36.155,1
20240802,11,55.94,54.623,54.35,97.803,21.665,0.866,0.0,0.0,0.0,40.762,1
20240803,11,52.609,50.0,49.75,95.832,20.794,3.513,0.0,0.0,0.0,37.312,1
20240804,11,46.082,45.391,45.164,96.001,18.183,0.0,0.0,0.0,0.0,33.873,1
20240805,11,52.827,51.341,51.084,100.0,20.01,1.334,0.0,0.0,0.0,38.313,1
20240806,11,46.57,45.119,44.894,94.85,18.598,1.64,0.0,0.0,0.0,33.67,1
20240807,11,50.767,48.407,48.165,99.77,19.274,3.196,0.0,0.0,0.0,36.124,1
20240808,11,39.231,38.642,38.449,97.269,15.277,0.0,0.0,0.0,0.0,28.837,1
20240809,11,45.164,44.449,44.227,98.937,17.291,0.083,0.0,0.0,0.0,33.17,1
20240810,11,42.153,41.521,41.313,98.911,16.143,0.0,0.0,0.0,0.0,30.985,1
20240811,11,51.574,50.342,50.09,97.899,19.955,0.903,0.0,0.0,0.0,37.568,1
20240812,11,50.194,49.298,49.051,96.149,19.775,0.291,0.0,0.0,0.0,36.788,1
20240813,11,41.256,40.322,40.121,97.237,16.071,0.776,0.0,0.0,0.0,30.09,1
20240814,11,58.269,56.666,56.382,99.037,22.286,1.271,0.0,0.0,0.0,42.287,1
20240815,11,44.798,44.126,43.905,96.718,17.545,0.0,0.0,0.0,0.0,32.929,1
20240816,11,51.843,50.219,49.968,96.311,20.39,1.657,0.0,0.0,0.0,37.476,1
20240817,11,62.162,60.635,60.332,98.213,23.975,0.971,0.0,0.0,0.0,45.249,1
20240818,11,47.022,45.834,45.605,97.709,18.229,1.042,0.0,0.0,0.0,34.204,1
20240819,11,45.271,44.343,44.121,96.927,17.692,0.56,0.0,0.0,0.0,33.091,1
20240820,11,53.089,50.707,50.454,95.252,21.112,3.032,0.0,0.0,0.0,37.84,1
20240821,11,58.122,56.797,56.513,97.813,22.508,0.792,0.0,0.0,0.0,42.385,1
20240822,11,54.113,52.075,51.815,97.316,21.062,2.3,0.0,0.0,0.0,38.861,1
20240823,11,52.019,50.664,50.41,98.354,20.034,1.122,0.0,0.0,0.0,37.808,1
20240824,11,47.812,46.824,46.59,98.169,18.448,0.574,0.0,0.0,0.0,34.943,1
20240825,11,52.304,50.447,50.195,95.59,20.726,2.08,0.0,0.0,0.0,37.646,1
20240826,11,45.115,43.171,42.955,96.649,17.681,2.852,0.0,0.0,0.0,32.216,1
20240827,11,56.586,55.738,55.459,96.78,22.147,0.0,0.0,0.0,0.0,41.594,1
20240828,11,52.329,51.34,51.083,96.591,20.521,0.397,0.0,0.0,0.0,38.312,1
20240829,11,59.485,57.076,56.79,100.0,22.532,2.589,0.0,0.0,0.0,42.593,1
20240830,11,48.223,47.339,47.102,99.782,18.306,0.339,0.0,0.0,0.0,35.327,1
20240831,11,55.305,54.476,54.204,95.161,22.014,0.0,0.0,0.0,0.0,40.653,1
20240901,11,58.599,56.238,55.957,95.659,23.204,2.568,0.0,0.0,0.0,41.968,1
20240902,11,60.048,59.002,58.707,99.405,22.881,0.246,0.0,0.0,0.0,44.03,1
20240903,11,49.037,48.208,47.967,96.452,19.258,0.194,0.0,0.0,0.0,35.975,1
20240904,11,52.812,51.814,51.555,93.586,21.376,0.397,0.0,0.0,0.0,38.666,1
20240905,11,51.192,50.251,50.0,98.915,19.603,0.342,0.0,0.0,0.0,37.5,1
20240906,11,59.837,58.729,58.436,100.0,22.666,0.357,0.0,0.0,0.0,43.827,1
20240907,11,56.918,55.33,55.053,96.836,22.264,1.31,0.0,0.0,0.0,41.29,1
20240908,11,46.068,45.377,45.15,97.448,17.907,0.0,0.0,0.0,0.0,33.862,1
20240909,11,58.943,57.251,56.965,95.501,23.379,1.391,0.0,0.0,0.0,42.724,1
20240910,11,60.46,56.487,56.205,95.797,23.906,5.149,0.0,0.0,0.0,42.153,1
20240911,11,58.375,56.085,55.804,98.543,22.439,2.459,0.0,0.0,0.0,41.853,1
20240912,11,45.021,44.346,44.124,97.915,17.417,0.0,0.0,0.0,0.0,33.093,1
20240913,11,48.564,47.807,47.568,95.972,19.168,0.06,0.0,0.0,0.0,35.676,1
20240914,11,66.423,63.911,63.592,97.93,25.692,2.317,0.0,0.0,0.0,47.694,1
20240915,11,59.343,58.271,57.98,100.0,22.479,0.312,0.0,0.0,0.0,43.485,1
20240916,11,58.58,56.26,55.979,96.858,22.909,2.498,0.0,0.0,0.0,41.984,1
20240917,11,52.342,50.635,50.382,99.275,19.971,1.787,0.0,0.0,0.0,37.787,1
20240918,11,58.219,56.303,56.022,98.275,22.44,1.817,0.0,0.0,0.0,42.016,1
20240919,11,59.012,57.442,57.154,95.596,23.383,1.178,0.0,0.0,0.0,42.866,1
20240920,11,62.955,60.834,60.53,97.489,24.461,1.897,0.0,0.0,0.0,45.398,1
20240921,11,54.415,52.678,52.415,98.676,20.889,1.718,0.0,0.0,0.0,39.311,1
20240922,11,60.911,59.24,58.944,96.517,23.905,1.262,0.632,0.0,0.0,44.208,1
20240923,11,46.266,44.819,44.595,96.21,18.216,1.653,0.0,0.0,0.0,33.446,1
20240924,11,62.872,60.401,60.099,97.896,24.327,2.468,0.0,0.0,0.0,45.074,1
20240925,11,39.538,37.435,37.248,99.79,15.008,3.875,0.0,0.0,0.0,27.936,1
20240926,11,47.96,46.45,46.218,98.669,18.412,1.674,0.253,0.0,0.0,34.663,1
20240927,11,59.405,58.089,57.799,96.466,23.326,0.726,0.0,0.0,0.0,43.349,1
20240928,11,64.784,62.301,61.99,98.971,24.795,2.368,0.0,0.0,0.0,46.492,1
20240929,11,54.956,53.869,53.599,98.009,21.24,0.486,0.0,0.0,0.0,40.2,1
20240930,11,49.47,48.727,48.484,95.422,19.637,0.0,0.0,0.0,0.0,36.363,1
20241001,11,57.047,55.405,55.128,99.768,21.659,1.399,0.0,0.0,0.0,41.346,1
20241002,11,57.236,56.377,56.096,96.327,22.507,0.0,0.0,0.0,0.0,42.072,1
20241003,11,49.741,48.994,48.749,98.2,19.186,0.0,0.0,0.0,0.0,36.562,1
20241004,11,58.457,56.656,56.373,97.349,22.746,1.605,0.0,0.0,0.0,42.28,1
20241005,11,58.401,57.082,56.797,99.04,22.336,0.769,0.0,0.0,0.0,42.597,1
20241006,11,62.116,60.66,60.356,97.123,24.226,0.857,0.0,0.0,0.0,45.267,1
20241007,11,64.117,62.903,62.588,100.0,24.287,0.4,0.0,0.0,0.0,46.941,1
20241008,11,53.798,51.966,51.707,98.883,20.608,1.934,0.0,0.0,0.0,38.78,1
20241009,11,62.983,62.038,61.728,95.665,24.938,0.0,0.0,0.0,0.0,46.296,1
20241010,11,59.123,57.028,56.743,98.032,22.845,2.074,0.0,0.0,0.0,42.557,1
20241011,11,64.212,62.759,62.445,98.726,24.637,0.774,0.0,0.0,0.0,46.834,1
20241012,11,66.44,64.083,63.763,96.385,26.11,2.078,0.0,0.0,0.0,47.822,1
20241013,11,67.935,65.25,64.924,96.097,26.778,2.49,0.0,0.0,0.0,48.693,1
20241014,11,69.784,67.875,67.536,96.781,27.312,1.254,0.0,0.0,0.0,50.652,1
20241015,11,63.012,61.587,61.279,98.946,24.123,0.773,0.0,0.0,0.0,45.96,1
20241016,11,65.914,64.259,63.937,98.818,25.266,1.026,0.0,0.0,0.0,47.953,1
20241017,11,66.716,65.107,64.781,96.043,26.312,0.926,0.0,0.0,0.0,48.586,1
20241018,11,56.927,55.693,55.415,98.44,21.905,0.678,0.0,0.0,0.0,41.561,1
20241019,11,59.458,58.155,57.864,98.128,22.952,0.702,0.0,0.0,0.0,43.398,1
20241020,11,52.847,51.246,50.99,95.936,20.866,1.554,0.0,0.0,0.0,38.242,1
20241021,11,59.219,57.328,57.042,96.45,23.257,1.718,0.0,0.0,0.0,42.781,1
20241022,11,53.285,52.485,52.223,99.226,20.341,0.0,0.0,0.0,0.0,39.167,1
20241023,11,59.378,58.487,58.195,95.582,23.531,0.0,0.0,0.0,0.0,43.646,1
20241024,11,66.147,63.453,63.136,98.168,25.523,2.612,0.0,0.0,0.0,47.352,1
20241025,11,51.014,48.154,47.913,94.562,20.435,4.169,0.0,0.0,0.0,35.935,1
20241026,11,59.167,57.7,57.411,96.621,23.195,0.994,0.0,0.0,0.0,43.059,1
20241027,11,70.159,69.107,68.761,100.0,26.575,0.0,0.0,0.0,0.0,51.571,1
20241028,11,70.42,68.029,67.689,96.075,27.764,1.925,0.0,0.0,0.0,50.767,1
20241029,11,59.481,57.601,57.313,96.774,23.282,1.685,0.0,0.0,0.0,42.985,1
20241030,11,76.002,73.547,73.179,99.916,28.813,1.756,0.0,0.0,0.0,54.885,1
20241031,11,65.463,63.817,63.498,98.913,25.069,1.029,0.0,0.0,0.0,47.623,1
20241101,11,62.363,60.753,60.449,96.409,24.502,1.098,0.0,0.0,0.0,45.337,1
20241102,11,57.468,55.283,55.007,98.211,22.165,2.336,0.0,0.0,0.0,41.255,1
20241103,11,65.727,63.956,63.636,95.967,25.943,1.212,0.0,0.0,0.0,47.727,1
20241104,11,62.368,60.669,60.366,99.873,23.655,1.243,0.0,0.0,0.0,45.274,1
20241105,11,59.514,58.213,57.922,94.935,23.746,0.696,0.0,0.0,0.0,43.441,1
20241106,11,75.71,74.574,74.201,99.08,28.944,0.0,0.0,0.0,0.0,55.651,1
20241107,11,53.492,51.939,51.679,98.646,20.54,1.425,0.0,0.0,0.0,38.759,1
20241108,11,63.433,61.611,61.303,99.702,24.099,1.393,0.0,0.0,0.0,45.978,1
20241109,11,66.934,65.253,64.927,97.497,26.005,1.027,0.342,0.0,0.0,48.695,1
20241110,11,69.673,68.628,68.285,97.001,27.207,0.0,0.0,0.0,0.0,51.213,1
20241111,11,56.213,54.328,54.056,97.701,21.794,1.883,0.0,0.0,0.0,40.542,1
20241112,11,58.577,56.177,55.896,93.88,23.635,2.637,0.0,0.0,0.0,41.922,1
20241113,11,60.04,58.677,58.383,97.384,23.353,0.782,0.0,0.0,0.0,43.787,1
20241114,11,61.035,59.336,59.04,98.255,23.53,1.303,0.0,0.0,0.0,44.28,1
20241115,11,49.311,47.849,47.609,94.782,19.707,1.488,0.0,0.0,0.0,35.707,1
20241116,11,69.805,66.893,66.559,99.624,26.541,2.712,0.0,0.0,0.0,49.919,1
20241117,11,68.908,66.587,66.254,98.12,26.602,1.896,0.0,0.0,0.0,49.691,1
20241118,11,70.589,67.45,67.113,97.901,27.312,2.992,0.0,0.0,0.0,50.335,1
20241119,11,69.414,67.467,67.13,98.313,26.745,1.325,0.0,0.0,0.0,50.347,1
20241120,11,69.641,68.278,67.937,99.311,26.562,0.465,0.0,0.0,0.0,50.952,1
20241121,11,72.063,70.151,69.8,97.974,27.861,1.171,0.0,0.0,0.0,52.35,1
20241122,11,71.345,69.415,69.068,97.232,27.794,1.223,0.0,0.0,0.0,51.801,1
20241123,11,52.992,51.38,51.124,97.173,20.657,1.564,0.0,0.0,0.0,38.343,1
20241124,11,68.312,67.288,66.951,97.849,26.445,0.0,0.0,0.0,0.0,50.213,1
20241125,11,58.62,57.193,56.907,98.164,22.62,0.948,0.0,0.0,0.0,42.68,1
20241126,11,86.2,84.548,84.125,97.097,33.628,0.424,0.0,0.0,0.0,63.094,1
20241127,11,63.903,62.079,61.769,95.581,25.325,1.374,0.0,0.0,0.0,46.327,1
20241128,11,64.755,63.216,62.9,96.786,25.343,0.89,0.0,0.0,0.0,47.175,1
20241129,11,71.601,69.997,69.647,95.045,28.535,0.751,0.0,0.0,0.0,52.235,1
20241130,11,70.664,67.975,67.635,97.307,27.508,2.341,0.0,0.0,0.0,50.726,1
20241201,11,66.137,64.499,64.177,94.859,26.41,0.992,0.0,0.0,0.0,48.133,1
20241202,11,75.16,72.93,72.565,96.077,29.632,1.49,0.0,0.0,0.0,54.424,1
20241203,11,70.631,69.571,69.223,96.117,27.835,0.0,0.0,0.0,0.0,51.917,1
20241204,11,65.138,63.758,63.439,97.269,25.366,0.628,0.0,0.0,0.0,47.579,1
20241205,11,69.488,67.878,67.538,94.699,27.795,0.83,0.0,0.0,0.0,50.654,1
20241206,11,75.415,73.427,73.06,98.277,29.067,1.153,0.0,0.0,0.0,54.795,1
20241207,11,82.431,79.829,79.43,99.692,31.32,1.683,0.0,0.0,0.0,59.572,1
20241208,11,61.582,60.24,59.938,99.452,23.455,0.69,0.0,0.0,0.0,44.954,1
20241209,11,75.071,73.775,73.407,96.672,29.415,0.229,0.152,0.0,0.0,55.055,1
20241210,11,88.145,85.743,85.314,97.37,34.29,1.243,0.0,0.03,0.0,63.986,1
20241211,11,66.688,65.688,65.359,94.076,26.851,0.0,0.0,0.0,0.0,49.02,1
20241212,11,70.782,65.263,64.937,99.75,26.879,6.392,0.0,0.0,0.0,48.703,1
20241213,11,76.929,75.468,75.091,97.603,29.856,0.405,0.0,0.0,0.0,56.318,1
20241214,11,60.365,57.715,57.427,98.391,23.24,2.934,0.0,0.482,0.0,43.07,1
20241215,11,77.776,76.609,76.226,97.082,30.346,0.0,0.0,0.0,0.0,57.17,1
20241216,11,56.04,54.707,54.433,98.471,21.557,0.892,0.0,0.0,0.0,40.825,1
20241217,11,72.247,71.163,70.808,97.061,28.195,0.0,0.0,0.0,0.0,53.106,1
20241218,11,57.369,56.353,56.071,95.438,22.769,0.276,0.0,0.0,0.0,42.053,1
20241219,11,77.132,73.986,73.616,97.999,29.813,2.617,0.0,0.0,0.0,55.212,1
20241220,11,71.824,70.039,69.688,97.148,28.005,1.001,0.0,0.0,0.0,52.266,1
20241221,11,75.546,72.799,72.435,97.573,29.328,2.169,0.207,0.0,0.0,54.326,1
20241222,11,71.644,70.57,70.217,96.204,28.209,0.0,0.0,0.0,0.0,52.663,1
20241223,11,90.793,89.217,88.771,97.452,35.29,0.239,0.0,0.0,0.0,66.578,1
20241224,11,68.61,67.257,66.92,95.234,27.289,0.48,0.0,0.0,0.0,50.19,1
20241225,11,66.797,64.305,63.983,96.747,26.153,2.266,0.0,0.0,0.0,47.987,1
20241226,11,77.63,75.214,74.838,99.449,29.568,1.637,0.0,0.0,0.0,56.129,1
20241227,11,81.074,79.445,79.048,96.404,31.855,0.516,0.0,0.0,0.0,59.286,1
20241228,11,71.446,70.075,69.725,98.18,27.565,0.426,0.0,0.0,0.0,52.293,1
20241229,11,72.942,70.932,70.577,96.096,28.752,1.276,0.073,0.0,0.0,52.933,1
20241230,11,86.785,85.389,84.962,97.682,33.653,0.11,0.0,0.125,0.0,63.722,1
20241231,11,84.547,83.185,82.769,97.035,33.004,0.113,0.0,0.0,0.0,62.077,1
20250101,11,81.856,80.144,79.744,98.648,31.431,0.6,0.0,0.0,0.0,59.808,1
20250102,11,62.416,61.479,61.172,97.012,24.371,0.0,0.0,0.0,0.0,45.879,1
20250103,11,63.73,61.294,60.987,95.919,25.167,2.358,0.0,0.0,0.0,45.741,1
20250104,11,78.971,77.787,77.398,99.125,30.178,0.0,0.0,0.0,0.0,58.048,1
20250105,11,72.29,69.337,68.99,95.963,28.535,2.624,0.0,0.0,0.0,51.743,1
20250106,11,63.011,61.64,61.331,96.596,24.709,0.686,0.0,0.0,0.0,45.999,1
20250107,11,79.646,77.432,77.045,97.547,30.927,1.299,0.0,0.0,0.0,57.784,1
20250108,11,74.848,73.725,73.357,94.176,30.105,0.0,0.0,0.0,0.0,55.017,1
20250109,11,69.346,67.391,67.054,97.685,26.89,1.339,0.0,0.0,0.0,50.291,1
20250110,11,70.455,68.529,68.187,96.093,27.773,1.253,0.0,0.0,0.0,51.14,1
20250111,11,72.449,69.149,68.803,97.748,28.075,3.102,0.0,0.0,0.0,51.602,1
20250112,11,73.295,72.111,71.75,96.568,28.75,0.117,0.0,0.0,0.0,53.813,1
20250113,11,93.872,90.629,90.175,100.0,35.557,1.985,0.0,0.0,0.0,67.632,1
20250114,11,87.877,86.559,86.126,95.532,34.844,0.0,0.0,0.0,0.0,64.594,1
20250115,11,77.617,74.522,74.149,99.025,29.69,2.525,0.0,0.0,0.0,55.612,1
20250116,11,82.378,79.727,79.328,96.567,32.313,1.745,0.0,0.0,0.0,59.496,1
20250117,11,77.689,75.379,75.002,96.508,30.493,1.497,0.0,0.0,0.0,56.251,1
20250118,11,75.08,72.466,72.103,97.678,29.115,2.012,0.0,0.0,0.0,54.077,1
20250119,11,73.351,71.444,71.086,96.313,28.848,1.117,0.0,0.0,0.0,53.315,1
20250120,11,70.198,67.637,67.298,95.784,27.761,2.182,0.0,0.0,0.0,50.474,1
20250121,11,74.464,72.945,72.58,98.627,28.599,0.549,0.0,0.0,0.0,54.435,1
20250122,11,75.59,71.892,71.532,97.419,29.391,3.444,0.0,0.0,0.0,53.649,1
20250123,11,84.472,82.123,81.712,95.775,33.409,1.301,0.0,0.0,0.0,61.284,1
20250124,11,57.479,54.804,54.53,97.062,22.431,3.202,0.0,0.0,0.0,40.897,1
20250125,11,87.994,85.235,84.809,99.237,33.587,1.66,0.0,0.0,0.0,63.607,1
20250126,11,66.336,65.341,65.014,99.219,25.325,0.0,0.0,0.0,0.0,48.761,1
20250127,11,78.408,77.232,76.846,99.008,29.997,0.0,0.0,0.0,0.0,57.634,1
20250128,11,63.386,60.541,60.238,97.731,24.567,3.035,0.0,0.0,0.0,45.179,1
20250129,11,64.166,62.395,62.083,96.981,25.062,1.28,0.0,0.0,0.0,46.562,1
20250130,11,73.218,71.207,70.851,98.559,28.14,1.265,0.0,0.0,0.0,53.138,1
20250131,11,66.663,63.473,63.156,98.015,25.763,3.335,0.0,0.0,0.0,47.367,1
20250201,11,70.957,68.103,67.763,98.248,27.357,2.56,0.0,0.0,0.0,50.822,1
20250202,11,74.265,72.557,72.194,95.698,29.395,0.813,0.0,0.0,0.0,54.146,1
20250203,11,72.46,70.703,70.349,98.603,27.836,0.94,0.0,0.0,0.0,52.762,1
20250204,11,57.742,56.267,55.985,96.435,22.681,1.072,0.0,0.0,0.0,41.989,1
20250205,11,66.826,64.158,63.837,97.729,25.901,2.53,0.0,0.0,0.0,47.878,1
20250206,11,80.367,79.162,78.766,97.143,31.337,0.0,0.0,0.0,0.0,59.074,1
20250207,11,90.037,86.424,85.992,98.625,34.58,2.551,0.0,0.0,0.0,64.494,1
20250208,11,62.839,60.478,60.175,97.132,24.506,2.293,0.0,0.0,0.0,45.131,1
20250209,11,75.466,71.718,71.36,97.814,29.224,3.519,0.0,0.0,0.0,53.52,1
20250210,11,74.829,72.939,72.574,98.334,28.824,1.041,0.0,0.0,0.0,54.431,1
20250211,11,69.293,66.878,66.544,94.313,27.83,2.016,0.0,0.0,0.0,49.908,1
20250212,11,68.936,67.228,66.892,100.0,26.112,0.993,0.0,0.0,0.0,50.169,1
20250213,11,73.978,71.522,71.165,99.85,28.064,1.847,0.0,0.0,0.0,53.373,1
20250214,11,75.5,73.318,72.951,97.565,29.313,1.412,0.0,0.0,0.0,54.713,1
20250215,11,79.893,78.043,77.652,98.088,30.852,0.828,0.0,0.0,0.0,58.239,1
20250216,11,80.113,78.648,78.255,97.265,31.199,0.333,0.0,0.0,0.0,58.691,1
20250217,11,74.574,71.264,70.908,97.071,29.1,2.983,0.0,0.0,0.0,53.181,1
20250218,11,75.426,74.295,73.923,99.128,28.822,0.0,0.0,0.0,0.0,55.443,1
20250219,11,71.414,67.952,67.613,98.693,27.409,3.398,0.0,0.0,0.0,50.709,1
20250220,11,67.134,65.36,65.033,100.0,25.43,1.16,0.0,0.0,0.0,48.775,1
20250221,11,70.033,68.728,68.384,97.488,27.211,0.37,0.0,0.0,0.0,51.288,1
20250222,11,66.11,64.936,64.612,95.431,26.241,0.279,0.0,0.0,0.0,48.459,1
20250223,11,68.994,66.839,66.504,95.828,27.272,1.649,0.0,0.0,0.0,49.878,1
20250224,11,79.452,78.261,77.869,100.0,30.096,0.0,0.0,0.0,0.0,58.402,1
20250225,11,74.793,72.598,72.235,99.093,28.59,1.456,0.0,0.0,0.0,54.176,1
20250226,11,57.891,55.569,55.291,97.72,22.44,2.548,0.0,0.0,0.0,41.469,1
20250227,11,78.492,77.314,76.928,96.744,30.732,0.0,0.0,0.0,0.0,57.696,1
20250228,11,68.332,67.226,66.89,95.954,26.975,0.12,0.385,0.0,0.0,50.168,1
20250301,11,74.115,72.604,72.241,100.0,28.074,0.547,0.0,0.0,0.0,54.181,1
20250302,11,67.35,65.736,65.407,97.343,26.208,0.91,0.0,0.0,0.0,49.055,1
20250303,11,56.193,54.653,54.38,99.42,21.41,1.26,0.0,0.0,0.0,40.785,1
20250304,11,79.946,77.074,76.689,99.05,30.573,2.123,0.0,0.0,0.0,57.517,1
20250305,11,79.435,78.243,77.852,96.985,31.024,0.0,0.0,0.0,0.0,58.389,1
20250306,11,74.064,72.416,72.054,98.479,28.488,0.735,0.0,0.0,0.0,54.041,1
20250307,11,65.09,62.987,62.672,96.967,25.427,1.759,0.0,0.0,0.0,47.004,1
20250308,11,70.0,68.95,68.605,97.871,27.092,0.0,0.0,0.0,0.0,51.454,1
20250309,11,79.116,77.008,76.623,96.536,31.044,1.182,0.0,0.0,0.0,57.468,1
20250310,11,65.832,62.567,62.254,97.069,25.689,3.513,0.0,0.0,0.0,46.69,1
20250311,11,70.193,67.108,66.772,96.881,27.444,2.939,0.0,0.0,0.0,50.079,1
20250312,11,58.322,57.447,57.16,96.839,22.813,0.0,0.0,0.0,0.0,42.87,1
20250313,11,58.855,57.738,57.449,96.501,23.102,0.404,0.0,0.0,0.0,43.087,1
20250314,11,65.194,63.099,62.784,97.321,25.374,1.738,0.0,0.0,0.0,47.088,1
20250315,11,50.197,48.151,47.91,98.459,19.312,2.616,0.0,0.0,0.0,35.933,1
20250316,11,54.866,53.532,53.264,95.617,21.735,0.946,0.0,0.0,0.0,39.948,1
20250317,11,74.128,71.665,71.306,98.095,28.624,1.85,0.0,0.0,0.0,53.48,1
20250318,11,65.733,64.747,64.423,96.858,25.707,0.0,0.0,0.0,0.0,48.318,1
20250319,11,76.564,75.416,75.039,96.394,30.087,0.0,0.0,0.0,0.0,56.279,1
20250320,11,77.344,75.08,74.705,99.122,29.556,1.449,0.0,0.0,0.0,56.029,1
20250321,11,51.527,50.754,50.5,94.319,20.693,0.0,0.0,0.0,0.0,37.875,1
20250322,11,58.082,56.401,56.119,97.316,22.607,1.416,0.0,0.0,0.0,42.089,1
20250323,11,70.227,67.967,67.628,94.968,28.011,1.744,0.0,0.0,0.0,50.721,1
20250324,11,61.805,59.919,59.619,96.748,24.198,1.576,0.0,0.596,0.0,44.714,1
20250325,11,65.376,62.749,62.436,95.611,25.9,2.556,0.0,0.0,0.0,46.827,1
20250326,11,64.731,62.66,62.347,97.266,25.208,1.724,0.0,0.0,0.0,46.76,1
20250327,11,64.768,62.859,62.544,98.169,24.991,1.47,0.0,0.0,0.0,46.908,1
20250328,11,57.502,56.549,56.266,97.826,22.265,0.16,0.0,0.0,0.0,42.199,1
20250329,11,56.537,54.436,54.164,96.88,22.105,2.251,0.0,0.0,0.0,40.623,1
20250330,11,62.912,61.968,61.659,95.787,24.878,0.0,0.0,0.0,0.0,46.244,1
20250331,11,53.149,51.193,50.937,98.596,20.419,2.214,0.0,0.0,0.0,38.203,1
20250401,11,63.788,61.698,61.39,95.161,25.391,1.804,0.0,0.0,0.0,46.042,1
20250402,11,57.842,55.316,55.039,95.291,22.993,2.912,0.0,0.0,0.0,41.279,1
20250403,11,59.081,56.3,56.018,96.527,23.184,3.257,0.0,0.0,0.0,42.014,1
20250404,11,64.559,62.963,62.648,99.252,24.639,0.988,0.0,0.0,0.0,46.986,1
20250405,11,63.858,62.9,62.585,98.128,24.65,0.0,0.0,0.0,0.0,46.939,1
20250406,11,64.942,63.378,63.061,96.515,25.487,0.922,0.317,0.0,0.0,47.296,1
20250407,11,75.035,72.838,72.474,95.855,29.652,1.45,0.0,0.0,0.0,54.355,1
20250408,11,71.617,70.239,69.888,96.545,28.098,0.429,0.0,0.0,0.0,52.416,1
20250409,11,56.265,54.393,54.121,99.878,21.338,1.855,0.0,0.0,0.0,40.591,1
20250410,11,63.567,62.614,62.3,96.971,24.831,0.0,0.0,0.0,0.0,46.725,1
20250411,11,64.604,63.635,63.317,97.6,25.073,0.0,0.0,0.0,0.0,47.488,1
20250412,11,59.604,58.347,58.055,96.187,23.472,0.619,0.0,0.0,0.0,43.541,1
20250413,11,65.637,62.502,62.19,97.339,25.542,3.326,0.0,0.0,0.0,46.642,1
20250414,11,65.973,64.001,63.681,97.052,25.749,1.512,0.0,0.0,0.0,47.761,1
20250415,11,59.652,58.482,58.189,96.908,23.316,0.468,0.0,0.0,0.0,43.642,1
20250416,11,59.709,58.182,57.891,98.436,22.977,1.074,0.0,0.0,0.0,43.418,1
20250417,11,62.591,60.769,60.465,99.207,23.898,1.432,0.0,0.0,0.0,45.349,1
20250418,11,61.657,59.716,59.417,95.357,24.492,1.673,0.0,0.0,0.0,44.563,1
20250419,11,57.221,55.883,55.604,98.387,22.03,0.851,0.0,0.0,0.0,41.703,1
20250420,11,71.844,68.748,68.404,94.09,28.923,2.852,0.0,0.0,0.0,51.303,1
20250421,11,65.93,64.157,63.837,97.779,25.541,1.207,0.0,0.0,0.0,47.877,1
20250422,11,56.626,54.418,54.146,96.959,22.122,2.436,0.183,0.0,0.0,40.609,1
20250423,11,71.629,70.218,69.867,96.852,28.014,0.477,0.0,0.0,0.0,52.4,1
20250424,11,57.927,56.729,56.445,97.629,22.475,0.577,0.0,0.0,0.0,42.334,1
20250425,11,53.487,52.685,52.422,97.47,20.786,0.0,0.0,0.108,0.0,39.316,1
20250426,11,69.295,67.266,66.93,98.719,26.589,1.45,0.0,0.26,0.0,50.197,1
20250427,11,70.446,69.389,69.042,97.142,27.469,0.0,0.0,0.0,0.0,51.782,1
20250428,11,68.838,65.964,65.634,96.852,26.923,2.717,0.0,0.0,0.0,49.225,1
20250429,11,54.553,52.447,52.185,97.437,21.208,2.397,0.0,0.0,0.0,39.139,1
20250430,11,53.212,51.304,51.048,95.592,21.086,2.118,0.0,0.0,0.0,38.286,1
20250501,11,61.453,60.369,60.067,98.359,23.666,0.268,0.0,0.0,0.0,45.05,1
20250502,11,62.502,61.564,61.257,99.884,23.703,0.0,0.0,0.0,0.0,45.942,1
20250503,11,63.083,60.93,60.625,97.437,24.524,1.942,0.0,0.0,0.0,45.469,1
20250504,11,55.063,53.404,53.137,95.183,21.913,1.538,0.169,0.0,0.0,39.852,1
20250505,11,49.843,47.835,47.595,98.146,19.236,2.567,0.0,0.0,0.0,35.697,1
20250506,11,61.208,60.161,59.86,97.235,23.844,0.214,0.0,0.0,0.0,44.895,1
20250507,11,57.745,55.304,55.028,96.354,22.701,2.768,0.0,0.0,0.0,41.271,1
20250508,11,53.856,52.875,52.611,98.813,20.645,0.327,0.0,0.0,0.0,39.458,1
20250509,11,66.209,64.879,64.554,95.824,26.172,0.517,0.0,0.0,0.0,48.416,1
20250510,11,63.56,62.207,61.896,95.967,25.088,0.639,0.0,0.0,0.0,46.422,1
20250511,11,57.906,55.643,55.365,98.617,22.242,2.445,0.0,0.0,0.0,41.524,1
20250512,11,54.277,53.124,52.859,97.148,21.163,0.633,0.0,0.0,0.0,39.644,1
20250513,11,61.402,60.266,59.964,95.399,24.38,0.356,0.0,0.0,0.0,44.973,1
20250514,11,47.377,46.666,46.433,97.604,18.386,0.0,0.0,0.0,0.0,34.825,1
20250515,11,63.459,60.415,60.113,98.292,24.455,3.347,0.456,0.0,0.0,45.085,1
20250516,11,58.168,56.395,56.113,95.415,23.092,1.571,0.0,0.0,0.0,42.085,1
20250517,11,52.932,51.577,51.319,95.809,20.927,1.077,0.0,0.0,0.0,38.489,1
20250518,11,55.688,53.827,53.558,96.049,21.962,1.87,0.0,0.0,0.0,40.168,1
20250519,11,56.315,53.736,53.467,97.005,21.99,3.127,0.0,0.0,0.0,40.1,1
20250520,11,43.821,42.783,42.569,98.133,16.915,0.881,0.0,0.0,0.0,31.927,1
20250521,11,54.23,52.565,52.302,96.506,21.285,1.593,0.0,0.0,0.0,39.227,1
20250522,11,50.619,48.961,48.716,96.86,19.796,1.803,0.0,0.0,0.0,36.537,1
20250523,11,55.07,53.149,52.883,98.899,21.092,2.019,0.0,0.0,0.0,39.662,1
20250524,11,63.894,61.853,61.543,95.38,25.374,1.72,0.0,0.0,0.0,46.157,1
20250525,11,66.11,63.922,63.602,100.0,25.042,1.837,0.0,0.0,0.0,47.702,1
20250526,11,51.91,51.131,50.875,100.0,19.663,0.0,0.0,0.0,0.0,38.157,1
20250527,11,54.167,51.828,51.569,95.722,21.435,2.86,0.0,0.0,0.0,38.677,1
20250528,11,50.043,48.739,48.495,94.962,19.961,1.123,0.0,0.0,0.0,36.371,1
20250529,11,61.235,59.283,58.987,98.071,23.651,1.712,0.0,0.0,0.0,44.24,1
20250530,11,46.545,45.255,45.029,97.887,18.011,1.291,0.0,0.0,0.0,33.772,1
20250531,11,56.941,55.49,55.213,97.893,22.033,1.063,0.0,0.0,0.0,41.41,1
20250601,11,46.431,45.203,44.977,94.426,18.626,1.164,0.0,0.0,0.0,33.732,1
20250602,11,52.339,50.736,50.482,98.66,20.095,1.587,0.0,0.0,0.0,37.862,1
20250603,11,55.217,53.792,53.523,96.825,21.601,1.097,0.0,0.0,0.0,40.143,1
20250604,11,58.227,55.689,55.411,97.269,22.675,2.902,0.0,0.0,0.0,41.558,1
20250605,11,52.404,50.214,49.963,96.044,20.667,2.719,0.0,0.0,0.0,37.472,1
20250606,11,52.956,51.435,51.178,94.934,21.13,1.394,0.0,0.0,0.0,38.383,1
20250607,11,63.08,61.079,60.774,98.684,24.212,1.697,0.0,0.0,0.0,45.58,1
20250608,11,48.698,46.923,46.688,98.332,18.759,2.178,0.0,0.0,0.0,35.016,1
20250609,11,39.996,38.7,38.506,96.683,15.67,1.766,0.0,0.0,0.0,28.88,1
20250610,11,48.274,46.454,46.222,97.424,18.769,2.305,0.0,0.0,0.0,34.666,1
20250611,11,56.521,55.206,54.93,97.598,21.936,0.838,0.0,0.0,0.0,41.197,1
20250612,11,54.728,53.675,53.406,96.747,21.427,0.431,0.0,0.0,0.0,40.055,1
20250613,11,59.364,57.106,56.821,98.65,22.794,2.339,0.0,0.0,0.0,42.616,1
20250614,11,56.363,54.861,54.587,98.459,21.684,1.182,0.0,0.0,0.0,40.94,1
20250615,11,57.595,56.731,56.448,96.136,22.693,0.0,0.671,0.092,0.0,42.336,1
20250616,11,53.662,52.09,51.83,96.389,21.088,1.45,0.0,0.0,0.0,38.873,1
20250617,11,42.018,41.345,41.139,95.421,16.68,0.103,0.0,0.0,0.0,30.854,1
20250618,11,50.517,48.675,48.431,100.0,19.135,2.179,0.0,0.0,0.0,36.323,1
20250619,11,50.001,49.251,49.005,94.839,19.971,0.0,0.0,0.0,0.0,36.754,1
20250620,11,51.63,49.825,49.575,96.675,20.23,2.028,0.0,0.0,0.0,37.182,1
20250621,11,46.257,44.348,44.126,98.274,17.829,2.667,0.0,0.0,0.0,33.095,1
20250622,11,54.018,53.208,52.942,97.234,21.043,0.0,0.0,0.0,0.0,39.706,1
20250623,11,53.843,52.79,52.526,99.462,20.505,0.463,0.0,0.217,0.0,39.395,1
20250624,11,49.095,48.348,48.107,98.42,18.895,0.021,0.0,0.0,0.0,36.08,1
20250625,11,49.803,48.978,48.733,96.903,19.467,0.158,0.018,0.0,0.0,36.55,1
20250626,11,49.969,48.069,47.829,96.952,19.523,2.337,0.0,0.0,0.0,35.872,1
20250627,11,53.192,51.958,51.698,96.293,20.924,0.831,0.0,0.0,0.0,38.774,1
20250628,11,47.193,46.117,45.886,97.084,18.413,0.792,0.0,0.0,0.0,34.415,1
20250629,11,53.75,51.678,51.42,97.593,20.862,2.391,0.0,0.0,0.0,38.565,1
20250630,11,54.069,52.803,52.539,95.513,21.443,0.855,0.0,0.0,0.0,39.404,1
20250701,11,38.457,37.078,36.893,96.405,15.11,2.118,0.0,0.0,0.0,27.67,1
20250702,11,45.832,44.776,44.552,98.903,17.553,0.817,0.0,0.0,0.0,33.414,1
20250703,11,52.252,50.508,50.255,97.559,20.287,1.866,0.0,0.0,0.0,37.691,1
20250704,11,48.954,48.192,47.951,100.0,18.543,0.059,0.0,0.0,0.0,35.963,1
20250705,11,56.693,55.505,55.228,98.741,21.749,0.605,0.0,0.0,0.0,41.421,1
20250706,11,51.107,50.282,50.03,97.722,19.81,0.115,0.05,0.0,0.0,37.523,1
20250707,11,45.96,45.271,45.045,98.932,17.597,0.0,0.0,0.0,0.0,33.783,1
20250708,11,39.514,38.151,37.96,98.865,15.139,1.98,0.0,0.0,0.0,28.47,1
20250709,11,57.955,55.751,55.472,95.191,23.062,2.338,0.0,0.0,0.0,41.604,1
20250710,11,48.725,47.65,47.411,96.903,19.046,0.718,0.0,0.0,0.0,35.559,1
20250711,11,50.361,48.956,48.711,96.585,19.751,1.31,0.0,0.0,0.0,36.533,1
20250712,11,52.906,51.45,51.193,98.375,20.371,1.271,0.0,0.0,0.0,38.395,1
20250713,11,47.14,44.836,44.612,96.145,18.572,3.439,0.0,0.0,0.0,33.459,1
20250714,11,50.298,48.814,48.57,98.016,19.438,1.473,0.0,0.239,0.0,36.428,1
20250715,11,60.211,58.599,58.306,99.654,22.886,1.195,0.0,0.0,0.0,43.729,1
20250716,11,46.519,45.556,45.328,97.072,18.152,0.579,0.0,0.0,0.0,33.996,1
20250717,11,41.753,40.182,39.981,96.266,16.429,2.297,0.0,0.0,0.0,29.986,1
20250718,11,50.336,48.324,48.082,95.206,20.027,2.535,0.0,0.0,0.0,36.062,1
20250719,11,53.726,52.752,52.488,96.665,21.053,0.318,0.0,0.0,0.0,39.366,1
20250720,11,44.019,42.473,42.261,97.841,17.042,2.041,0.0,0.0,0.0,31.696,1
20250721,11,48.753,48.022,47.782,96.111,19.214,0.0,0.0,0.0,0.0,35.836,1
20250722,11,53.054,51.274,51.018,95.441,21.056,1.883,0.0,0.0,0.0,38.263,1
20250723,11,48.615,46.655,46.422,94.938,19.397,2.57,0.0,0.088,0.0,34.817,1
20250724,11,59.958,58.767,58.474,98.422,23.075,0.493,0.0,0.0,0.0,43.855,1
20250725,11,35.846,34.96,34.785,95.626,14.199,0.986,0.0,0.0,0.0,26.089,1
20250726,11,41.137,39.542,39.345,96.219,16.194,2.412,0.0,0.0,0.0,29.509,1
20250727,11,51.705,50.317,50.065,99.907,19.603,1.203,0.0,0.0,0.0,37.549,1
20250728,11,48.238,47.515,47.277,100.0,18.272,0.0,0.0,0.0,0.0,35.458,1
20250729,11,39.274,38.338,38.147,94.399,15.759,0.894,0.0,0.0,0.0,28.61,1
20250730,11,54.57,52.068,51.808,98.195,21.05,3.131,0.0,0.0,0.0,38.856,1
20250731,11,43.887,43.229,43.013,98.225,16.924,0.0,0.0,0.0,0.0,32.26,1
20250801,11,46.892,46.188,45.957,96.866,18.337,0.0,0.0,0.0,0.0,34.468,1
20250802,11,48.913,47.659,47.421,95.615,19.377,1.08,0.0,0.0,0.0,35.565,1
20250803,11,47.699,46.009,45.779,97.265,18.576,2.074,0.0,0.0,0.0,34.334,1
20250804,11,45.424,44.261,44.039,98.403,17.485,1.078,0.0,0.0,0.0,33.03,1
20250805,11,51.331,49.77,49.521,98.938,19.652,1.564,0.0,0.0,0.0,37.141,1
20250806,11,49.209,47.155,46.92,98.575,18.909,2.713,0.0,0.0,0.0,35.19,1
20250807,11,52.382,50.7,50.447,96.236,20.618,1.737,0.0,0.0,0.0,37.835,1
20250808,11,38.703,38.123,37.932,96.299,15.224,0.0,0.0,0.0,0.0,28.449,1
20250809,11,50.714,49.482,49.234,96.767,19.852,0.944,0.0,0.0,0.0,36.926,1
20250810,11,43.86,43.202,42.986,99.689,16.665,0.0,0.0,0.0,0.0,32.239,1
20250811,11,55.402,54.571,54.298,98.389,21.329,0.0,0.0,0.0,0.0,40.724,1
20250812,11,56.348,54.347,54.075,97.166,21.967,2.083,0.0,0.0,0.0,40.556,1
20250813,11,55.363,54.448,54.176,96.66,21.695,0.154,0.0,0.0,0.0,40.632,1
20250814,11,59.622,58.728,58.434,96.353,23.439,0.0,0.0,0.0,0.0,43.825,1
20250815,11,43.731,42.607,42.394,98.868,16.754,1.087,0.0,0.0,0.0,31.795,1
20250816,11,46.109,44.984,44.759,98.13,17.798,0.954,0.0,0.0,0.0,33.569,1
20250817,11,44.263,42.866,42.652,96.552,17.365,1.679,0.0,0.0,0.0,31.989,1
20250818,11,46.29,45.596,45.368,95.515,18.358,0.0,0.0,0.0,0.0,34.026,1
20250819,11,43.553,42.704,42.491,94.442,17.468,0.456,0.0,0.0,0.0,31.868,1
20250820,11,53.585,50.703,50.449,95.034,21.358,3.938,0.0,0.0,0.0,37.837,1
20250821,11,55.572,53.933,53.663,98.207,21.434,1.473,0.0,0.0,0.0,40.247,1
20250822,11,59.254,57.233,56.947,98.14,22.87,1.94,0.0,0.0,0.0,42.71,1
20250823,11,48.509,47.781,47.542,97.71,18.805,0.0,0.0,0.0,0.0,35.657,1
20250824,11,53.791,51.517,51.259,97.298,20.941,2.769,0.0,0.0,0.0,38.445,1
20250825,11,56.062,54.257,53.986,98.298,21.603,1.745,0.0,0.0,0.0,40.49,1
20250826,11,50.733,49.256,49.01,98.176,19.574,1.432,0.0,0.0,0.0,36.757,1
20250827,11,52.697,51.722,51.463,96.776,20.626,0.356,0.0,0.0,0.0,38.597,1
20250828,11,57.257,55.919,55.639,97.859,22.163,0.851,0.0,0.0,0.0,41.729,1
20250829,11,54.514,53.332,53.066,99.83,20.684,0.679,0.0,0.0,0.0,39.799,1
20250830,11,54.245,51.623,51.365,95.168,21.591,3.386,0.0,0.0,0.0,38.523,1
20250831,11,61.009,59.585,59.287,97.112,23.796,0.846,0.0,0.0,0.0,44.465,1
20250901,11,60.45,59.539,59.242,98.122,23.336,0.007,0.0,0.0,0.0,44.431,1
20250902,11,49.919,49.17,48.924,98.28,19.239,0.0,0.0,0.0,0.0,36.693,1
20250903,11,58.754,56.915,56.63,96.939,22.958,1.655,0.0,0.0,0.0,42.472,1
20250904,11,52.529,51.447,51.19,98.169,20.268,0.568,0.0,0.0,0.0,38.392,1
20250905,11,53.122,51.772,51.513,97.092,20.724,1.056,0.264,0.0,0.0,38.635,1
20250906,11,55.375,53.833,53.564,98.262,21.346,1.304,0.0,0.0,0.0,40.173,1
20250907,11,56.548,55.16,54.884,95.5,22.429,0.969,0.0,0.0,0.0,41.163,1
20250908,11,42.724,42.083,41.873,98.361,16.453,0.0,0.0,0.0,0.0,31.404,1
20250909,11,51.367,50.596,50.343,94.841,20.515,0.0,0.0,0.269,0.0,37.757,1
20250910,11,56.284,54.821,54.547,96.509,22.091,1.116,0.0,0.0,0.0,40.91,1
20250911,11,59.345,57.015,56.73,97.709,23.006,2.464,0.0,0.0,0.0,42.547,1
20250912,11,56.587,55.066,54.791,99.504,21.541,1.205,0.0,0.0,0.0,41.093,1
20250913,11,54.168,52.645,52.381,97.034,21.145,1.333,0.0,0.0,0.0,39.286,1
20250914,11,62.73,61.033,60.728,98.721,24.069,1.223,0.0,0.0,0.0,45.546,1
20250915,11,49.749,48.056,47.816,96.976,19.432,1.932,0.0,0.0,0.0,35.862,1
20250916,11,59.278,57.752,57.463,94.902,23.66,1.09,0.0,0.0,0.0,43.098,1
20250917,11,56.72,55.843,55.563,100.0,21.485,0.048,0.0,0.0,0.0,41.673,1
20250918,11,49.51,48.408,48.166,95.856,19.565,0.737,0.0,0.0,0.0,36.125,1
20250919,11,50.201,49.448,49.201,95.613,19.888,0.0,0.226,0.0,0.0,36.901,1
20250920,11,57.82,56.676,56.393,97.392,22.488,0.486,0.362,0.0,0.0,42.295,1
20250921,11,58.976,57.968,57.679,96.526,23.143,0.211,0.0,0.0,0.0,43.259,1
20250922,11,45.224,43.391,43.174,94.414,18.144,2.592,0.0,0.095,0.0,32.381,1
20250923,11,52.999,51.499,51.242,94.32,21.285,1.351,0.0,0.0,0.0,38.431,1
20250924,11,43.958,42.91,42.695,97.087,17.15,0.899,0.0,0.0,0.0,32.021,1
20250925,11,56.69,55.672,55.394,96.754,22.194,0.3,0.0,0.0,0.0,41.545,1
20250926,11,52.556,51.767,51.509,95.131,20.926,0.0,0.0,0.0,0.0,38.631,1
20250927,11,62.48,61.096,60.791,97.348,24.311,0.725,0.0,0.0,0.0,45.593,1
20250928,11,49.277,48.247,48.006,98.856,18.882,0.6,0.0,0.0,0.0,36.004,1
20250929,11,47.358,45.905,45.675,100.0,17.939,1.593,0.0,0.0,0.0,34.256,1
20250930,11,48.449,46.242,46.011,94.168,19.488,3.1,0.0,0.0,0.0,34.508,1
20251001,11,61.519,60.412,60.11,97.681,23.856,0.304,0.0,0.0,0.0,45.082,1
20251002,11,55.131,53.725,53.456,98.428,21.216,1.066,0.0,0.0,0.0,40.092,1
20251003,11,64.406,61.925,61.615,100.0,24.396,2.388,0.0,0.0,0.0,46.211,1
20251004,11,52.307,51.522,51.265,96.02,20.635,0.0,0.0,0.0,0.0,38.449,1
20251005,11,46.299,45.604,45.376,99.592,17.609,0.0,0.0,0.0,0.0,34.032,1
20251006,11,66.622,64.451,64.129,97.328,25.928,1.785,0.0,0.0,0.0,48.097,1
20251007,11,57.762,56.099,55.819,97.815,22.368,1.4,0.0,0.0,0.0,41.864,1
20251008,11,58.407,57.531,57.243,98.256,22.517,0.0,0.0,0.0,0.0,42.933,1
20251009,11,65.027,62.675,62.362,95.043,25.916,2.15,0.0,0.0,0.0,46.771,1
20251010,11,69.438,66.652,66.319,97.769,26.902,2.549,0.15,0.0,0.0,49.739,1
20251011,11,58.063,56.07,55.79,94.237,23.339,1.961,0.0,0.0,0.0,41.843,1
20251012,11,66.052,63.817,63.498,97.565,25.644,1.911,0.0,0.0,0.0,47.624,1
20251013,11,56.522,54.957,54.683,97.798,21.892,1.287,0.0,0.0,0.0,41.012,1
20251014,11,70.011,68.813,68.469,98.552,26.909,0.215,0.0,0.0,0.0,51.351,1
20251015,11,70.399,68.108,67.767,97.942,27.227,1.782,0.0,0.0,0.0,50.825,1
20251016,11,53.15,50.303,50.052,98.903,20.356,3.915,0.0,0.0,0.0,37.539,1
20251017,11,62.942,60.595,60.292,97.661,24.413,2.263,0.0,0.0,0.0,45.219,1
20251018,11,61.809,60.882,60.578,98.835,23.689,0.0,0.0,0.0,0.0,45.433,1
20251019,11,56.654,55.691,55.413,100.0,21.46,0.202,0.0,0.0,0.0,41.56,1
20251020,11,59.722,57.731,57.442,99.289,22.784,1.862,0.0,0.0,0.0,43.081,1
20251021,11,66.717,63.891,63.571,97.394,25.948,2.778,0.0,0.0,0.0,47.678,1
20251022,11,63.316,61.096,60.79,98.216,24.419,2.037,0.0,0.196,0.0,45.593,1
20251023,11,59.479,58.587,58.294,99.274,22.695,0.0,0.0,0.0,0.0,43.721,1
20251024,11,61.793,60.08,59.779,96.51,24.253,1.291,0.0,0.0,0.0,44.835,1
20251025,11,77.117,74.406,74.034,98.694,29.597,2.045,0.0,0.203,0.0,55.526,1
20251026,11,56.567,54.314,54.042,98.455,21.763,2.52,0.0,0.0,0.0,40.532,1
20251027,11,63.672,62.717,62.403,94.011,25.655,0.0,0.0,0.0,0.0,46.802,1
20251028,11,69.278,67.249,66.913,98.977,26.513,1.451,0.0,0.216,0.0,50.185,1
20251029,11,55.656,54.494,54.221,98.618,21.377,0.597,0.0,0.0,0.0,40.666,1
20251030,11,70.914,69.85,69.501,99.446,27.011,0.0,0.0,0.0,0.0,52.126,1
20251031,11,68.198,65.118,64.793,98.468,26.235,3.062,0.0,0.0,0.0,48.595,1
20251101,11,53.696,51.277,51.021,98.338,20.683,3.051,0.0,0.0,0.0,38.266,1
20251102,11,60.928,59.948,59.648,99.763,23.134,0.109,0.0,0.0,0.0,44.736,1
20251103,11,67.134,64.85,64.526,97.929,25.968,1.931,0.0,0.0,0.0,48.394,1
20251104,11,64.269,62.5,62.188,99.325,24.51,1.272,0.0,0.0,0.0,46.641,1
20251105,11,72.675,71.246,70.89,97.914,28.115,0.473,0.0,0.0,0.0,53.168,1
20251106,11,66.45,63.96,63.64,96.009,26.217,2.281,0.0,0.0,0.0,47.73,1
20251107,11,64.447,61.349,61.042,96.778,25.224,3.358,0.0,0.0,0.0,45.781,1
20251108,11,67.195,64.602,64.279,96.651,26.335,2.395,0.0,0.0,0.0,48.209,1
20251109,11,60.43,57.674,57.385,96.947,23.611,3.108,0.643,0.0,0.0,43.039,1
20251110,11,68.627,66.156,65.825,99.649,26.087,2.132,0.0,0.0,0.0,49.369,1
20251111,11,64.759,62.504,62.192,100.0,24.53,2.012,0.0,0.0,0.0,46.644,1
20251112,11,58.044,56.515,56.232,97.423,22.568,1.153,0.0,0.0,0.0,42.174,1
20251113,11,76.601,73.785,73.416,96.259,30.143,2.21,0.0,0.284,0.0,55.062,1
20251114,11,72.809,71.669,71.311,98.868,27.895,0.066,0.0,0.0,0.0,53.483,1
20251115,11,59.109,57.508,57.22,97.159,23.045,1.228,0.0,0.0,0.0,42.915,1
20251116,11,62.446,60.031,59.73,100.0,23.654,2.404,0.0,0.0,0.0,44.798,1
20251117,11,67.688,64.479,64.157,96.29,26.627,3.29,0.0,0.0,0.0,48.118,1
20251118,11,70.087,68.251,67.909,97.12,27.336,1.137,0.0,0.0,0.0,50.932,1
20251119,11,81.887,77.402,77.015,97.849,31.699,4.037,0.0,0.0,0.0,57.761,1
20251120,11,67.332,65.589,65.261,99.848,25.543,1.104,0.0,0.0,0.0,48.946,1
20251121,11,68.967,67.605,67.267,98.343,26.564,0.482,0.0,0.0,0.0,50.45,1
20251122,11,62.847,61.479,61.171,95.556,24.913,0.688,0.0,0.0,0.0,45.878,1
20251123,11,58.032,56.852,56.567,97.647,22.511,0.542,0.0,0.0,0.0,42.425,1
20251124,11,64.131,63.084,62.769,97.562,24.899,0.134,0.0,0.0,0.0,47.077,1
20251125,11,58.617,57.454,57.167,99.206,22.381,0.492,0.0,0.0,0.0,42.875,1
20251126,11,79.342,77.376,76.989,98.11,30.633,0.994,0.0,0.0,0.0,57.742,1
20251127,11,71.067,68.025,67.685,98.044,27.456,2.823,0.0,0.0,0.0,50.764,1
20251128,11,69.134,68.097,67.756,97.243,26.929,0.0,0.0,0.0,0.0,50.817,1
20251129,11,64.842,62.327,62.015,100.0,24.561,2.415,0.0,0.195,0.0,46.511,1
20251130,11,74.878,71.949,71.589,100.0,28.363,2.448,0.0,0.0,0.0,53.692,1
20251201,11,81.487,79.147,78.752,97.537,31.646,1.392,0.0,0.0,0.0,59.064,1
20251202,11,69.933,68.884,68.539,94.384,28.066,0.0,0.0,0.0,0.0,51.405,1
20251203,11,65.012,63.135,62.819,99.233,24.816,1.409,0.0,0.0,0.0,47.114,1
20251204,11,71.731,70.655,70.301,99.265,27.372,0.0,0.0,0.415,0.0,52.726,1
20251205,11,67.744,66.496,66.164,97.699,26.265,0.347,0.0,0.0,0.0,49.623,1
20251206,11,76.378,75.232,74.856,98.62,29.336,0.0,0.0,0.149,0.0,56.142,1
20251207,11,73.79,72.157,71.796,99.723,28.028,0.724,0.0,0.0,0.0,53.847,1
20251208,11,70.936,68.387,68.045,100.0,26.87,2.125,0.0,0.0,0.0,51.034,1
20251209,11,67.856,66.838,66.504,98.682,26.046,0.0,0.0,0.0,0.0,49.878,1
20251210,11,75.329,73.116,72.75,97.827,29.168,1.46,0.0,0.0,0.0,54.563,1
20251211,11,76.506,72.908,72.543,96.703,29.968,3.252,0.0,0.0,0.0,54.407,1
20251212,11,79.096,77.91,77.52,97.844,30.621,0.0,0.0,0.0,0.0,58.14,1
20251213,11,72.275,70.95,70.595,99.18,27.603,0.338,0.0,0.0,0.0,52.946,1
20251214,11,70.68,69.62,69.272,95.648,27.991,0.0,0.0,0.0,0.0,51.954,1
20251215,11,66.885,65.881,65.552,97.937,25.869,0.0,0.0,0.31,0.0,49.164,1
20251216,11,77.265,76.106,75.726,96.626,30.289,0.0,0.0,0.0,0.0,56.794,1
20251217,11,78.223,76.466,76.083,99.192,29.871,0.758,0.0,0.0,0.0,57.062,1
20251218,11,67.758,65.197,64.871,97.6,26.297,2.314,0.0,0.0,0.0,48.653,1
20251219,11,83.548,82.295,81.883,98.147,32.245,0.0,0.0,0.0,0.0,61.412,1
20251220,11,78.108,76.519,76.136,98.695,29.978,0.542,0.0,0.0,0.0,57.102,1
20251221,11,78.507,75.149,74.774,99.708,29.824,2.819,0.0,0.0,0.0,56.08,1
20251222,11,64.857,63.336,63.019,98.579,24.921,0.857,0.0,0.0,0.0,47.265,1
20251223,11,85.269,82.5,82.088,96.684,33.407,1.774,0.0,0.0,0.0,61.566,1
20251224,11,65.552,63.19,62.874,94.435,26.294,2.135,0.0,0.0,0.0,47.156,1
20251225,11,70.746,68.95,68.606,98.473,27.213,1.055,0.0,0.0,0.0,51.454,1
20251226,11,69.554,67.645,67.307,98.308,26.8,1.263,0.0,0.0,0.0,50.48,1
20251227,11,82.258,80.01,79.61,98.266,31.708,1.251,0.0,0.0,0.0,59.708,1
20251228,11,68.209,66.646,66.313,96.195,26.859,0.803,0.0,0.0,0.0,49.735,1
20251229,11,62.205,60.729,60.425,99.351,23.716,0.886,0.0,0.0,0.0,45.319,1
20251230,11,68.274,65.383,65.056,98.169,26.344,2.776,0.0,0.0,0.0,48.792,1
20251231,11,81.378,78.042,77.652,98.347,31.343,2.639,0.0,0.0,0.0,58.239,1
20240101,12,2874.354,2727.437,2713.8,93.864,59.072,1.158,0.0,0.0,1085.52,0.0,1
20240102,12,3365.342,3198.936,3182.941,93.119,69.715,0.984,0.0,0.0,1273.176,0.0,1
20240103,12,3144.748,2927.274,2912.638,93.864,64.628,3.037,0.0,0.0,1165.055,0.0,1
20240104,12,2923.931,2771.425,2757.568,92.709,60.839,1.266,0.0,0.0,1103.027,0.0,1
20240105,12,3555.105,3288.955,3272.511,93.501,73.345,3.632,0.0,0.0,1309.004,0.0,1
20240106,12,3065.824,2943.191,2928.475,93.238,63.429,0.0,0.0,0.0,1171.39,0.0,1
20240107,12,3680.619,3491.844,3474.384,94.121,75.434,1.176,0.0,0.0,1389.754,0.0,1
20240108,12,3342.315,3208.317,3192.276,94.127,68.496,0.01,0.0,0.0,1276.91,0.0,1
20240109,12,3476.729,3236.329,3220.148,93.997,71.35,3.036,0.0,0.0,1288.059,0.0,1
20240110,12,3253.92,3123.763,3108.145,93.204,67.346,0.0,0.0,0.0,1243.258,0.0,1
20240111,12,3401.619,3166.552,3150.719,94.074,69.751,3.032,0.0,0.0,1260.288,0.0,1
20240112,12,3137.856,2958.768,2943.974,92.948,65.122,1.778,0.0,0.0,1177.59,0.0,1
20240113,12,3546.366,3354.226,3337.455,95.283,71.796,1.477,0.0,0.0,1334.982,0.0,1
20240114,12,3313.078,3125.816,3110.187,97.015,65.876,1.721,0.0,0.0,1244.075,0.0,1
20240115,12,3407.372,3242.442,3226.23,95.137,69.089,0.875,0.0,0.0,1290.492,0.0,1
20240116,12,3197.527,3031.796,3016.637,94.514,65.261,1.232,0.0,0.0,1206.655,0.0,1
20240117,12,3367.52,3158.997,3143.202,92.189,70.464,2.284,0.0,0.0,1257.281,0.0,1
20240118,12,3373.247,3221.745,3205.636,94.204,69.074,0.512,0.0,0.0,1282.254,0.0,1
20240119,12,3568.14,3397.349,3380.362,96.883,71.044,0.819,0.0,0.0,1352.145,0.0,1
20240120,12,3360.107,3149.699,3133.95,95.664,67.755,2.356,0.0,0.0,1253.58,0.0,1
20240121,12,3388.377,3225.448,3209.321,92.951,70.319,0.842,0.0,0.0,1283.728,0.0,1
20240122,12,3192.434,2987.353,2972.417,93.535,65.839,2.525,0.0,0.0,1188.967,0.0,1
20240123,12,3327.824,3194.711,3178.738,93.415,68.719,0.0,0.0,0.0,1271.495,0.0,1
20240124,12,3043.569,2843.855,2829.635,91.157,64.406,2.669,0.0,0.0,1131.854,0.0,1
20240125,12,3056.277,2909.209,2894.663,93.938,62.76,0.846,0.0,0.0,1157.865,0.0,1
20240126,12,3265.201,3071.843,3056.484,94.27,66.814,2.002,0.0,0.0,1222.593,0.0,1
20240127,12,3780.899,3565.934,3548.104,94.417,77.247,1.756,0.0,0.0,1419.242,0.0,1
20240128,12,3065.83,2878.406,2864.014,92.306,64.07,2.201,0.0,0.0,1145.606,0.0,1
20240129,12,3578.038,3398.129,3381.138,93.983,73.439,1.071,0.0,0.0,1352.455,0.0,1
20240130,12,3172.679,2967.762,2952.923,91.773,66.688,2.561,0.0,0.0,1181.169,0.0,1
20240131,12,3567.027,3340.809,3324.105,94.219,73.031,2.44,0.0,0.0,1329.642,0.0,1
20240201,12,3233.791,3077.028,3061.643,92.29,67.592,0.883,0.0,0.0,1224.657,0.0,1
20240202,12,3220.656,2984.774,2969.85,93.994,66.097,3.463,0.0,0.0,1187.94,0.0,1
20240203,12,3343.38,3186.9,3170.965,94.811,68.024,0.709,0.0,0.0,1268.386,0.0,1
20240204,12,3416.868,3269.841,3253.492,94.591,69.681,0.316,0.0,0.0,1301.397,0.0,1
20240205,12,3450.152,3240.948,3224.743,92.953,71.6,2.15,0.0,0.0,1289.897,0.0,1
20240206,12,3533.851,3392.497,3375.534,94.74,71.953,0.0,0.0,0.0,1350.214,0.0,1
20240207,12,3411.046,3206.59,3190.557,93.445,70.415,2.077,0.0,0.0,1276.223,0.0,1
20240208,12,3525.606,3269.61,3253.262,91.982,73.937,3.397,0.0,0.0,1301.305,0.0,1
20240209,12,2718.378,2602.305,2589.293,97.268,53.911,0.281,0.0,0.0,1035.717,0.0,1
20240210,12,3584.166,3423.427,3406.31,94.54,73.132,0.505,0.2,0.0,1362.524,0.0,1
20240211,12,3335.404,3188.052,3172.112,95.345,67.481,0.435,0.0,0.0,1268.845,0.0,1
20240212,12,3106.605,2982.307,2967.396,93.093,64.373,0.001,0.0,0.0,1186.958,0.0,1
20240213,12,3440.951,3299.797,3283.298,92.782,71.54,0.106,0.0,0.0,1313.319,0.0,1
20240214,12,3459.442,3241.061,3224.856,92.667,72.014,2.409,0.0,0.0,1289.942,0.0,1
20240215,12,3371.598,3210.489,3194.436,96.99,67.057,0.811,0.0,0.0,1277.775,0.0,1
20240216,12,3124.55,2927.092,2912.456,93.95,64.154,2.416,0.0,0.0,1164.982,0.0,1
20240217,12,3283.02,3060.56,3045.257,92.95,68.134,2.892,0.0,0.0,1218.103,0.0,1
20240218,12,3391.151,3168.538,3152.695,93.765,69.766,2.671,0.0,0.16,1261.078,0.0,1
20240219,12,3038.834,2917.281,2902.695,92.705,63.232,0.0,0.0,0.374,1161.078,0.0,1
20240220,12,3278.676,3100.743,3085.239,93.174,67.88,1.486,0.0,0.0,1234.096,0.0,1
20240221,12,3432.412,3205.872,3189.843,92.021,71.953,2.708,0.0,0.0,1275.937,0.0,1
20240222,12,3437.73,3256.365,3240.083,94.396,70.251,1.329,0.0,0.0,1296.033,0.0,1
20240223,12,3236.133,3031.359,3016.203,94.185,66.28,2.425,0.0,0.0,1206.481,0.0,1
20240224,12,3416.822,3272.179,3255.818,94.277,69.912,0.243,0.277,0.0,1302.327,0.0,1
20240225,12,3482.652,3288.371,3271.929,95.328,70.473,1.644,0.0,0.0,1308.772,0.0,1
20240226,12,3438.008,3183.322,3167.405,93.698,70.78,3.55,0.0,0.0,1266.962,0.0,1
20240227,12,3123.874,2997.506,2982.518,93.81,64.236,0.047,0.0,0.0,1193.007,0.0,1
20240228,12,3262.613,3073.161,3057.795,93.453,67.345,1.882,0.0,0.0,1223.118,0.0,1
20240229,12,3423.662,3286.716,3270.282,93.161,70.891,0.0,0.0,0.0,1308.113,0.0,1
20240301,12,3149.195,2969.351,2954.504,93.987,64.635,1.782,0.0,0.0,1181.802,0.0,1
20240302,12,3649.442,3415.118,3398.042,95.204,73.945,2.522,0.0,0.0,1359.217,0.0,1
20240303,12,3725.797,3508.936,3491.391,94.957,75.688,1.896,0.0,0.0,1396.557,0.0,1
20240304,12,3247.494,3116.724,3101.141,95.299,65.735,0.028,0.0,0.0,1240.456,0.0,1
20240305,12,2948.78,2817.528,2803.441,93.411,60.895,0.47,0.0,0.0,1121.376,0.0,1
20240306,12,3599.175,3361.906,3345.096,94.8,73.237,2.7,0.0,0.0,1338.039,0.0,1
20240307,12,3235.535,3013.236,2998.17,94.142,66.297,2.99,0.0,0.0,1199.268,0.0,1
20240308,12,3446.463,3277.239,3260.852,94.508,70.346,0.948,0.0,0.0,1304.341,0.0,1
20240309,12,3332.99,3171.687,3155.829,93.487,68.773,0.875,0.0,0.0,1262.332,0.0,1
20240310,12,3341.429,3185.573,3169.646,96.744,66.626,0.692,0.0,0.0,1267.858,0.0,1
20240311,12,3542.388,3324.66,3308.036,96.913,70.509,2.236,0.0,0.0,1323.214,0.0,1
20240312,12,3643.993,3437.354,3420.167,97.299,72.245,1.74,0.0,0.0,1368.067,0.0,1
20240313,12,3118.605,2928.631,2913.987,92.718,64.883,2.179,0.0,0.0,1165.595,0.0,1
20240314,12,3480.648,3249.637,3233.389,95.875,70.031,2.747,0.0,0.0,1293.356,0.0,1
20240315,12,3212.36,3049.325,3034.078,93.5,66.275,1.12,0.0,0.0,1213.631,0.0,1
20240316,12,3005.52,2866.235,2851.904,93.6,61.941,0.661,0.0,0.0,1140.762,0.0,1
20240317,12,3326.395,3178.272,3162.381,91.584,70.063,0.472,0.0,0.0,1264.952,0.0,1
20240318,12,3311.96,3126.608,3110.975,93.629,68.235,1.663,0.0,0.0,1244.39,0.0,1
20240319,12,3140.427,2997.223,2982.236,92.823,65.263,0.583,0.0,0.0,1192.895,0.0,1
20240320,12,3414.482,3209.335,3193.288,94.653,69.586,2.092,0.0,0.0,1277.315,0.0,1
20240321,12,3497.69,3318.617,3302.023,93.505,72.158,1.166,0.0,0.0,1320.809,0.0,1
20240322,12,3135.992,2908.406,2893.864,93.689,64.568,3.393,0.0,0.0,1157.545,0.0,1
20240323,12,3271.156,3140.31,3124.609,95.019,66.409,0.0,0.0,0.0,1249.843,0.0,1
20240324,12,3717.939,3522.864,3505.25,93.796,76.463,1.299,0.0,0.0,1402.1,0.0,1
20240325,12,3256.468,3046.114,3030.884,94.963,66.15,2.562,0.0,0.0,1212.354,0.0,1
20240326,12,3398.7,3243.857,3227.637,94.975,69.03,0.579,0.0,0.0,1291.055,0.0,1
20240327,12,3079.865,2882.388,2867.976,93.691,63.412,2.512,0.458,0.0,1147.19,0.0,1
20240328,12,3064.291,2890.737,2876.284,90.303,65.458,1.733,0.0,0.0,1150.513,0.0,1
20240329,12,3223.666,3047.973,3032.733,92.186,67.456,1.511,0.0,0.0,1213.093,0.0,1
20240330,12,3327.879,3078.648,3063.255,94.921,67.63,3.635,0.0,0.0,1225.302,0.0,1
20240331,12,3424.802,3231.385,3215.228,93.556,70.615,1.716,0.0,0.0,1286.091,0.0,1
20240401,12,3620.281,3422.136,3405.026,96.299,72.52,1.535,0.0,0.0,1362.01,0.0,1
20240402,12,3413.727,3236.284,3220.103,94.724,69.519,1.248,0.0,0.0,1288.041,0.0,1
20240403,12,3496.188,3334.56,3317.888,95.066,70.942,0.649,0.0,0.0,1327.155,0.0,1
20240404,12,3595.262,3451.452,3434.194,92.532,74.95,0.0,0.0,0.0,1373.678,0.0,1
20240405,12,3262.915,3088.66,3073.216,91.151,69.053,1.396,0.0,0.0,1229.287,0.0,1
20240406,12,3152.268,2942.687,2927.973,94.342,64.455,2.759,0.0,0.0,1171.189,0.0,1
20240407,12,3360.877,3180.74,3164.836,91.827,70.602,1.416,0.0,0.0,1265.935,0.0,1
20240408,12,3270.921,3049.994,3034.744,93.74,67.31,2.869,0.0,0.0,1213.898,0.0,1
20240409,12,3170.14,2983.681,2968.763,90.732,67.399,1.96,0.0,0.0,1187.505,0.0,1
20240410,12,3365.814,3209.243,3193.197,94.036,69.045,0.679,0.0,0.0,1277.279,0.0,1
20240411,12,3207.182,3024.683,3009.56,94.616,65.387,1.761,0.0,0.0,1203.824,0.0,1
20240412,12,3101.235,2949.947,2935.197,92.283,64.826,0.915,0.0,0.0,1174.079,0.0,1
20240413,12,3392.192,3150.95,3135.196,92.042,71.094,3.241,0.0,0.0,1254.078,0.0,1
20240414,12,3026.274,2855.111,2840.835,93.055,62.734,1.725,0.0,0.0,1136.334,0.0,1
20240415,12,3398.637,3257.733,3241.445,92.655,70.758,0.152,0.0,0.0,1296.578,0.0,1
20240416,12,3293.103,3144.782,3129.058,92.171,68.92,0.525,0.0,0.0,1251.623,0.0,1
20240417,12,3436.17,3298.331,3281.84,92.561,71.611,0.012,0.0,0.0,1312.736,0.0,1
20240418,12,3489.81,3350.218,3333.467,92.338,72.905,0.0,0.0,0.0,1333.387,0.0,1
20240419,12,3036.32,2859.576,2845.279,93.393,62.715,1.897,0.0,0.0,1138.111,0.0,1
20240420,12,3276.819,3057.427,3042.14,94.06,67.202,2.808,0.0,0.0,1216.856,0.0,1
20240421,12,3447.098,3309.214,3292.668,93.365,71.221,0.0,0.0,0.0,1317.067,0.0,1
20240422,12,3759.112,3559.266,3541.47,93.882,77.239,1.371,0.0,0.0,1416.588,0.0,1
20240423,12,3154.278,3028.107,3012.966,94.778,64.199,0.0,0.0,0.0,1205.186,0.0,1
20240424,12,3204.351,2953.224,2938.458,93.343,66.22,3.997,0.0,0.0,1175.383,0.0,1
20240425,12,3147.178,2962.906,2948.091,93.815,64.712,1.932,0.278,0.0,1179.237,0.0,1
20240426,12,3762.014,3512.148,3494.587,95.097,76.311,2.752,0.014,0.0,1397.835,0.0,1
20240427,12,3721.261,3529.866,3512.217,95.506,75.161,1.191,0.0,0.0,1404.887,0.0,1
20240428,12,3281.514,3105.838,3090.309,94.03,67.32,1.41,0.0,0.0,1236.123,0.0,1
20240429,12,2951.586,2833.523,2819.355,92.156,61.783,0.0,0.0,0.0,1127.742,0.0,1
20240430,12,3348.603,3123.116,3107.501,91.371,70.695,2.848,0.0,0.0,1243.0,0.0,1
20240501,12,3524.23,3360.554,3343.751,91.608,74.211,0.671,0.0,0.0,1337.5,0.0,1
20240502,12,3627.874,3422.418,3405.306,95.117,73.575,1.733,0.0,0.0,1362.122,0.0,1
20240503,12,3722.935,3574.018,3556.148,94.213,76.227,0.0,0.0,0.0,1422.459,0.0,1
20240504,12,3051.077,2929.034,2914.388,92.662,63.516,0.0,0.0,0.0,1165.755,0.0,1
20240505,12,3192.065,2999.413,2984.416,95.013,64.807,2.12,0.0,0.0,1193.767,0.0,1
20240506,12,3781.795,3604.954,3586.929,97.41,74.891,0.704,0.0,0.0,1434.771,0.0,1
20240507,12,3422.595,3283.41,3266.993,93.766,70.412,0.069,0.0,0.0,1306.797,0.0,1
20240508,12,2819.498,2643.713,2630.494,92.996,58.485,2.328,0.0,0.0,1052.198,0.0,1
20240509,12,3174.89,3009.878,2994.829,92.814,65.986,1.247,0.0,0.0,1197.932,0.0,1
20240510,12,3656.731,3465.302,3447.976,94.186,74.893,1.286,0.0,0.0,1379.19,0.0,1
20240511,12,3433.651,3287.061,3270.626,96.272,68.8,0.28,0.0,0.0,1308.25,0.0,1
20240512,12,3278.312,3094.859,3079.385,94.169,67.155,1.662,0.0,0.0,1231.754,0.0,1
20240513,12,3360.026,3183.845,3167.925,94.167,68.83,1.295,0.0,0.0,1267.17,0.0,1
20240514,12,3189.607,3029.493,3014.345,95.905,64.155,1.062,0.059,0.0,1205.738,0.0,1
20240515,12,3611.502,3415.65,3398.571,95.342,73.07,1.482,0.0,0.0,1359.429,0.0,1
20240516,12,3127.951,2941.647,2926.939,95.335,63.291,2.038,0.0,0.0,1170.776,0.0,1
20240517,12,3422.252,3260.85,3244.546,94.565,69.81,0.746,0.0,0.0,1297.818,0.0,1
20240518,12,3432.451,3242.462,3226.249,92.929,71.25,1.599,0.0,0.0,1290.5,0.0,1
20240519,12,3221.985,2988.469,2973.527,93.264,66.641,3.383,0.0,0.0,1189.411,0.0,1
20240520,12,3270.659,3134.613,3118.94,94.284,66.916,0.166,0.0,0.0,1247.576,0.0,1
20240521,12,3076.981,2953.902,2939.133,93.908,63.206,0.0,0.0,0.0,1175.653,0.0,1
20240522,12,3592.764,3441.283,3424.077,95.41,72.639,0.225,0.0,0.0,1369.631,0.0,1
20240523,12,3261.796,3087.927,3072.487,92.184,68.255,1.386,0.0,0.0,1228.995,0.0,1
20240524,12,3366.23,3186.796,3170.862,94.791,68.503,1.386,0.0,0.0,1268.345,0.0,1
20240525,12,3448.217,3269.587,3253.239,95.213,69.86,1.23,0.0,0.0,1301.295,0.0,1
20240526,12,3098.665,2966.462,2951.63,95.632,62.504,0.278,0.0,0.0,1180.652,0.0,1
20240527,12,3475.683,3221.568,3205.461,94.556,70.906,3.449,0.0,0.0,1282.184,0.0,1
20240528,12,3364.144,3210.858,3194.804,93.616,69.32,0.58,0.0,0.0,1277.922,0.0,1
20240529,12,3039.047,2906.01,2891.48,94.166,62.255,0.393,0.0,0.0,1156.592,0.0,1
20240530,12,3294.046,3114.067,3098.497,94.001,67.598,1.525,0.0,0.0,1239.399,0.0,1
20240531,12,3419.521,3245.317,3229.09,91.957,71.732,1.14,0.0,0.0,1291.636,0.0,1
20240601,12,3270.96,3051.232,3035.976,94.201,66.981,2.831,0.0,0.0,1214.391,0.0,1
20240602,12,3501.057,3316.079,3299.498,93.205,72.459,1.337,0.0,0.0,1319.799,0.0,1
20240603,12,3048.823,2923.37,2908.754,94.72,62.091,0.12,0.0,0.0,1163.501,0.0,1
20240604,12,3578.958,3419.069,3401.974,94.561,73.01,0.487,0.0,0.0,1360.789,0.0,1
20240605,12,3207.301,3059.704,3044.405,92.292,67.037,0.627,0.0,0.0,1217.762,0.0,1
20240606,12,3439.199,3200.402,3184.4,93.925,70.633,3.066,0.0,0.0,1273.76,0.0,1
20240607,12,3462.554,3305.278,3288.752,94.366,70.781,0.565,0.0,0.0,1315.501,0.0,1
20240608,12,3301.359,3109.525,3093.978,92.202,69.07,1.886,0.0,0.0,1237.591,0.0,1
20240609,12,3499.723,3359.734,3342.936,95.902,70.395,0.0,0.0,0.0,1337.174,0.0,1
20240610,12,3442.541,3255.108,3238.832,96.095,69.105,1.505,0.188,0.0,1295.533,0.0,1
20240611,12,3619.394,3437.418,3420.231,96.879,72.068,1.071,0.349,0.0,1368.093,0.0,1
20240612,12,3270.275,3099.396,3083.899,93.451,67.505,1.276,0.0,0.0,1233.56,0.0,1
20240613,12,3264.391,3111.747,3096.188,94.189,66.855,0.704,0.0,0.0,1238.475,0.0,1
20240614,12,3106.709,2924.335,2909.713,94.693,63.288,1.948,0.0,0.0,1163.885,0.0,1
20240615,12,3548.04,3390.047,3373.096,96.962,70.586,0.472,0.0,0.0,1349.239,0.0,1
20240616,12,3411.513,3217.208,3201.122,93.993,70.014,1.766,0.0,0.0,1280.449,0.0,1
20240617,12,3170.291,3012.782,2997.718,91.236,67.03,1.009,0.0,0.0,1199.087,0.0,1
20240618,12,3284.571,3101.612,3086.104,93.987,67.413,1.636,0.0,0.0,1234.441,0.0,1
20240619,12,3429.403,3292.227,3275.765,97.924,67.556,0.0,0.0,0.0,1310.306,0.0,1
20240620,12,3357.001,3166.369,3150.537,91.613,70.686,1.749,0.0,0.0,1260.215,0.0,1
20240621,12,3524.282,3372.947,3356.082,92.584,73.429,0.306,0.0,0.0,1342.433,0.0,1
20240622,12,3416.284,3222.459,3206.347,93.532,70.458,1.743,0.0,0.0,1282.539,0.0,1
20240623,12,3429.187,3283.293,3266.877,94.775,69.796,0.265,0.0,0.0,1306.751,0.0,1
20240624,12,3698.302,3550.37,3532.618,92.111,77.451,0.0,0.0,0.0,1413.047,0.0,1
20240625,12,3830.072,3587.23,3569.293,98.102,75.312,2.438,0.0,0.0,1427.717,0.0,1
20240626,12,2807.218,2694.929,2681.454,91.991,58.866,0.0,0.0,0.0,1072.582,0.0,1
20240627,12,3120.749,2982.822,2967.908,91.508,65.786,0.437,0.0,0.0,1187.163,0.0,1
20240628,12,3458.556,3281.769,3265.36,94.422,70.657,1.158,0.0,0.278,1306.144,0.0,1
20240629,12,3245.198,3038.068,3022.878,94.856,65.995,2.482,0.0,0.0,1209.151,0.0,1
20240630,12,3490.648,3322.525,3305.912,93.554,71.974,0.85,0.0,0.0,1322.365,0.0,1
20240701,12,3164.054,2985.746,2970.818,93.997,64.933,1.704,0.0,0.0,1188.327,0.0,1
20240702,12,3332.452,3128.798,3113.154,93.761,68.561,2.199,0.0,0.0,1245.262,0.0,1
20240703,12,2974.152,2832.773,2818.609,93.0,61.69,0.785,0.0,0.0,1127.444,0.0,1
20240704,12,3194.597,2971.89,2957.031,92.065,66.935,3.095,0.0,0.0,1182.812,0.0,1
20240705,12,3213.799,3002.479,2987.467,92.802,66.803,2.683,0.0,0.0,1194.987,0.0,1
20240706,12,3084.29,2916.305,2901.724,94.471,62.979,1.507,0.0,0.0,1160.69,0.0,1
20240707,12,3336.819,3203.346,3187.329,94.643,68.011,0.0,0.0,0.0,1274.932,0.0,1
20240708,12,2875.21,2760.201,2746.4,91.68,60.497,0.0,0.0,0.0,1098.56,0.0,1
20240709,12,3274.919,3126.411,3110.779,95.283,66.301,0.557,0.0,0.0,1244.312,0.0,1
20240710,12,3748.634,3567.995,3550.155,94.892,76.204,0.853,0.0,0.0,1420.062,0.0,1
20240711,12,3700.625,3537.098,3519.413,93.715,76.173,0.436,0.0,0.0,1407.765,0.0,1
20240712,12,3228.985,3085.183,3069.757,94.729,65.753,0.472,0.0,0.0,1227.903,0.0,1
20240713,12,3038.424,2888.665,2874.222,92.288,63.509,0.968,0.0,0.0,1149.689,0.0,1
20240714,12,3141.106,2913.768,2899.199,93.793,64.602,3.372,0.0,0.0,1159.68,0.0,1
20240715,12,3207.309,2989.139,2974.194,91.808,67.39,2.919,0.0,0.0,1189.677,0.0,1
20240716,12,3263.892,3035.356,3020.179,92.825,67.828,3.127,0.0,0.0,1208.071,0.0,1
20240717,12,3004.731,2874.409,2860.037,90.22,64.245,0.351,0.0,0.0,1144.015,0.0,1
20240718,12,3287.614,3123.014,3107.399,94.615,67.028,1.049,0.0,0.0,1242.96,0.0,1
20240719,12,2880.102,2755.806,2742.027,94.817,58.594,0.329,0.0,0.0,1096.811,0.0,1
20240720,12,3356.44,3222.183,3206.072,94.069,68.828,0.0,0.0,0.0,1282.429,0.0,1
20240721,12,2731.506,2569.992,2557.142,94.181,55.946,1.993,0.0,0.0,1022.857,0.0,1
20240722,12,3097.273,2970.185,2955.334,93.481,63.913,0.108,0.0,0.0,1182.134,0.0,1
20240723,12,3693.321,3446.129,3428.899,93.247,76.404,2.805,0.0,0.0,1371.559,0.0,1
20240724,12,3553.522,3357.987,3341.197,93.514,73.302,1.565,0.0,0.0,1336.479,0.0,1
20240725,12,3134.057,3001.022,2986.017,94.105,64.243,0.255,0.0,0.0,1194.407,0.0,1
20240726,12,3291.032,3127.552,3111.914,91.317,69.521,1.008,0.0,0.0,1244.766,0.0,1
20240727,12,2970.509,2837.547,2823.36,92.675,61.831,0.496,0.0,0.0,1129.344,0.0,1
20240728,12,3589.045,3443.786,3426.567,94.579,73.201,0.049,0.0,0.0,1370.627,0.0,1
20240729,12,3381.43,3209.092,3193.046,94.708,68.873,1.142,0.0,0.033,1277.218,0.0,1
20240730,12,3117.186,2932.106,2917.445,94.921,63.348,2.018,0.0,0.0,1166.978,0.0,1
20240731,12,3345.274,3154.412,3138.64,93.274,69.184,1.777,0.0,0.0,1255.456,0.0,1
20240801,12,3121.199,2956.484,2941.702,91.374,65.892,1.331,0.0,0.0,1176.681,0.0,1
20240802,12,3044.907,2878.32,2863.928,92.862,63.251,1.532,0.0,0.0,1145.571,0.0,1
20240803,12,3224.646,3024.332,3009.21,93.068,66.837,2.304,0.0,0.0,1203.684,0.0,1
20240804,12,3529.948,3388.75,3371.806,94.615,71.969,0.0,0.0,0.0,1348.722,0.0,1
20240805,12,3298.733,3107.644,3092.106,93.874,67.785,1.867,0.0,0.0,1236.842,0.0,1
20240806,12,3249.66,3078.957,3063.562,97.081,64.571,1.305,0.0,0.0,1225.425,0.0,1
20240807,12,3204.485,3043.908,3028.689,93.495,66.116,1.053,0.0,0.0,1211.475,0.0,1
20240808,12,2920.091,2793.668,2779.7,94.457,59.635,0.343,0.0,0.0,1111.88,0.0,1
20240809,12,3159.942,2970.286,2955.434,93.043,65.514,2.085,0.0,0.0,1182.174,0.0,1
20240810,12,3377.748,3220.849,3204.744,93.891,69.397,0.672,0.0,0.0,1281.898,0.0,1
20240811,12,3227.61,3042.707,3027.493,94.096,66.168,1.801,0.0,0.0,1210.997,0.0,1
20240812,12,3273.609,3092.133,3076.673,93.669,67.416,1.608,0.0,0.0,1230.669,0.0,1
20240813,12,3110.896,2971.267,2956.41,95.525,62.821,0.509,0.0,0.0,1182.564,0.0,1
20240814,12,3143.038,2959.703,2944.904,92.629,65.454,1.909,0.395,0.0,1177.962,0.0,1
20240815,12,3245.516,3092.918,3077.453,91.999,68.051,0.731,0.0,0.0,1230.981,0.0,1
20240816,12,2918.413,2796.131,2782.151,92.153,61.091,0.198,0.0,0.0,1112.86,0.0,1
20240817,12,3412.202,3189.036,3173.091,93.828,70.151,2.646,0.0,0.0,1269.236,0.0,1
20240818,12,2945.943,2828.105,2813.965,95.949,59.227,0.0,0.0,0.0,1125.586,0.0,1
20240819,12,3490.849,3289.749,3273.3,94.24,71.455,1.834,0.0,0.0,1309.32,0.0,1
20240820,12,3027.134,2861.228,2846.922,94.27,61.943,1.542,0.0,0.0,1138.769,0.0,1
20240821,12,3206.9,3050.678,3035.424,94.813,65.246,0.908,0.0,0.0,1214.17,0.0,1
20240822,12,3154.567,2953.506,2938.739,92.916,65.491,2.473,0.0,0.0,1175.495,0.0,1
20240823,12,3281.839,3150.566,3134.813,91.922,68.871,0.0,0.0,0.0,1253.925,0.0,1
20240824,12,3343.942,3079.632,3064.234,94.813,68.034,4.067,0.0,0.0,1225.693,0.0,1
20240825,12,3343.013,3205.093,3189.067,94.831,68.002,0.131,0.0,0.0,1275.627,0.0,1
20240826,12,3779.736,3565.117,3547.292,96.566,75.504,1.748,0.0,0.0,1418.917,0.0,1
20240827,12,3224.7,3003.056,2988.041,93.796,66.319,2.993,0.0,0.0,1195.216,0.0,1
20240828,12,3385.079,3225.755,3209.626,92.845,70.331,0.736,0.0,0.0,1283.85,0.0,1
20240829,12,3290.096,3134.287,3118.616,94.987,66.816,0.766,0.0,0.0,1247.446,0.0,1
20240830,12,3217.087,3016.087,3001.007,95.253,65.151,2.342,0.0,0.0,1200.403,0.0,1
20240831,12,3491.798,3352.126,3335.365,92.561,72.771,0.0,0.0,0.0,1334.146,0.0,1
20240901,12,3158.595,3019.223,3004.127,95.57,63.754,0.43,0.0,0.0,1201.651,0.0,1
20240902,12,3606.186,3443.707,3426.489,94.74,73.426,0.527,0.0,0.0,1370.595,0.0,1
20240903,12,3418.035,3191.882,3175.923,95.48,69.056,2.725,0.0,0.0,1270.369,0.0,1
20240904,12,3543.048,3401.326,3384.319,92.241,74.095,0.0,0.0,0.0,1353.728,0.0,1
20240905,12,3051.96,2911.295,2896.739,93.96,62.657,0.634,0.0,0.0,1158.695,0.0,1
20240906,12,3715.461,3501.844,3484.335,93.308,76.812,1.822,0.0,0.0,1393.734,0.0,1
20240907,12,3047.516,2853.385,2839.118,96.199,61.11,2.469,0.0,0.0,1135.647,0.0,1
20240908,12,3350.613,3096.623,3081.14,95.323,67.805,3.73,0.0,0.0,1232.456,0.0,1
20240909,12,3360.775,3197.234,3181.248,94.299,68.749,0.902,0.0,0.0,1272.499,0.0,1
20240910,12,3104.787,2927.294,2912.657,94.537,63.352,1.788,0.0,0.0,1165.063,0.0,1
20240911,12,3202.4,3074.304,3058.933,93.196,66.285,0.0,0.207,0.0,1223.573,0.0,1
20240912,12,3534.879,3393.484,3376.516,94.122,72.447,0.0,0.0,0.0,1350.607,0.0,1
20240913,12,3429.949,3216.28,3200.198,93.754,70.572,2.322,0.0,0.0,1280.079,0.0,1
20240914,12,3123.781,2998.83,2983.836,94.603,63.696,0.0,0.0,0.0,1193.534,0.0,1
20240915,12,3288.028,3098.675,3083.182,95.384,66.496,1.832,0.0,0.0,1233.273,0.0,1
20240916,12,3387.696,3209.759,3193.71,94.673,69.026,1.305,0.0,0.0,1277.484,0.0,1
20240917,12,3250.568,3106.557,3091.024,93.76,66.877,0.448,0.0,0.0,1236.41,0.0,1
20240918,12,3277.12,3098.372,3082.88,93.322,67.74,1.515,0.0,0.0,1233.152,0.0,1
20240919,12,3417.413,3237.497,3221.309,94.176,69.999,1.317,0.0,0.0,1288.524,0.0,1
20240920,12,3174.912,2977.998,2963.108,95.061,64.426,2.294,0.0,0.0,1185.243,0.0,1
20240921,12,3230.1,3040.354,3025.152,93.114,66.917,1.952,0.0,0.0,1210.061,0.0,1
20240922,12,2814.798,2685.824,2672.395,92.899,58.448,0.606,0.0,0.0,1068.958,0.0,1
20240923,12,2996.822,2876.949,2862.565,93.419,61.882,0.0,0.0,0.065,1145.026,0.0,1
20240924,12,3513.127,3340.041,3323.341,97.63,69.414,0.965,0.0,0.0,1329.336,0.0,1
20240925,12,3187.259,3014.961,2999.886,93.16,65.997,1.464,0.0,0.0,1199.954,0.0,1
20240926,12,3094.625,2930.257,2915.606,91.428,65.292,1.366,0.0,0.0,1166.242,0.0,1
20240927,12,2579.288,2430.839,2418.685,92.99,53.506,1.829,0.0,0.0,967.474,0.0,1
20240928,12,3244.517,3056.0,3040.72,94.276,66.387,1.886,0.0,0.0,1216.288,0.0,1
20240929,12,3640.316,3413.422,3396.355,94.577,74.249,2.326,0.0,0.0,1358.542,0.0,1
20240930,12,3240.745,3036.22,3021.039,94.841,65.915,2.407,0.0,0.0,1208.415,0.0,1
20241001,12,3436.166,3298.719,3282.226,92.116,71.957,0.0,0.0,0.0,1312.89,0.0,1
20241002,12,3559.966,3283.794,3267.375,92.521,74.223,3.914,0.0,0.0,1306.95,0.0,1
20241003,12,3282.404,3140.85,3125.146,94.668,66.884,0.326,0.0,0.0,1250.058,0.0,1
20241004,12,3134.184,3008.816,2993.772,92.913,65.071,0.0,0.0,0.046,1197.509,0.0,1
20241005,12,3375.303,3229.827,3213.678,95.143,68.434,0.323,0.0,0.0,1285.471,0.0,1
20241006,12,3009.424,2870.847,2856.493,93.022,62.407,0.63,0.0,0.0,1142.597,0.0,1
20241007,12,3230.477,3096.256,3080.775,96.439,64.617,0.161,0.0,0.0,1232.31,0.0,1
20241008,12,3023.678,2870.641,2856.287,95.653,60.978,1.106,0.0,0.0,1142.515,0.0,1
20241009,12,3076.746,2889.571,2875.123,91.399,64.936,2.17,0.0,0.0,1150.049,0.0,1
20241010,12,3522.215,3355.315,3338.538,96.916,70.106,0.769,0.0,0.0,1335.415,0.0,1
20241011,12,3654.532,3493.403,3475.936,94.015,74.984,0.426,0.0,0.0,1390.375,0.0,1
20241012,12,3241.971,3077.939,3062.549,94.81,65.962,1.104,0.0,0.0,1225.02,0.0,1
20241013,12,3418.986,3282.227,3265.816,95.441,69.103,0.0,0.0,0.0,1306.326,0.0,1
20241014,12,3417.564,3147.324,3131.587,92.826,71.02,4.07,0.0,0.256,1252.635,0.0,1
20241015,12,2964.11,2836.214,2822.033,92.726,61.664,0.328,0.0,0.0,1128.813,0.0,1
20241016,12,3470.494,3269.909,3253.56,93.748,71.411,1.854,0.0,0.0,1301.424,0.0,1
20241017,12,3219.881,3091.086,3075.63,96.906,64.095,0.0,0.0,0.0,1230.252,0.0,1
20241018,12,3502.629,3350.359,3333.608,94.809,71.265,0.362,0.0,0.0,1333.443,0.0,1
20241019,12,3424.279,3253.545,3237.277,94.933,69.58,1.027,0.0,0.0,1294.911,0.0,1
20241020,12,3366.17,3138.755,3123.061,93.589,69.382,2.871,0.0,0.0,1249.224,0.0,1
20241021,12,3101.865,2977.79,2962.901,95.838,62.434,0.0,0.0,0.0,1185.161,0.0,1
20241022,12,3217.728,3009.197,2994.151,93.003,66.74,2.584,0.0,0.0,1197.661,0.0,1
20241023,12,3610.165,3340.485,3323.782,95.709,72.763,3.615,0.0,0.0,1329.513,0.0,1
20241024,12,3361.451,3185.756,3169.827,93.302,69.498,1.278,0.0,0.0,1267.931,0.0,1
20241025,12,3277.887,3078.228,3062.837,91.978,68.745,2.178,0.0,0.0,1225.135,0.0,1
20241026,12,3225.656,3072.105,3056.745,93.836,66.31,0.792,0.0,0.0,1222.698,0.0,1
20241027,12,3400.776,3242.124,3225.914,92.94,70.584,0.693,0.0,0.0,1290.366,0.0,1
20241028,12,3187.612,3036.286,3021.104,95.219,64.577,0.778,0.0,0.0,1208.442,0.0,1
20241029,12,3418.206,3265.988,3249.658,94.808,69.548,0.472,0.0,0.0,1299.863,0.0,1
20241030,12,3196.132,3034.771,3019.597,93.742,65.769,1.092,0.0,0.0,1207.839,0.0,1
20241031,12,3394.215,3148.967,3133.222,90.891,72.037,3.36,0.0,0.356,1253.289,0.0,1
20241101,12,3365.038,3230.436,3214.284,96.959,66.948,0.0,0.0,0.0,1285.714,0.0,1
20241102,12,3452.671,3268.862,3252.518,95.351,69.85,1.379,0.0,0.0,1301.007,0.0,1
20241103,12,3341.043,3207.402,3191.365,96.016,67.123,0.0,0.0,0.0,1276.546,0.0,1
20241104,12,3324.03,3154.856,3139.081,98.0,65.429,1.135,0.0,0.0,1255.633,0.0,1
20241105,12,3750.045,3600.044,3582.043,95.112,76.056,0.0,0.0,0.0,1432.817,0.0,1
20241106,12,3217.885,3030.201,3015.05,93.813,66.167,1.909,0.0,0.0,1206.02,0.0,1
20241107,12,3125.141,2960.326,2945.525,92.609,65.095,1.327,0.0,0.0,1178.21,0.0,1
20241108,12,3617.763,3439.934,3422.734,96.32,72.453,0.954,0.0,0.0,1369.094,0.0,1
20241109,12,2982.732,2856.516,2842.234,93.208,61.73,0.241,0.0,0.0,1136.893,0.0,1
20241110,12,3351.321,3217.268,3201.181,95.368,67.788,0.0,0.0,0.0,1280.473,0.0,1
20241111,12,3439.495,3274.278,3257.906,94.332,70.335,0.837,0.0,0.0,1303.162,0.0,1
20241112,12,3474.156,3310.581,3294.028,93.165,71.934,0.738,0.0,0.0,1317.611,0.0,1
20241113,12,3465.124,3291.469,3275.011,91.865,72.762,1.054,0.0,0.326,1310.004,0.0,1
20241114,12,3503.186,3296.257,3279.776,93.918,71.953,1.986,0.0,0.0,1311.91,0.0,1
20241115,12,3360.55,3130.826,3115.172,92.33,70.21,2.954,0.0,0.0,1246.069,0.0,1
20241116,12,3139.823,3014.23,2999.159,94.808,63.885,0.0,0.0,0.0,1199.664,0.0,1
20241117,12,3327.802,3194.69,3178.717,94.478,67.945,0.0,0.0,0.0,1271.487,0.0,1
20241118,12,3287.938,3091.552,3076.094,90.357,70.193,2.055,0.0,0.0,1230.438,0.0,1
20241119,12,3279.967,3058.854,3043.56,93.638,67.57,2.856,0.0,0.0,1217.424,0.0,1
20241120,12,3047.19,2914.916,2900.341,93.699,62.733,0.355,0.0,0.0,1160.136,0.0,1
20241121,12,3458.844,3307.363,3290.827,93.279,71.529,0.395,0.0,0.0,1316.331,0.0,1
20241122,12,2882.316,2718.816,2705.222,92.881,59.862,1.742,0.321,0.0,1082.089,0.0,1
20241123,12,3559.999,3417.599,3400.511,95.681,71.773,0.0,0.0,0.0,1360.204,0.0,1
20241124,12,3104.825,2947.868,2933.129,94.149,63.614,1.099,0.0,0.0,1173.252,0.0,1
20241125,12,3458.512,3277.979,3261.589,92.757,71.925,1.271,0.0,0.0,1304.636,0.0,1
20241126,12,3796.263,3619.568,3601.47,95.673,76.542,0.682,0.0,0.0,1440.588,0.0,1
20241127,12,3282.279,3150.988,3135.233,93.847,67.467,0.0,0.0,0.0,1254.093,0.0,1
20241128,12,3119.078,2926.54,2911.907,91.604,65.682,2.263,0.0,0.093,1164.763,0.0,1
20241129,12,3106.287,2924.582,2909.959,92.934,64.477,1.927,0.0,0.0,1163.984,0.0,1
20241130,12,3668.314,3521.581,3503.973,96.374,73.425,0.0,0.0,0.0,1401.589,0.0,1
20241201,12,3079.266,2923.561,2908.943,93.513,63.52,1.101,0.0,0.0,1163.577,0.0,1
20241202,12,3451.294,3313.242,3296.676,92.924,71.645,0.0,0.0,0.0,1318.67,0.0,1
20241203,12,3550.948,3395.133,3378.157,94.571,72.43,0.404,0.0,0.0,1351.263,0.0,1
20241204,12,3236.734,3058.657,3043.364,91.809,68.007,1.564,0.0,0.0,1217.346,0.0,1
20241205,12,3558.231,3415.901,3398.822,96.374,71.221,0.0,0.523,0.0,1359.529,0.0,1
20241206,12,3289.782,3158.191,3142.4,94.174,67.386,0.0,0.0,0.0,1256.96,0.0,1
20241207,12,3161.318,2994.395,2979.423,92.703,65.782,1.334,0.0,0.0,1191.769,0.0,1
20241208,12,3366.126,3195.703,3179.725,92.556,70.156,1.107,0.0,0.0,1271.89,0.0,1
20241209,12,3476.94,3324.11,3307.49,94.86,70.705,0.412,0.0,0.0,1322.996,0.0,1
20241210,12,3220.127,3028.784,3013.64,94.335,65.847,2.023,0.272,0.0,1205.456,0.0,1
20241211,12,3610.195,3404.347,3387.325,94.766,73.487,1.773,0.0,0.0,1354.93,0.0,1
20241212,12,3488.455,3290.194,3273.743,94.089,71.52,1.753,0.0,0.0,1309.497,0.0,1
20241213,12,3123.55,2919.036,2904.441,95.03,63.405,2.654,0.0,0.0,1161.776,0.0,1
20241214,12,3366.486,3230.222,3214.071,94.039,69.056,0.05,0.0,0.0,1285.628,0.0,1
20241215,12,2951.81,2833.737,2819.569,92.9,61.292,0.0,0.0,0.0,1127.828,0.0,1
20241216,12,3115.272,2961.897,2947.088,92.862,64.713,0.962,0.0,0.0,1178.835,0.0,1
20241217,12,3120.87,2888.87,2874.425,93.287,64.534,3.577,0.0,0.0,1149.77,0.0,1
20241218,12,3296.937,3165.06,3149.234,93.685,67.885,0.0,0.0,0.0,1259.694,0.0,1
20241219,12,3431.079,3253.243,3236.977,94.214,70.251,1.232,0.0,0.0,1294.791,0.0,1
20241220,12,3396.822,3227.095,3210.96,92.606,70.757,1.038,0.0,0.0,1284.384,0.0,1
20241221,12,3657.295,3496.598,3479.115,94.773,74.44,0.41,0.0,0.0,1391.646,0.0,1
20241222,12,3488.58,3317.756,3301.167,94.443,71.255,0.934,0.0,0.0,1320.467,0.0,1
20241223,12,3200.558,2994.618,2979.645,93.367,66.125,2.536,0.0,0.0,1191.858,0.0,1
20241224,12,3025.691,2863.391,2849.074,94.444,61.8,1.421,0.0,0.0,1139.63,0.0,1
20241225,12,3243.778,3112.583,3097.02,93.175,67.156,0.046,0.0,0.0,1238.808,0.0,1
20241226,12,3178.816,3051.663,3036.405,96.706,63.409,0.0,0.0,0.0,1214.562,0.0,1
20241227,12,3058.853,2880.528,2866.126,92.442,63.83,1.906,0.0,0.0,1146.45,0.0,1
20241228,12,3408.527,3264.518,3248.196,98.061,67.051,0.234,0.198,0.0,1299.278,0.0,1
20241229,12,3251.217,3110.572,3095.019,95.278,65.825,0.34,0.0,0.0,1238.008,0.0,1
20241230,12,3447.543,3309.641,3293.093,94.458,70.405,0.0,0.0,0.0,1317.237,0.0,1
20241231,12,3468.449,3241.831,3225.622,95.309,70.2,2.639,0.0,0.0,1290.249,0.0,1
20250101,12,3167.253,3020.35,3005.248,91.842,66.524,0.665,0.0,0.0,1202.099,0.0,1
20250102,12,3305.593,3164.26,3148.438,93.976,67.853,0.287,0.0,0.0,1259.375,0.0,1
20250103,12,3618.531,3436.957,3419.772,95.41,73.16,1.06,0.0,0.0,1367.909,0.0,1
20250104,12,3446.297,3298.093,3281.603,93.7,70.949,0.313,0.0,0.0,1312.641,0.0,1
20250105,12,3117.475,2992.086,2977.126,92.259,65.183,0.023,0.0,0.0,1190.85,0.0,1
20250106,12,3394.793,3179.52,3163.623,92.978,70.432,2.439,0.0,0.0,1265.449,0.0,1
20250107,12,3307.207,3117.967,3102.377,95.383,66.884,1.794,0.0,0.0,1240.951,0.0,1
20250108,12,3648.826,3458.603,3441.31,92.552,76.051,1.264,0.0,0.0,1376.524,0.0,1
20250109,12,3109.215,2960.963,2946.158,92.175,65.069,0.8,0.0,0.0,1178.463,0.0,1
20250110,12,3538.762,3372.901,3356.036,93.796,72.778,0.716,0.0,0.0,1342.415,0.0,1
20250111,12,3411.667,3220.902,3204.798,92.174,71.399,1.658,0.0,0.0,1281.919,0.0,1
20250112,12,3394.296,3258.525,3242.232,92.777,70.574,0.0,0.0,0.0,1296.893,0.0,1
20250113,12,3501.436,3308.412,3291.869,93.664,72.112,1.576,0.0,0.0,1316.748,0.0,1
20250114,12,3329.159,3101.051,3085.546,92.847,69.167,2.971,0.0,0.0,1234.218,0.0,1
20250115,12,3724.575,3575.592,3557.714,93.682,76.693,0.0,0.0,0.0,1423.086,0.0,1
20250116,12,2971.006,2781.46,2767.553,90.527,63.309,2.479,0.0,0.0,1107.021,0.0,1
20250117,12,3317.345,3138.194,3122.503,93.855,68.182,1.459,0.0,0.0,1249.001,0.0,1
20250118,12,3267.474,3084.192,3068.771,92.345,68.255,1.676,0.0,0.0,1227.508,0.0,1
20250119,12,3420.617,3265.222,3248.896,91.548,72.076,0.565,0.0,0.0,1299.558,0.0,1
20250120,12,3055.665,2884.952,2870.527,92.909,63.443,1.653,0.0,0.0,1148.211,0.0,1
20250121,12,3271.088,3036.819,3021.635,91.11,69.257,3.294,0.0,0.0,1208.654,0.0,1
20250122,12,3449.753,3281.096,3264.69,93.653,71.056,0.926,0.0,0.0,1305.876,0.0,1
20250123,12,3289.141,3142.304,3126.592,95.548,66.404,0.484,0.0,0.0,1250.637,0.0,1
20250124,12,3128.322,2958.67,2943.877,92.958,64.917,1.482,0.0,0.0,1177.551,0.0,1
20250125,12,3176.564,3002.262,2987.25,93.173,65.766,1.549,0.0,0.0,1194.9,0.0,1
20250126,12,3473.277,3334.346,3317.674,94.3,71.05,0.0,0.0,0.0,1327.07,0.0,1
20250127,12,3508.842,3356.293,3339.512,92.877,72.877,0.362,0.0,0.0,1335.805,0.0,1
20250128,12,3132.421,2950.857,2936.103,90.043,67.106,1.871,0.0,0.0,1174.441,0.0,1
20250129,12,3367.866,3233.151,3216.985,95.632,67.934,0.0,0.0,0.0,1286.794,0.0,1
20250130,12,3273.139,3120.485,3104.882,93.368,67.624,0.692,0.0,0.0,1241.953,0.0,1
20250131,12,3180.754,3009.989,2994.939,94.041,65.245,1.426,0.0,0.0,1197.976,0.0,1
20250201,12,3366.025,3146.952,3131.218,95.762,67.805,2.613,0.0,0.0,1252.487,0.0,1
20250202,12,3224.771,3060.947,3045.643,93.021,66.873,1.125,0.0,0.0,1218.257,0.0,1
20250203,12,3487.781,3287.098,3270.662,95.44,70.494,1.827,0.0,0.0,1308.265,0.0,1
20250204,12,3282.861,3084.702,3069.279,95.782,66.116,2.121,0.0,0.0,1227.711,0.0,1
20250205,12,3146.73,2962.397,2947.585,95.307,63.69,1.935,0.0,0.0,1179.034,0.0,1
20250206,12,3293.377,3120.489,3104.887,94.347,67.336,1.302,0.0,0.0,1241.955,0.0,1
20250207,12,3275.927,3121.596,3105.988,93.707,67.437,0.741,0.0,0.0,1242.395,0.0,1
20250208,12,3068.605,2915.823,2901.244,92.678,63.87,1.02,0.0,0.0,1160.497,0.0,1
20250209,12,3267.438,3136.741,3121.057,94.079,66.996,0.0,0.0,0.0,1248.423,0.0,1
20250210,12,3098.606,2873.287,2858.921,92.916,64.33,3.408,0.0,0.0,1143.568,0.0,1
20250211,12,3446.375,3216.223,3200.142,93.152,71.368,2.79,0.16,0.0,1280.057,0.0,1
20250212,12,3625.59,3449.756,3432.507,91.795,76.189,0.885,0.0,0.0,1373.003,0.0,1
20250213,12,3453.037,3241.19,3224.985,96.321,69.153,2.224,0.0,0.0,1289.994,0.0,1
20250214,12,3543.311,3401.579,3384.571,94.767,72.125,0.0,0.0,0.0,1353.828,0.0,1
20250215,12,3615.575,3450.289,3433.037,92.443,75.446,0.595,0.0,0.0,1373.215,0.0,1
20250216,12,3192.687,3007.707,2992.668,94.695,65.037,1.869,0.0,0.0,1197.067,0.0,1
20250217,12,3209.203,3063.875,3048.555,93.373,66.3,0.55,0.0,0.0,1219.422,0.0,1
20250218,12,3497.375,3271.908,3255.549,93.972,71.792,2.549,0.0,0.0,1302.22,0.0,1
20250219,12,3443.071,3274.124,3257.754,94.355,70.391,0.945,0.0,0.0,1303.102,0.0,1
20250220,12,3102.134,2978.049,2963.159,93.098,64.277,0.0,0.0,0.0,1185.264,0.0,1
20250221,12,3163.114,3015.551,3000.473,95.041,64.2,0.693,0.0,0.0,1200.189,0.0,1
20250222,12,3353.176,3144.676,3128.953,91.939,70.354,2.31,0.0,0.0,1251.581,0.0,1
20250223,12,3330.133,3106.128,3090.598,94.662,67.861,2.84,0.0,0.0,1236.239,0.0,1
20250224,12,3420.909,3284.073,3267.652,95.134,69.365,0.0,0.0,0.0,1307.061,0.0,1
20250225,12,3293.156,3159.665,3143.867,92.591,68.609,0.056,0.0,0.0,1257.547,0.0,1
20250226,12,3506.855,3289.607,3273.159,95.996,70.469,2.286,0.0,0.0,1309.264,0.0,1
20250227,12,3067.056,2931.335,2916.678,92.991,63.623,0.443,0.0,0.0,1166.671,0.0,1
20250228,12,2974.56,2798.296,2784.305,91.061,63.012,2.006,0.0,0.0,1113.722,0.0,1
20250301,12,3811.9,3584.643,3566.72,93.938,78.277,2.044,0.0,0.0,1426.688,0.0,1
20250302,12,3570.82,3427.987,3410.847,95.4,72.203,0.0,0.0,0.282,1364.339,0.0,1
20250303,12,3011.703,2891.235,2876.779,97.14,59.807,0.0,0.0,0.0,1150.712,0.0,1
20250304,12,3687.548,3521.081,3503.476,95.734,74.303,0.536,0.0,0.0,1401.39,0.0,1
20250305,12,3298.651,3116.385,3100.803,92.104,69.086,1.589,0.0,0.0,1240.321,0.0,1
20250306,12,2952.554,2809.44,2795.393,92.445,61.61,0.882,0.105,0.0,1118.157,0.0,1
20250307,12,2992.934,2848.534,2834.291,95.208,60.64,0.859,0.0,0.215,1133.717,0.0,1
20250308,12,3141.069,3015.426,3000.349,92.474,65.523,0.0,0.0,0.0,1200.14,0.0,1
20250309,12,3197.789,3053.002,3037.737,90.874,67.881,0.55,0.0,0.0,1215.095,0.0,1
20250310,12,3154.889,2948.595,2933.852,94.844,64.167,2.645,0.0,0.0,1173.541,0.0,1
20250311,12,3060.988,2918.114,2903.524,92.023,64.165,0.695,0.0,0.0,1161.409,0.0,1
20250312,12,3020.109,2819.458,2805.361,92.635,62.89,2.754,0.0,0.0,1122.144,0.0,1
20250313,12,3381.331,3246.078,3229.847,94.975,68.677,0.0,0.0,0.0,1291.939,0.0,1
20250314,12,3426.346,3265.014,3248.689,95.351,69.318,0.738,0.0,0.0,1299.476,0.0,1
20250315,12,3318.515,3149.777,3134.028,93.668,68.342,1.13,0.0,0.0,1253.611,0.0,1
20250316,12,3265.689,3104.739,3089.216,92.217,68.313,0.967,0.0,0.0,1235.686,0.0,1
20250317,12,3410.338,3213.926,3197.856,93.755,70.168,1.833,0.0,0.0,1279.142,0.0,1
20250318,12,3399.145,3245.579,3229.351,95.221,68.861,0.539,0.0,0.0,1291.741,0.0,1
20250319,12,3318.236,3129.024,3113.379,94.361,67.835,1.773,0.0,0.0,1245.351,0.0,1
20250320,12,3356.702,3208.093,3192.053,93.711,69.097,0.445,0.0,0.0,1276.821,0.0,1
20250321,12,3591.137,3411.338,3394.281,92.991,74.495,1.049,0.0,0.0,1357.713,0.0,1
20250322,12,3208.018,3047.447,3032.21,95.798,64.598,1.047,0.0,0.0,1212.884,0.0,1
20250323,12,3425.683,3273.47,3257.103,93.354,70.787,0.462,0.0,0.0,1302.841,0.0,1
20250324,12,3236.233,3106.784,3091.25,93.224,66.965,0.0,0.0,0.0,1236.5,0.0,1
20250325,12,3325.705,3161.443,3145.636,93.94,68.292,0.978,0.0,0.0,1258.254,0.0,1
20250326,12,3621.175,3455.506,3438.228,92.397,75.601,0.599,0.0,0.0,1375.291,0.0,1
20250327,12,3253.789,3063.622,3048.304,96.038,65.356,1.921,0.0,0.0,1219.321,0.0,1
20250328,12,3509.559,3266.498,3250.166,94.513,71.63,3.048,0.0,0.0,1300.066,0.0,1
20250329,12,3359.213,3224.845,3208.72,94.119,68.849,0.0,0.0,0.0,1283.488,0.0,1
20250330,12,2928.424,2749.106,2735.36,93.204,60.609,2.212,0.0,0.0,1094.144,0.0,1
20250331,12,2929.62,2760.258,2746.457,98.201,57.548,1.855,0.0,0.0,1098.583,0.0,1
20250401,12,3302.137,3138.335,3122.643,93.644,68.022,1.001,0.0,0.0,1249.057,0.0,1
20250402,12,3117.495,2972.526,2957.664,96.472,62.336,0.677,0.0,0.0,1183.066,0.0,1
20250403,12,3226.344,3006.668,2991.634,94.886,65.591,2.926,0.0,0.0,1196.654,0.0,1
20250404,12,3609.046,3375.717,3358.838,96.047,72.485,2.568,0.0,0.0,1343.535,0.0,1
20250405,12,3418.277,3198.399,3182.407,93.073,70.846,2.534,0.0,0.0,1272.963,0.0,1
20250406,12,3336.559,3203.097,3187.082,93.992,68.477,0.0,0.0,0.0,1274.833,0.0,1
20250407,12,3415.353,3209.242,3193.196,92.474,71.245,2.12,0.0,0.0,1277.278,0.0,1
20250408,12,3193.501,3023.282,3008.165,92.491,66.605,1.386,0.0,0.0,1203.266,0.0,1
20250409,12,3525.308,3338.346,3321.654,92.905,73.197,1.358,0.0,0.0,1328.662,0.0,1
20250410,12,3348.468,3114.056,3098.486,95.381,67.721,3.126,0.0,0.0,1239.394,0.0,1
20250411,12,3322.195,3083.204,3067.788,92.815,69.047,3.327,0.0,0.0,1227.115,0.0,1
20250412,12,3365.766,3202.485,3186.473,96.074,67.579,0.887,0.194,0.0,1274.589,0.0,1
20250413,12,3449.809,3295.595,3279.117,92.904,71.63,0.49,0.0,0.0,1311.647,0.0,1
20250414,12,3613.223,3432.04,3414.879,95.572,72.929,1.057,0.0,0.0,1365.952,0.0,1
20250415,12,3399.349,3263.375,3247.058,97.136,67.507,0.0,0.0,0.0,1298.823,0.0,1
20250416,12,3086.326,2950.993,2936.238,92.974,64.035,0.401,0.0,0.0,1174.495,0.0,1
20250417,12,3009.468,2889.09,2874.644,96.103,60.407,0.0,0.0,0.0,1149.858,0.0,1
20250418,12,3629.512,3419.429,3402.332,96.255,72.738,1.863,0.0,0.0,1360.933,0.0,1
20250419,12,3507.752,3355.022,3338.247,95.306,70.998,0.369,0.0,0.0,1335.299,0.0,1
20250420,12,3469.607,3312.992,3296.427,93.319,71.721,0.535,0.0,0.0,1318.571,0.0,1
20250421,12,3406.486,3251.588,3235.33,95.257,68.983,0.57,0.0,0.0,1294.132,0.0,1
20250422,12,2931.369,2790.392,2776.44,94.417,59.89,0.843,0.0,0.0,1110.576,0.0,1
20250423,12,3123.35,2971.983,2957.123,92.973,64.804,0.882,0.0,0.0,1182.849,0.0,1
20250424,12,3614.124,3431.255,3414.099,93.557,74.518,1.104,0.0,0.0,1365.639,0.0,1
20250425,12,2931.219,2757.928,2744.138,92.241,61.3,1.992,0.52,0.0,1097.655,0.0,1
20250426,12,3282.688,3108.216,3092.675,93.144,67.984,1.37,0.0,0.0,1237.07,0.0,1
20250427,12,3213.654,3076.358,3060.977,93.764,66.115,0.284,0.0,0.0,1224.391,0.0,1
20250428,12,3425.143,3254.578,3238.305,94.852,69.657,1.021,0.0,0.0,1295.322,0.0,1
20250429,12,3205.095,3033.068,3017.903,93.889,65.851,1.424,0.0,0.0,1207.161,0.0,1
20250430,12,2928.415,2790.694,2776.74,92.005,61.398,0.732,0.0,0.0,1110.696,0.0,1
20250501,12,3529.431,3322.081,3305.471,93.773,72.604,1.953,0.0,0.0,1322.188,0.0,1
20250502,12,3766.903,3570.729,3552.875,95.259,76.28,1.258,0.0,0.0,1421.15,0.0,1
20250503,12,2913.1,2726.413,2712.781,94.035,59.759,2.509,0.0,0.0,1085.112,0.0,1
20250504,12,3796.468,3585.791,3567.862,96.521,75.874,1.614,0.0,0.0,1427.145,0.0,1
20250505,12,2987.756,2868.246,2853.905,94.196,61.186,0.0,0.0,0.0,1141.562,0.0,1
20250506,12,3651.811,3406.101,3389.071,94.609,74.458,2.842,0.0,0.0,1355.628,0.0,1
20250507,12,3506.422,3364.806,3347.982,92.981,72.745,0.04,0.0,0.0,1339.193,0.0,1
20250508,12,3667.02,3443.515,3426.297,94.063,75.202,2.182,0.0,0.0,1370.519,0.0,1
20250509,12,3297.245,3091.633,3076.175,95.891,66.329,2.329,0.0,0.0,1230.47,0.0,1
20250510,12,3293.902,3093.839,3078.37,96.127,66.1,2.16,0.0,0.0,1231.348,0.0,1
20250511,12,3329.356,3191.028,3175.073,94.074,68.269,0.161,0.0,0.0,1270.029,0.0,1
20250512,12,2929.573,2754.132,2740.361,91.417,61.817,2.071,0.0,0.0,1096.145,0.0,1
20250513,12,3397.754,3215.537,3199.459,93.546,70.065,1.42,0.0,0.0,1279.784,0.0,1
20250514,12,3290.689,3105.122,3089.597,91.063,69.708,1.707,0.0,0.0,1235.839,0.0,1
20250515,12,3492.633,3317.833,3301.244,93.734,71.877,1.047,0.0,0.0,1320.498,0.0,1
20250516,12,3368.579,3164.964,3149.14,92.307,70.396,2.13,0.0,0.0,1259.656,0.0,1
20250517,12,3205.19,3031.121,3015.966,94.976,65.099,1.49,0.0,0.0,1206.386,0.0,1
20250518,12,3155.643,2997.375,2982.388,93.253,65.277,1.058,0.0,0.0,1192.955,0.0,1
20250519,12,3217.072,3086.973,3071.538,96.749,64.143,0.046,0.0,0.0,1228.615,0.0,1
20250520,12,3613.896,3452.575,3435.313,96.151,72.503,0.483,0.0,0.0,1374.125,0.0,1
20250521,12,3634.739,3433.829,3416.66,93.707,74.824,1.591,0.0,0.0,1366.664,0.0,1
20250522,12,3192.878,3004.284,2989.262,94.22,65.369,1.986,0.0,0.0,1195.705,0.0,1
20250523,12,3239.775,3110.184,3094.633,92.909,67.265,0.0,0.0,0.0,1237.853,0.0,1
20250524,12,3267.859,3137.145,3121.459,93.194,67.641,0.0,0.0,0.0,1248.584,0.0,1
20250525,12,3325.88,3151.262,3135.506,91.547,70.081,1.302,0.0,0.0,1254.202,0.0,1
20250526,12,3348.226,3132.401,3116.739,94.819,68.117,2.548,0.0,0.0,1246.695,0.0,1
20250527,12,3288.038,3156.517,3140.734,94.549,67.084,0.0,0.0,0.0,1256.294,0.0,1
20250528,12,3516.794,3346.287,3329.556,93.317,72.698,0.884,0.0,0.0,1331.822,0.0,1
20250529,12,3299.081,3149.037,3133.292,94.212,67.55,0.571,0.0,0.0,1253.317,0.0,1
20250530,12,3187.878,3043.555,3028.337,93.661,65.657,0.549,0.0,0.0,1211.335,0.0,1
20250531,12,3312.46,3136.131,3120.451,95.829,66.679,1.378,0.0,0.0,1248.18,0.0,1
20250601,12,3801.508,3649.448,3631.2,94.695,77.44,0.0,0.0,0.198,1452.48,0.0,1
20250602,12,3446.546,3298.219,3281.728,92.092,72.193,0.316,0.0,0.0,1312.691,0.0,1
20250603,12,3292.016,3118.534,3102.942,95.334,66.611,1.323,0.0,0.0,1241.177,0.0,1
20250604,12,3310.739,3154.175,3138.404,95.169,67.106,0.759,0.0,0.0,1255.362,0.0,1
20250605,12,3197.818,3003.662,2988.643,90.9,67.862,2.158,0.0,0.0,1195.457,0.0,1
20250606,12,2969.521,2817.679,2803.591,93.002,61.592,1.16,0.0,0.0,1121.436,0.0,1
20250607,12,3491.996,3322.771,3306.157,94.148,71.548,0.881,0.0,0.0,1322.463,0.0,1
20250608,12,3039.064,2860.611,2846.308,91.172,64.3,1.95,0.387,0.0,1138.523,0.0,1
20250609,12,3236.001,3106.561,3091.029,91.34,68.341,0.0,0.0,0.0,1236.411,0.0,1
20250610,12,3556.299,3364.751,3347.927,95.407,71.904,1.444,0.0,0.0,1339.171,0.0,1
20250611,12,3272.954,3088.905,3073.46,93.227,67.723,1.691,0.0,0.0,1229.384,0.0,1
20250612,12,2830.091,2708.906,2695.361,90.785,60.134,0.294,0.0,0.0,1078.144,0.0,1
20250613,12,3220.235,3011.904,2996.844,93.902,66.153,2.572,0.0,0.0,1198.738,0.0,1
20250614,12,2996.139,2823.355,2809.238,94.501,61.159,1.841,0.0,0.0,1123.695,0.0,1
20250615,12,3385.348,3202.094,3186.084,93.935,69.52,1.472,0.0,0.0,1274.434,0.0,1
20250616,12,3210.219,2996.995,2982.01,88.914,69.647,2.752,0.0,0.0,1192.804,0.0,1
20250617,12,3166.949,2962.365,2947.553,96.219,63.492,2.562,0.0,0.0,1179.021,0.0,1
20250618,12,3087.675,2964.168,2949.347,92.852,64.147,0.0,0.0,0.0,1179.739,0.0,1
20250619,12,3203.988,3060.178,3044.877,92.677,66.689,0.509,0.0,0.0,1217.951,0.0,1
20250620,12,3131.356,3004.335,2989.313,94.508,63.914,0.059,0.0,0.0,1195.725,0.0,1
20250621,12,3009.703,2819.704,2805.606,93.433,62.138,2.409,0.0,0.0,1122.242,0.0,1
20250622,12,3431.371,3274.281,3257.91,94.356,70.151,0.602,0.0,0.0,1303.164,0.0,1
20250623,12,3125.851,2970.731,2955.877,94.577,63.756,1.003,0.0,0.0,1182.351,0.0,1
20250624,12,3367.347,3231.269,3215.113,92.205,70.448,0.043,0.0,0.0,1286.045,0.0,1
20250625,12,3347.874,3211.849,3195.789,95.791,67.418,0.066,0.0,0.0,1278.316,0.0,1
20250626,12,3333.581,3167.26,3151.424,96.804,66.429,1.03,0.0,0.0,1260.57,0.0,1
20250627,12,3612.039,3447.809,3430.57,93.639,74.41,0.57,0.058,0.0,1372.228,0.0,1
20250628,12,3546.175,3404.328,3387.306,95.594,71.559,0.0,0.0,0.0,1354.923,0.0,1
20250629,12,3234.206,3076.498,3061.116,92.997,67.086,0.913,0.0,0.0,1224.446,0.0,1
20250630,12,3375.014,3135.412,3119.735,93.066,69.955,3.228,0.0,0.0,1247.894,0.0,1
20250701,12,3370.402,3108.31,3092.769,92.563,70.239,3.934,0.0,0.0,1237.107,0.0,1
20250702,12,3396.086,3238.295,3222.104,94.848,69.069,0.673,0.0,0.0,1288.841,0.0,1
20250703,12,3556.113,3386.43,3369.498,93.064,73.71,0.804,0.0,0.322,1347.799,0.0,1
20250704,12,3718.889,3484.402,3466.98,95.99,74.735,2.401,0.0,0.0,1386.792,0.0,1
20250705,12,2931.235,2813.986,2799.916,95.112,59.45,0.0,0.0,0.0,1119.966,0.0,1
20250706,12,3204.205,3051.384,3036.127,94.657,65.298,0.801,0.0,0.0,1214.451,0.0,1
20250707,12,3559.292,3416.92,3399.836,95.51,71.887,0.0,0.0,0.0,1359.934,0.0,1
20250708,12,3407.663,3161.968,3146.158,95.219,69.035,3.344,0.0,0.0,1258.463,0.0,1
20250709,12,2935.998,2811.348,2797.291,95.317,59.418,0.256,0.0,0.0,1118.917,0.0,1
20250710,12,3298.679,3063.655,3048.337,94.44,67.378,3.255,0.0,0.0,1219.335,0.0,1
20250711,12,3444.783,3296.783,3280.299,94.052,70.653,0.309,0.0,0.0,1312.119,0.0,1
20250712,12,3163.45,2960.794,2945.99,95.275,64.05,2.506,0.0,0.0,1178.396,0.0,1
20250713,12,3323.934,3156.056,3140.276,92.653,69.203,1.094,0.0,0.0,1256.11,0.0,1
20250714,12,3423.895,3258.17,3241.879,94.939,69.568,0.875,0.0,0.0,1296.751,0.0,1
20250715,12,3425.015,3246.363,3230.131,95.786,68.975,1.267,0.0,0.0,1292.052,0.0,1
20250716,12,3688.354,3521.406,3503.798,95.124,74.796,0.548,0.0,0.0,1401.519,0.0,1
20250717,12,3480.139,3304.2,3287.679,96.813,69.342,1.099,0.0,0.0,1315.072,0.0,1
20250718,12,3278.531,3070.687,3055.333,95.74,66.057,2.437,0.0,0.0,1222.133,0.0,1
20250719,12,3310.524,3121.856,3106.246,90.846,70.295,1.77,0.0,0.0,1242.499,0.0,1
20250720,12,3415.495,3244.589,3228.366,93.991,70.098,1.046,0.0,0.0,1291.346,0.0,1
20250721,12,3385.156,3191.744,3175.786,93.029,70.193,1.785,0.0,0.0,1270.314,0.0,1
20250722,12,3389.394,3253.818,3237.549,93.552,69.888,0.0,0.0,0.0,1295.02,0.0,1
20250723,12,3564.063,3390.894,3373.94,95.63,71.893,0.895,0.0,0.0,1349.576,0.0,1
20250724,12,3407.624,3228.531,3212.389,89.892,73.125,1.308,0.0,0.0,1284.956,0.0,1
20250725,12,3227.052,3033.577,3018.409,96.245,64.679,2.079,0.017,0.0,1207.363,0.0,1
20250726,12,3195.919,3015.841,3000.762,92.513,66.639,1.703,0.0,0.0,1200.305,0.0,1
20250727,12,3374.388,3212.123,3196.062,94.738,68.708,0.842,0.0,0.0,1278.425,0.0,1
20250728,12,3426.474,3289.415,3272.968,91.796,72.004,0.0,0.0,0.0,1309.187,0.0,1
20250729,12,3343.354,3209.62,3193.571,94.749,68.068,0.0,0.0,0.0,1277.429,0.0,1
20250730,12,2898.801,2680.361,2666.959,94.506,59.169,3.683,0.0,0.0,1066.784,0.0,1
20250731,12,3294.235,3115.362,3099.785,94.675,67.121,1.489,0.0,0.0,1239.914,0.0,1
20250801,12,3472.29,3285.879,3269.449,95.34,70.255,1.426,0.0,0.0,1307.78,0.0,1
20250802,12,2940.514,2700.538,2687.035,92.57,61.276,4.334,0.0,0.0,1074.814,0.0,1
20250803,12,3530.36,3340.983,3324.279,94.678,71.929,1.421,0.0,0.0,1329.711,0.0,1
20250804,12,3064.649,2942.063,2927.353,94.998,62.23,0.0,0.0,0.0,1170.941,0.0,1
20250805,12,3188.065,3023.117,3008.001,96.639,63.637,1.223,0.0,0.0,1203.2,0.0,1
20250806,12,3324.404,3135.491,3119.813,97.202,65.974,1.753,0.0,0.0,1247.925,0.0,1
20250807,12,3296.367,3149.955,3134.205,95.167,66.816,0.46,0.0,0.0,1253.682,0.0,1
20250808,12,2943.486,2819.476,2805.378,92.752,61.217,0.222,0.0,0.0,1122.151,0.0,1
20250809,12,2966.989,2831.446,2817.289,92.28,62.022,0.592,0.0,0.0,1126.916,0.0,1
20250810,12,3265.758,3103.437,3087.92,94.921,66.368,1.011,0.0,0.0,1235.168,0.0,1
20250811,12,3202.889,3004.934,2989.909,95.63,64.608,2.271,0.0,0.0,1195.964,0.0,1
20250812,12,3612.28,3410.498,3393.446,94.275,73.913,1.652,0.0,0.0,1357.378,0.0,1
20250813,12,3335.658,3202.232,3186.22,93.394,68.897,0.0,0.0,0.0,1274.488,0.0,1
20250814,12,3639.487,3443.169,3425.953,92.706,75.73,1.452,0.0,0.0,1370.381,0.0,1
20250815,12,3169.992,3033.933,3018.764,94.945,64.405,0.304,0.0,0.0,1207.505,0.0,1
20250816,12,3299.905,3127.555,3111.917,91.923,69.249,1.274,0.0,0.0,1244.767,0.0,1
20250817,12,3086.882,2963.406,2948.589,94.375,63.096,0.0,0.0,0.0,1179.436,0.0,1
20250818,12,3430.946,3268.904,3252.56,96.722,68.426,0.753,0.0,0.0,1301.024,0.0,1
20250819,12,3439.757,3257.733,3241.444,94.313,70.355,1.346,0.0,0.0,1296.578,0.0,1
20250820,12,3241.024,3053.794,3038.525,94.557,66.118,1.851,0.0,0.0,1215.41,0.0,1
20250821,12,3451.845,3211.012,3194.957,93.954,70.871,3.101,0.0,0.0,1277.983,0.0,1
20250822,12,3125.463,2924.94,2910.315,93.361,64.578,2.516,0.0,0.0,1164.126,0.0,1
20250823,12,3429.388,3256.11,3239.83,91.702,72.14,1.097,0.0,0.0,1295.932,0.0,1
20250824,12,3379.31,3233.373,3217.206,93.804,69.493,0.332,0.107,0.0,1286.882,0.0,1
20250825,12,3297.737,3064.175,3048.855,93.927,67.727,3.211,0.0,0.0,1219.542,0.0,1
20250826,12,3529.619,3373.825,3356.956,93.246,73.018,0.431,0.0,0.0,1342.782,0.0,1
20250827,12,3230.573,3052.395,3037.133,95.949,64.949,1.579,0.0,0.0,1214.853,0.0,1
20250828,12,3193.067,2982.808,2967.894,91.987,66.96,2.693,0.0,0.0,1187.158,0.0,1
20250829,12,3570.797,3377.33,3360.443,95.181,72.369,1.477,0.0,0.0,1344.177,0.0,1
20250830,12,3204.842,3056.318,3041.037,96.329,64.178,0.661,0.0,0.0,1216.415,0.0,1
20250831,12,3391.286,3180.644,3164.741,93.837,69.715,2.303,0.0,0.0,1265.896,0.0,1
20250901,12,3338.702,3094.184,3078.713,95.337,67.554,3.462,0.0,0.0,1231.485,0.0,1
20250902,12,3437.935,3237.459,3221.271,93.353,71.04,1.908,0.0,0.0,1288.509,0.0,1
20250903,12,3169.041,3041.813,3026.604,88.823,68.824,0.015,0.0,0.0,1210.641,0.0,1
20250904,12,3464.002,3258.21,3241.919,95.327,70.097,2.022,0.0,0.0,1296.768,0.0,1
20250905,12,3445.146,3264.063,3247.742,90.878,73.128,1.309,0.0,0.0,1299.097,0.0,1
20250906,12,3406.028,3190.961,3175.006,97.541,67.359,2.411,0.0,0.0,1270.002,0.0,1
20250907,12,3281.076,3143.418,3127.701,94.178,67.205,0.204,0.0,0.0,1251.08,0.0,1
20250908,12,3173.416,3004.006,2988.986,92.292,66.328,1.394,0.0,0.0,1195.594,0.0,1
20250909,12,3391.167,3185.554,3169.626,93.705,69.81,2.149,0.0,0.0,1267.85,0.0,1
20250910,12,3166.573,2961.66,2946.852,92.526,66.018,2.574,0.0,0.0,1178.741,0.0,1
20250911,12,3451.368,3217.342,3201.255,93.995,70.831,2.897,0.0,0.0,1280.502,0.0,1
20250912,12,3621.721,3434.915,3417.74,95.726,72.983,1.206,0.0,0.0,1367.096,0.0,1
20250913,12,3438.773,3223.81,3207.691,92.816,71.469,2.345,0.68,0.0,1283.077,0.0,1
20250914,12,3049.656,2927.669,2913.031,93.352,63.018,0.0,0.0,0.0,1165.212,0.0,1
20250915,12,3524.233,3260.285,3243.984,95.616,71.1,3.635,0.0,0.0,1297.593,0.0,1
20250916,12,3602.987,3319.947,3303.347,93.639,74.223,4.016,0.0,0.0,1321.339,0.0,1
20250917,12,3579.292,3436.12,3418.94,93.991,73.459,0.0,0.0,0.0,1367.576,0.0,1
20250918,12,3531.363,3332.574,3315.911,94.178,72.331,1.697,0.0,0.0,1326.365,0.0,1
20250919,12,3149.691,2998.355,2983.363,93.82,64.76,0.838,0.0,0.0,1193.345,0.0,1
20250920,12,2954.39,2762.007,2748.197,93.329,61.064,2.616,0.0,0.0,1099.279,0.0,1
20250921,12,3419.781,3282.99,3266.575,92.55,71.279,0.0,0.0,0.0,1306.63,0.0,1
20250922,12,3269.154,3130.13,3114.48,94.106,67.012,0.263,0.0,0.0,1245.792,0.0,1
20250923,12,3395.639,3259.814,3243.515,95.921,68.288,0.0,0.0,0.0,1297.406,0.0,1
20250924,12,3639.57,3440.998,3423.793,95.226,73.728,1.517,0.0,0.0,1369.517,0.0,1
20250925,12,3260.001,3129.601,3113.953,90.443,69.531,0.0,0.0,0.0,1245.581,0.0,1
20250926,12,3438.757,3254.555,3238.282,94.149,70.456,1.413,0.0,0.0,1295.313,0.0,1
20250927,12,3229.969,3100.77,3085.266,89.789,69.392,0.0,0.0,0.0,1234.106,0.0,1
20250928,12,3452.382,3271.325,3254.968,94.129,70.751,1.296,0.0,0.0,1301.987,0.0,1
20250929,12,3434.334,3255.202,3238.926,93.384,70.942,1.267,0.0,0.0,1295.57,0.0,1
20250930,12,2949.463,2809.169,2795.123,94.077,60.477,0.788,0.0,0.0,1118.049,0.0,1
20251001,12,3070.662,2863.238,2848.922,92.538,64.01,2.87,0.0,0.0,1139.569,0.0,1
20251002,12,3576.105,3366.553,3349.72,92.885,74.268,1.937,0.0,0.0,1339.888,0.0,1
20251003,12,3056.989,2934.709,2920.036,94.682,62.282,0.0,0.0,0.0,1168.014,0.0,1
20251004,12,3514.524,3323.881,3307.262,97.11,69.814,1.484,0.0,0.0,1322.905,0.0,1
20251005,12,3176.098,2988.945,2974.0,93.612,65.448,1.971,0.0,0.0,1189.6,0.0,1
20251006,12,3576.281,3428.812,3411.668,95.013,72.608,0.129,0.0,0.0,1364.667,0.0,1
20251007,12,3256.714,3054.369,3039.097,93.45,67.226,2.305,0.0,0.0,1215.639,0.0,1
20251008,12,3520.657,3322.442,3305.83,92.817,73.169,1.698,0.0,0.0,1322.332,0.0,1
20251009,12,3346.25,3142.737,3127.024,94.52,68.292,2.169,0.0,0.0,1250.809,0.0,1
20251010,12,3421.79,3283.699,3267.281,94.143,70.113,0.037,0.0,0.0,1306.912,0.0,1
20251011,12,3310.811,3082.344,3066.932,91.543,69.766,3.022,0.0,0.0,1226.773,0.0,1
20251012,12,3309.844,3106.304,3090.772,96.18,66.383,2.239,0.0,0.0,1236.309,0.0,1
20251013,12,3368.271,3103.259,3087.743,93.9,69.195,4.029,0.0,0.0,1235.097,0.0,1
20251014,12,2923.342,2803.798,2789.779,92.196,61.165,0.093,0.0,0.0,1115.912,0.0,1
20251015,12,3025.404,2866.186,2851.855,95.908,60.85,1.315,0.0,0.0,1140.742,0.0,1
20251016,12,3146.096,3012.783,2997.719,95.387,63.624,0.247,0.0,0.0,1199.088,0.0,1
20251017,12,3555.587,3413.364,3396.297,93.582,73.292,0.0,0.0,0.0,1358.519,0.0,1
20251018,12,3521.424,3380.567,3363.664,95.611,71.047,0.0,0.0,0.0,1345.466,0.0,1
20251019,12,3407.768,3249.838,3233.589,93.101,70.607,0.661,0.0,0.0,1293.436,0.0,1
20251020,12,3055.842,2891.98,2877.52,93.876,62.793,1.419,0.0,0.0,1151.008,0.0,1
20251021,12,3309.959,3153.841,3138.072,91.463,69.809,0.746,0.0,0.0,1255.229,0.0,1
20251022,12,3111.216,2896.189,2881.708,92.881,64.616,3.033,0.0,0.0,1152.683,0.0,1
20251023,12,3487.657,3255.713,3239.434,91.659,73.4,2.761,0.0,0.0,1295.774,0.0,1
20251024,12,3130.523,2992.444,2977.481,94.275,64.055,0.428,0.0,0.0,1190.993,0.0,1
20251025,12,3285.201,3113.323,3097.757,92.182,68.746,1.283,0.0,0.0,1239.103,0.0,1
20251026,12,3828.043,3674.921,3656.547,96.264,76.71,0.0,0.0,0.0,1462.619,0.0,1
20251027,12,3156.827,3014.035,2998.965,91.173,66.792,0.545,0.0,0.0,1199.586,0.0,1
20251028,12,3266.414,3087.822,3072.383,92.446,68.158,1.529,0.0,0.0,1228.953,0.0,1
20251029,12,3318.219,3185.49,3169.563,94.512,67.725,0.0,0.0,0.0,1267.825,0.0,1
20251030,12,3666.699,3477.87,3460.481,95.156,74.332,1.198,0.0,0.0,1384.192,0.0,1
20251031,12,3109.818,2985.425,2970.498,92.587,64.792,0.0,0.0,0.0,1188.199,0.0,1
20251101,12,3435.036,3228.956,3212.811,94.514,70.108,2.083,0.0,0.0,1285.124,0.0,1
20251102,12,3519.718,3318.926,3302.331,94.484,71.86,1.776,0.0,0.0,1320.932,0.0,1
20251103,12,3122.703,2997.795,2982.806,92.091,65.41,0.0,0.0,0.0,1193.122,0.0,1
20251104,12,3474.382,3324.352,3307.73,91.383,73.341,0.331,0.0,0.0,1323.092,0.0,1
20251105,12,3749.708,3584.464,3566.542,93.848,77.074,0.424,0.0,0.0,1426.617,0.0,1
20251106,12,3548.533,3347.563,3330.825,94.564,72.387,1.733,0.0,0.0,1332.33,0.0,1
20251107,12,3371.541,3184.683,3168.76,95.695,67.964,1.606,0.0,0.0,1267.504,0.0,1
20251108,12,3276.007,3082.066,3066.655,93.637,67.489,2.0,0.0,0.0,1226.662,0.0,1
20251109,12,3413.942,3164.549,3148.726,96.915,67.951,3.443,0.0,0.024,1259.491,0.0,1
20251110,12,3030.699,2782.274,2768.363,94.14,62.101,4.372,0.0,0.0,1107.345,0.0,1
20251111,12,3130.274,2963.823,2949.004,94.05,64.203,1.372,0.0,0.0,1179.602,0.0,1
20251112,12,3242.307,3091.01,3075.555,93.92,66.593,0.694,0.0,0.0,1230.222,0.0,1
20251113,12,2784.397,2646.825,2633.591,93.951,57.17,0.98,0.0,0.0,1053.436,0.0,1
20251114,12,3129.834,2945.044,2930.319,93.632,64.481,1.983,0.0,0.0,1172.128,0.0,1
20251115,12,3093.636,2969.891,2955.041,93.563,63.782,0.0,0.0,0.0,1182.017,0.0,1
20251116,12,3482.167,3342.88,3326.166,91.666,73.278,0.0,0.282,0.0,1330.466,0.0,1
20251117,12,2916.857,2780.846,2766.942,94.176,59.746,0.691,0.0,0.0,1106.777,0.0,1
20251118,12,3043.568,2904.498,2889.975,92.162,63.704,0.593,0.0,0.0,1155.99,0.0,1
20251119,12,3179.717,3001.013,2986.008,93.964,65.277,1.688,0.0,0.0,1194.403,0.0,1
20251120,12,3387.508,3186.241,3170.309,94.84,68.901,2.022,0.0,0.0,1268.124,0.0,1
20251121,12,3375.097,3234.713,3218.54,91.879,70.861,0.166,0.0,0.0,1287.416,0.0,1
20251122,12,3186.215,2987.753,2972.815,93.916,65.444,2.322,0.0,0.0,1189.126,0.0,1
20251123,12,3374.798,3231.265,3215.108,94.083,69.194,0.264,0.0,0.0,1286.043,0.0,1
20251124,12,3246.656,3109.597,3094.049,94.531,66.252,0.231,0.0,0.0,1237.62,0.0,1
20251125,12,3394.278,3248.197,3231.956,90.996,71.955,0.316,0.0,0.0,1292.782,0.0,1
20251126,12,3060.502,2891.51,2877.053,94.986,62.154,1.585,0.0,0.0,1150.821,0.0,1
20251127,12,3677.942,3423.826,3406.707,92.743,76.499,3.03,0.0,0.0,1362.683,0.0,1
20251128,12,3351.618,3172.023,3156.163,94.067,68.731,1.415,0.0,0.0,1262.465,0.0,1
20251129,12,3303.791,3144.355,3128.634,95.984,66.397,0.86,0.0,0.0,1251.453,0.0,1
20251130,12,3365.041,3178.322,3162.43,92.528,70.154,1.613,0.0,0.0,1264.972,0.0,1
20251201,12,3532.851,3320.707,3304.104,94.348,72.232,2.088,0.0,0.0,1321.642,0.0,1
20251202,12,3172.62,3045.716,3030.487,96.416,63.475,0.0,0.0,0.0,1212.195,0.0,1
20251203,12,3408.092,3221.907,3205.798,92.771,70.865,1.524,0.0,0.0,1282.319,0.0,1
20251204,12,3203.043,3010.82,2995.766,92.833,66.558,2.085,0.165,0.0,1198.306,0.0,1
20251205,12,3708.394,3514.393,3496.821,94.414,75.768,1.283,0.0,0.0,1398.728,0.0,1
20251206,12,3525.254,3304.561,3288.038,94.202,72.188,2.355,0.0,0.0,1315.215,0.0,1
20251207,12,3380.298,3188.698,3172.755,92.471,70.516,1.738,0.0,0.0,1269.102,0.0,1
20251208,12,3265.8,3044.217,3028.996,94.241,66.847,2.901,0.0,0.0,1211.599,0.0,1
20251209,12,3330.398,3159.496,3143.698,94.283,68.139,1.179,0.0,0.0,1257.479,0.0,1
20251210,12,3188.097,3060.573,3045.27,93.306,65.911,0.0,0.0,0.0,1218.108,0.0,1
20251211,12,3582.914,3390.455,3373.503,95.223,72.582,1.429,0.0,0.0,1349.401,0.0,1
20251212,12,3419.476,3245.642,3229.413,95.51,69.063,1.129,0.0,0.0,1291.765,0.0,1
20251213,12,3466.854,3269.486,3253.138,93.192,71.762,1.764,0.0,0.0,1301.255,0.0,1
20251214,12,3223.642,3051.251,3035.995,91.824,67.721,1.404,0.0,0.0,1214.398,0.0,1
20251215,12,3294.166,3111.741,3096.183,93.294,68.113,1.602,0.0,0.0,1238.473,0.0,1
20251216,12,3473.597,3308.097,3291.556,96.396,69.511,0.796,0.0,0.0,1316.622,0.0,1
20251217,12,3542.404,3355.632,3338.853,93.439,73.131,1.325,0.0,0.0,1335.541,0.0,1
20251218,12,3529.956,3362.093,3345.283,93.43,72.881,0.787,0.0,0.0,1338.113,0.0,1
20251219,12,3846.642,3642.375,3624.163,94.574,78.46,1.365,0.0,0.0,1449.665,0.0,1
20251220,12,3501.141,3334.972,3318.297,94.844,71.209,0.777,0.0,0.0,1327.319,0.0,1
20251221,12,3402.51,3253.642,3237.374,94.125,69.731,0.391,0.0,0.0,1294.95,0.0,1
20251222,12,3061.508,2937.974,2923.284,93.403,63.228,0.037,0.0,0.0,1169.314,0.0,1
20251223,12,3232.258,3099.33,3083.833,93.527,66.666,0.117,0.0,0.0,1233.533,0.0,1
20251224,12,3578.017,3434.897,3417.722,94.604,72.957,0.0,0.0,0.0,1367.089,0.0,1
20251225,12,3057.608,2851.959,2837.699,95.571,61.715,2.839,0.0,0.0,1135.079,0.0,1
20251226,12,3447.381,3263.669,3247.35,94.305,70.516,1.384,0.0,0.0,1298.94,0.0,1
20251227,12,3260.302,3024.719,3009.596,93.839,67.021,3.36,0.0,0.0,1203.838,0.0,1
20251228,12,3056.101,2887.918,2873.478,91.224,64.624,1.566,0.0,0.0,1149.391,0.0,1
20251229,12,3329.997,3134.158,3118.487,95.366,67.357,1.959,0.0,0.0,1247.395,0.0,1
20251230,12,3503.388,3363.253,3346.436,93.133,72.563,0.0,0.0,0.0,1338.575,0.0,1
20251231,12,3561.8,3335.563,3318.886,92.216,74.508,2.45,0.0,0.0,1327.554,0.0,1
20240101,13,234.963,226.325,225.194,96.555,19.499,2.209,0.0,0.0,0.0,168.895,1
20240102,13,222.954,217.286,216.2,96.522,18.509,1.058,0.0,0.0,0.0,162.15,1
20240103,13,202.455,199.418,198.421,94.883,17.097,0.0,0.0,0.0,0.0,148.816,1
20240104,13,274.712,263.086,261.77,98.773,22.286,2.774,0.0,0.0,0.0,196.328,1
20240105,13,253.572,247.19,245.954,96.983,20.95,1.032,0.0,0.0,0.0,184.465,1
20240106,13,205.788,202.701,201.688,96.303,17.122,0.0,0.0,0.0,0.0,151.266,1
20240107,13,230.154,226.289,225.158,95.623,19.286,0.182,0.0,0.0,0.0,168.868,1
20240108,13,228.21,218.688,217.595,97.712,18.714,2.713,0.0,0.0,0.0,163.196,1
20240109,13,225.049,213.62,212.551,98.227,18.358,3.633,0.0,0.0,0.0,159.414,1
20240110,13,227.18,221.137,220.031,97.476,18.675,1.178,0.004,0.0,0.0,165.023,1
20240111,13,213.043,203.19,202.174,96.38,17.712,3.173,0.0,0.0,0.0,151.63,1
20240112,13,245.455,237.017,235.832,96.189,20.447,1.967,0.0,0.0,0.0,176.874,1
20240113,13,263.86,259.188,257.892,97.749,21.629,0.275,0.0,0.0,0.0,193.419,1
20240114,13,260.955,254.411,253.139,98.918,21.138,1.023,0.0,0.0,0.0,189.854,1
20240115,13,228.92,225.079,223.953,98.086,18.701,0.181,0.0,0.0,0.0,167.965,1
20240116,13,242.496,233.212,232.046,95.76,20.291,2.364,0.0,0.0,0.0,174.034,1
20240117,13,233.013,228.061,226.921,97.107,19.227,0.635,0.0,0.0,0.0,170.191,1
20240118,13,189.302,183.688,182.77,97.175,15.609,1.488,0.0,0.0,0.0,137.077,1
20240119,13,205.878,202.655,201.642,96.266,17.137,0.067,0.0,0.0,0.0,151.231,1
20240120,13,290.755,283.567,282.149,99.756,23.355,0.987,0.0,0.0,0.0,211.612,1
20240121,13,211.238,204.65,203.627,100.0,16.926,1.643,0.0,0.0,0.0,152.72,1
20240122,13,199.117,191.451,190.494,97.295,16.398,2.385,0.0,0.0,0.0,142.871,1
20240123,13,234.091,229.633,228.484,97.164,19.305,0.411,0.0,0.0,0.0,171.363,1
20240124,13,243.072,235.125,233.949,100.0,19.477,1.796,0.0,0.0,0.0,175.462,1
20240125,13,260.444,251.786,250.527,97.502,21.404,1.852,0.0,0.0,0.0,187.895,1
20240126,13,244.382,238.691,237.497,97.363,20.112,0.842,0.0,0.0,0.0,178.123,1
20240127,13,203.56,197.36,196.373,96.838,16.844,1.57,0.0,0.0,0.0,147.28,1
20240128,13,198.79,190.209,189.258,97.98,16.257,2.86,0.0,0.0,0.0,141.943,1
20240129,13,224.986,218.719,217.626,97.027,18.58,1.305,0.0,0.0,0.0,163.219,1
20240130,13,187.984,180.943,180.039,97.038,15.523,2.279,0.0,0.0,0.0,135.029,1
20240131,13,264.26,257.255,255.969,99.524,21.276,1.168,0.463,0.0,0.0,191.977,1
20240201,13,203.495,199.87,198.871,96.608,16.878,0.285,0.0,0.0,0.0,149.153,1
20240202,13,229.496,226.054,224.924,97.665,18.829,0.0,0.0,0.0,0.0,168.693,1
20240203,13,328.944,324.01,322.39,97.475,27.04,0.0,0.0,0.0,0.0,241.792,1
20240204,13,207.212,199.66,198.662,98.269,16.896,2.177,0.0,0.0,0.0,148.996,1
20240205,13,230.33,222.656,221.543,98.874,18.666,1.859,0.0,0.0,0.0,166.157,1
20240206,13,231.143,221.447,220.34,96.562,19.18,2.736,0.0,0.0,0.0,165.255,1
20240207,13,247.602,237.54,236.353,96.967,20.461,2.603,0.0,0.0,0.0,177.264,1
20240208,13,268.66,259.704,258.406,100.0,21.527,1.862,0.0,0.0,0.0,193.804,1
20240209,13,236.668,230.158,229.007,98.999,19.156,1.27,0.0,0.0,0.0,171.755,1
20240210,13,259.158,252.534,251.271,96.725,21.469,1.072,0.0,0.0,0.0,188.454,1
20240211,13,278.569,274.39,273.018,95.487,23.376,0.0,0.196,0.0,0.0,204.764,1
20240212,13,231.697,228.222,227.081,96.606,19.218,0.0,0.0,0.0,0.0,170.31,1
20240213,13,205.777,200.942,199.937,98.921,16.668,0.863,0.0,0.0,0.0,149.953,1
20240214,13,265.788,257.623,256.334,96.672,22.03,1.596,0.0,0.0,0.0,192.251,1
20240215,13,270.2,257.849,256.559,99.608,21.736,3.118,0.0,0.0,0.0,192.42,1
20240216,13,264.727,256.698,255.414,97.201,21.823,1.556,0.0,0.0,0.0,191.561,1
20240217,13,236.569,231.594,230.436,98.321,19.28,0.612,0.0,0.0,0.0,172.827,1
20240218,13,232.247,227.994,226.854,97.117,19.162,0.336,0.0,0.0,0.0,170.14,1
20240219,13,277.676,273.511,272.143,97.508,22.818,0.0,0.0,0.0,0.0,204.108,1
20240220,13,231.905,225.283,224.156,96.874,19.182,1.376,0.0,0.0,0.0,168.117,1
20240221,13,238.403,232.114,230.954,99.977,19.107,1.155,0.0,0.0,0.0,173.215,1
20240222,13,247.61,242.4,241.188,98.511,20.141,0.613,0.0,0.0,0.0,180.891,1
20240223,13,286.079,277.317,275.93,98.241,23.333,1.587,0.0,0.0,0.0,206.948,1
20240224,13,308.904,299.017,297.522,97.503,25.386,1.726,0.0,0.0,0.0,223.142,1
20240225,13,238.317,233.547,232.379,96.964,19.694,0.509,0.0,0.0,0.0,174.284,1
20240226,13,254.461,250.644,249.391,99.361,20.521,0.0,0.0,0.0,0.0,187.043,1
20240227,13,297.38,288.168,286.728,99.161,24.03,1.622,0.0,0.0,0.0,215.046,1
20240228,13,229.884,225.666,224.538,98.657,18.671,0.34,0.0,0.0,0.0,168.403,1
20240229,13,223.061,216.411,215.329,96.539,18.514,1.504,0.0,0.0,0.0,161.497,1
20240301,13,226.312,216.51,215.428,97.49,18.601,2.874,0.0,0.0,0.0,161.571,1
20240302,13,262.887,254.727,253.453,98.092,21.474,1.628,0.026,0.0,0.0,190.09,1
20240303,13,260.869,253.699,252.43,98.53,21.215,1.268,0.0,0.0,0.0,189.323,1
20240304,13,319.201,311.872,310.313,99.983,25.581,0.808,0.0,0.0,0.0,232.735,1
20240305,13,262.345,250.092,248.842,96.813,21.713,3.219,0.0,0.0,0.0,186.631,1
20240306,13,247.95,240.159,238.958,99.213,20.025,1.667,0.0,0.0,0.0,179.219,1
20240307,13,225.701,221.69,220.582,98.497,18.361,0.281,0.0,0.0,0.0,165.436,1
20240308,13,308.182,295.785,294.306,97.449,25.341,2.561,0.442,0.0,0.0,220.73,1
20240309,13,251.981,244.981,243.757,95.424,21.159,1.297,0.0,0.0,0.0,182.817,1
20240310,13,235.323,225.649,224.52,96.144,19.612,2.651,0.0,0.0,0.0,168.39,1
20240311,13,290.614,280.429,279.026,97.592,23.861,2.035,0.0,0.0,0.0,209.27,1
20240312,13,275.595,269.152,267.807,98.931,22.322,0.85,0.0,0.0,0.0,200.855,1
20240313,13,300.601,294.185,292.714,97.924,24.597,0.644,0.0,0.0,0.0,219.535,1
20240314,13,293.507,282.383,280.971,98.308,23.923,2.325,0.0,0.0,0.0,210.728,1
20240315,13,297.054,292.002,290.542,98.723,24.11,0.204,0.0,0.0,0.0,217.907,1
20240316,13,273.978,262.666,261.353,94.165,23.314,2.669,0.0,0.0,0.0,196.015,1
20240317,13,260.658,254.448,253.176,96.947,21.544,0.896,0.0,0.0,0.0,189.882,1
20240318,13,254.242,243.065,241.85,97.928,20.803,2.94,0.0,0.0,0.0,181.387,1
20240319,13,266.51,261.125,259.82,96.828,22.055,0.528,0.0,0.0,0.0,194.865,1
20240320,13,254.715,246.645,245.412,96.223,21.211,1.694,0.0,0.0,0.0,184.059,1
20240321,13,256.994,247.531,246.294,98.575,20.89,2.215,0.0,0.0,0.0,184.72,1
20240322,13,317.905,311.193,309.638,99.403,25.626,0.62,0.0,0.0,0.0,232.228,1
20240323,13,285.72,277.047,275.662,96.717,23.671,1.559,0.0,0.0,0.0,206.747,1
20240324,13,283.54,279.287,277.89,95.683,23.745,0.0,0.0,0.0,0.0,208.418,1
20240325,13,287.228,282.919,281.505,97.973,23.491,0.0,0.0,0.0,0.0,211.129,1
20240326,13,212.926,205.749,204.72,95.815,17.807,1.899,0.0,0.0,0.0,153.54,1
20240327,13,287.144,281.228,279.822,99.041,23.231,0.569,0.0,0.0,0.0,209.866,1
20240328,13,280.777,272.469,271.107,95.205,23.631,1.481,0.0,0.0,0.0,203.33,1
20240329,13,323.273,317.702,316.114,98.545,26.286,0.227,0.0,0.0,0.0,237.085,1
20240330,13,273.619,265.935,264.606,98.933,22.161,1.328,0.0,0.0,0.0,198.454,1
20240331,13,257.886,249.275,248.029,99.241,20.822,1.867,0.0,0.0,0.0,186.022,1
20240401,13,291.267,284.364,282.942,96.797,24.111,0.883,0.0,0.0,0.0,212.206,1
20240402,13,313.271,306.222,304.691,98.762,25.417,0.762,0.0,0.0,0.0,228.518,1
20240403,13,247.743,239.601,238.403,97.265,20.409,1.814,0.0,0.0,0.0,178.802,1
20240404,13,301.24,291.454,289.997,94.478,25.549,1.775,0.0,0.0,0.0,217.498,1
20240405,13,337.525,331.447,329.79,96.034,28.162,0.305,0.0,0.0,0.0,247.342,1
20240406,13,259.258,254.94,253.665,97.569,21.292,0.168,0.0,0.0,0.0,190.249,1
20240407,13,275.259,271.13,269.775,95.942,22.989,0.0,0.0,0.0,0.0,202.331,1
20240408,13,289.378,285.037,283.612,96.333,24.07,0.0,0.0,0.0,0.0,212.709,1
20240409,13,321.308,315.997,314.417,97.272,26.468,0.155,0.0,0.0,0.0,235.813,1
20240410,13,275.034,269.388,268.041,94.744,23.261,0.561,0.0,0.0,0.0,201.031,1
20240411,13,236.672,225.534,224.407,96.754,19.6,3.255,0.0,0.255,0.0,168.305,1
20240412,13,298.186,293.714,292.245,96.024,24.883,0.0,0.0,0.0,0.0,219.184,1
20240413,13,254.633,243.34,242.123,95.368,21.394,2.98,0.0,0.0,0.0,181.592,1
20240414,13,320.302,310.006,308.456,98.078,26.168,1.741,0.0,0.0,0.0,231.342,1
20240415,13,331.473,322.139,320.528,97.469,27.25,1.336,0.0,0.0,0.0,240.396,1
20240416,13,281.561,274.135,272.764,95.716,23.571,1.155,0.0,0.0,0.0,204.573,1
20240417,13,309.211,302.926,301.412,98.792,25.079,0.541,0.0,0.072,0.0,226.059,1
20240418,13,314.277,309.563,308.015,98.269,25.626,0.0,0.0,0.0,0.0,231.012,1
20240419,13,326.567,318.649,317.056,96.398,27.145,0.939,0.02,0.0,0.0,237.792,1
20240420,13,314.727,302.978,301.463,96.85,26.039,2.267,0.0,0.0,0.0,226.097,1
20240421,13,246.76,241.904,240.695,99.651,19.842,0.475,0.0,0.0,0.0,180.521,1
20240422,13,296.565,292.116,290.656,97.634,24.339,0.0,0.0,0.0,0.0,217.992,1
20240423,13,380.311,374.606,372.733,94.997,32.079,0.0,0.0,0.0,0.0,279.55,1
20240424,13,242.457,234.11,232.94,93.188,20.848,1.972,0.0,0.0,0.0,174.705,1
20240425,13,301.423,296.527,295.044,97.628,24.739,0.126,0.0,0.0,0.0,221.283,1
20240426,13,275.247,271.118,269.763,95.858,23.008,0.0,0.0,0.0,0.0,202.322,1
20240427,13,309.318,295.574,294.096,96.294,25.739,2.988,0.0,0.0,0.0,220.572,1
20240428,13,298.216,289.556,288.108,98.724,24.204,1.425,0.0,0.0,0.0,216.081,1
20240429,13,278.661,262.482,261.169,95.687,23.335,4.372,0.0,0.0,0.0,195.877,1
20240430,13,284.328,271.972,270.612,97.824,23.29,2.889,0.0,0.0,0.0,202.959,1
20240501,13,373.626,367.89,366.051,96.603,30.991,0.036,0.0,0.0,0.0,274.538,1
20240502,13,309.896,300.754,299.251,98.804,25.132,1.472,0.0,0.0,0.0,224.438,1
20240503,13,356.048,347.356,345.619,98.296,29.024,0.956,0.0,0.0,0.0,259.214,1
20240504,13,307.882,297.203,295.717,96.219,25.639,1.998,0.0,0.0,0.0,221.788,1
20240505,13,321.651,316.826,315.242,99.089,26.01,0.0,0.0,0.0,0.0,236.431,1
20240506,13,320.668,310.656,309.103,98.232,26.157,1.647,0.0,0.0,0.0,231.827,1
20240507,13,354.497,342.373,340.661,95.997,29.59,1.949,0.0,0.0,0.0,255.496,1
20240508,13,295.0,284.341,282.919,98.217,24.067,2.145,0.0,0.0,0.0,212.19,1
20240509,13,289.861,278.036,276.646,97.047,23.933,2.619,0.0,0.0,0.0,207.485,1
20240510,13,313.482,307.622,306.084,98.713,25.446,0.375,0.0,0.0,0.0,229.563,1
20240511,13,371.951,365.715,363.887,97.057,30.707,0.179,0.0,0.0,0.0,272.915,1
20240512,13,273.836,258.975,257.68,99.349,22.086,3.987,0.0,0.0,0.0,193.26,1
20240513,13,343.443,338.292,336.6,98.006,28.079,0.0,0.0,0.0,0.0,252.45,1
20240514,13,363.664,348.789,347.045,97.431,29.908,2.63,0.0,0.0,0.0,260.284,1
20240515,13,307.413,301.192,299.686,95.224,25.868,0.532,0.0,0.0,0.0,224.765,1
20240516,13,305.513,295.451,293.974,94.178,25.993,1.821,0.0,0.0,0.0,220.48,1
20240517,13,334.62,324.88,323.256,97.523,27.494,1.432,0.0,0.0,0.0,242.442,1
20240518,13,331.974,321.412,319.805,96.626,27.529,1.707,0.0,0.0,0.0,239.853,1
20240519,13,359.257,341.906,340.196,95.96,29.998,3.38,0.0,0.0,0.0,255.147,1
20240520,13,300.657,295.986,294.506,95.699,25.174,0.054,0.0,0.0,0.0,220.88,1
20240521,13,367.754,356.61,354.827,96.067,30.674,1.554,0.0,0.0,0.0,266.12,1
20240522,13,312.952,306.35,304.819,98.32,25.505,0.619,0.0,0.0,0.0,228.614,1
20240523,13,328.634,323.704,322.085,98.55,26.72,0.0,0.0,0.0,0.0,241.564,1
20240524,13,292.913,286.241,284.81,97.789,24.001,0.789,0.0,0.0,0.0,213.607,1
20240525,13,336.503,322.252,320.641,100.0,26.963,2.777,0.0,0.0,0.0,240.481,1
20240526,13,352.824,334.96,333.285,96.229,29.379,3.617,0.0,0.0,0.0,249.964,1
20240527,13,344.12,332.647,330.983,97.18,28.374,1.862,0.0,0.0,0.0,248.238,1
20240528,13,357.613,350.684,348.931,98.021,29.233,0.444,0.0,0.0,0.0,261.698,1
20240529,13,368.58,356.301,354.52,97.078,30.423,1.859,0.0,0.0,0.0,265.89,1
20240530,13,336.396,331.35,329.693,99.154,27.185,0.0,0.0,0.0,0.0,247.27,1
20240531,13,307.937,294.041,292.57,97.753,25.242,3.059,0.0,0.0,0.0,219.428,1
20240601,13,343.46,333.795,332.126,94.373,29.162,1.334,0.0,0.0,0.0,249.095,1
20240602,13,340.073,328.569,326.926,96.759,28.162,1.911,0.0,0.0,0.0,245.195,1
20240603,13,351.217,336.495,334.812,97.581,28.84,2.733,0.0,0.0,0.0,251.109,1
20240604,13,365.722,355.642,353.864,99.06,29.583,1.275,0.0,0.0,0.0,265.398,1
20240605,13,366.064,358.962,357.168,98.297,29.84,0.447,0.0,0.0,0.0,267.876,1
20240606,13,362.793,355.361,353.584,97.93,29.684,0.557,0.0,0.0,0.0,265.188,1
20240607,13,343.955,330.028,328.378,97.625,28.231,2.588,0.0,0.0,0.0,246.283,1
20240608,13,370.604,361.24,359.434,97.973,30.31,1.042,0.0,0.0,0.0,269.575,1
20240609,13,349.358,344.118,342.397,98.905,28.303,0.0,0.0,0.0,0.0,256.798,1
20240610,13,370.222,363.934,362.115,98.096,30.241,0.201,0.0,0.0,0.0,271.586,1
20240611,13,314.017,297.609,296.121,96.624,26.041,3.782,0.0,0.0,0.0,222.091,1
20240612,13,394.83,387.694,385.755,97.916,32.31,0.312,0.728,0.0,0.0,289.316,1
20240613,13,349.823,339.569,337.871,97.226,28.83,1.453,0.0,0.101,0.0,253.403,1
20240614,13,358.0,352.63,350.867,99.657,28.785,0.0,0.0,0.0,0.0,263.15,1
20240615,13,357.093,340.541,338.839,99.065,28.883,3.183,0.0,0.183,0.0,254.129,1
20240616,13,326.27,310.827,309.273,98.35,26.582,3.282,0.0,0.0,0.0,231.955,1
20240617,13,422.617,416.278,414.197,99.141,34.157,0.0,0.0,0.0,0.0,310.647,1
20240618,13,338.324,330.082,328.431,96.513,28.089,0.95,0.0,0.0,0.0,246.323,1
20240619,13,365.506,357.034,355.249,97.236,30.12,0.83,0.0,0.0,0.0,266.437,1
20240620,13,291.703,283.155,281.74,98.185,23.806,1.452,0.0,0.637,0.0,211.305,1
20240621,13,382.924,377.18,375.294,97.985,31.314,0.0,0.0,0.0,0.0,281.471,1
20240622,13,374.54,362.369,360.557,97.949,30.64,1.776,0.0,0.0,0.0,270.418,1
20240623,13,289.249,283.147,281.731,96.78,23.948,0.619,0.0,0.0,0.0,211.298,1
20240624,13,296.759,291.414,289.957,96.648,24.604,0.306,0.0,0.0,0.0,217.467,1
20240625,13,385.563,374.142,372.271,99.848,30.941,1.485,0.0,0.0,0.0,279.203,1
20240626,13,331.996,322.363,320.751,94.446,28.166,1.423,0.0,0.0,0.0,240.563,1
20240627,13,347.256,341.587,339.879,96.525,28.827,0.134,0.0,0.0,0.0,254.91,1
20240628,13,329.26,323.715,322.097,95.211,27.71,0.187,0.0,0.0,0.0,241.572,1
20240629,13,379.389,368.929,367.085,98.452,30.878,1.276,0.0,0.0,0.0,275.313,1
20240630,13,272.899,266.069,264.739,96.707,22.612,1.018,0.0,0.0,0.0,198.554,1
20240701,13,324.298,314.258,312.687,96.468,26.937,1.62,0.0,0.0,0.0,234.515,1
20240702,13,351.807,346.53,344.797,98.445,28.635,0.0,0.0,0.0,0.0,258.598,1
20240703,13,362.588,357.149,355.364,95.439,30.442,0.0,0.0,0.0,0.0,266.523,1
20240704,13,286.012,276.997,275.612,95.738,23.938,1.677,0.0,0.0,0.0,206.709,1
20240705,13,316.374,310.212,308.66,95.449,26.559,0.455,0.0,0.0,0.0,231.495,1
20240706,13,392.251,386.367,384.435,97.706,32.168,0.0,0.0,0.0,0.0,288.326,1
20240707,13,302.626,292.866,291.401,100.0,24.249,1.752,0.0,0.0,0.0,218.551,1
20240708,13,348.569,341.036,339.331,97.269,28.715,0.671,0.324,0.0,0.0,254.498,1
20240709,13,261.815,255.637,254.359,94.705,22.152,0.873,0.0,0.0,0.0,190.769,1
20240710,13,376.949,366.506,364.673,98.077,30.796,1.29,0.0,0.0,0.0,273.505,1
20240711,13,368.489,359.146,357.35,100.0,29.526,1.051,0.0,0.0,0.0,268.012,1
20240712,13,330.155,323.966,322.346,98.804,26.775,0.38,0.0,0.0,0.0,241.759,1
20240713,13,368.389,362.574,360.761,97.919,30.146,0.08,0.0,0.0,0.0,270.571,1
20240714,13,399.822,384.333,382.412,98.663,32.471,2.41,0.0,0.0,0.0,286.809,1
20240715,13,364.439,353.194,351.428,97.118,30.068,1.61,0.0,0.0,0.0,263.571,1
20240716,13,351.478,346.206,344.475,97.028,29.026,0.0,0.0,0.0,0.0,258.356,1
20240717,13,388.32,380.238,378.336,98.022,31.743,0.59,0.0,0.0,0.0,283.752,1
20240718,13,334.416,328.514,326.872,98.062,27.326,0.269,0.0,0.0,0.0,245.154,1
20240719,13,342.315,331.542,329.884,98.774,27.77,1.672,0.0,0.0,0.0,247.413,1
20240720,13,386.786,372.131,370.27,100.0,30.992,2.324,0.0,0.0,0.0,277.703,1
20240721,13,435.209,418.992,416.897,96.025,36.316,2.26,0.0,0.0,0.0,312.673,1
20240722,13,368.338,360.705,358.902,98.037,30.105,0.581,0.0,0.0,0.0,269.176,1
20240723,13,362.679,356.933,355.149,96.723,30.045,0.086,0.0,0.0,0.0,266.361,1
20240724,13,342.602,335.826,334.147,95.871,28.634,0.485,0.0,0.0,0.0,250.61,1
20240725,13,320.597,313.762,312.193,98.672,26.034,0.641,0.0,0.0,0.0,234.145,1
20240726,13,325.541,320.593,318.99,97.003,26.891,0.02,0.0,0.0,0.0,239.243,1
20240727,13,393.89,384.781,382.857,97.811,32.268,0.825,0.0,0.0,0.0,287.143,1
20240728,13,343.414,334.259,332.588,98.95,27.809,1.184,0.0,0.0,0.0,249.441,1
20240729,13,352.084,342.952,341.238,97.117,29.049,1.11,0.0,0.0,0.0,255.928,1
20240730,13,340.249,329.767,328.118,96.812,28.161,1.605,0.0,0.0,0.0,246.089,1
20240731,13,311.767,307.091,305.555,96.228,25.961,0.0,0.0,0.0,0.0,229.166,1
20240801,13,353.773,348.466,346.724,97.568,29.054,0.0,0.0,0.0,0.0,260.043,1
20240802,13,339.17,329.086,327.44,95.624,28.421,1.496,0.0,0.0,0.0,245.58,1
20240803,13,312.539,302.684,301.171,97.087,25.795,1.678,0.0,0.0,0.0,225.878,1
20240804,13,356.331,349.461,347.714,98.013,29.131,0.434,0.0,0.0,0.0,260.785,1
20240805,13,317.411,309.929,308.379,100.0,25.434,0.87,0.0,0.0,0.0,231.284,1
20240806,13,429.845,417.479,415.391,97.619,35.283,1.398,0.0,0.0,0.0,311.543,1
20240807,13,338.961,326.543,324.91,96.761,28.07,2.197,0.0,0.0,0.0,243.683,1
20240808,13,384.5,375.643,373.765,99.622,30.926,0.816,0.0,0.0,0.0,280.323,1
20240809,13,343.89,335.256,333.58,97.519,28.256,1.026,0.0,0.0,0.0,250.185,1
20240810,13,425.611,419.227,417.13,96.977,35.167,0.0,0.0,0.0,0.0,312.848,1
20240811,13,307.951,299.328,297.832,99.02,24.92,1.32,0.0,0.0,0.0,223.374,1
20240812,13,359.402,346.319,344.588,94.45,30.49,2.173,0.0,0.0,0.0,258.441,1
20240813,13,371.981,362.035,360.225,94.438,31.562,1.192,0.0,0.0,0.0,270.169,1
20240814,13,375.946,363.305,361.488,99.672,30.223,1.891,0.0,0.0,0.0,271.116,1
20240815,13,286.841,278.204,276.813,98.236,23.397,1.534,0.0,0.376,0.0,207.61,1
20240816,13,355.172,340.134,338.434,100.0,28.459,2.776,0.0,0.0,0.0,253.825,1
20240817,13,367.232,359.823,358.024,96.893,30.369,0.525,0.0,0.0,0.0,268.518,1
20240818,13,339.954,328.213,326.572,96.175,28.323,1.984,0.0,0.0,0.0,244.929,1
20240819,13,405.241,394.612,392.639,100.0,32.471,1.14,0.0,0.0,0.0,294.479,1
20240820,13,366.36,360.864,359.06,97.362,30.151,0.0,0.0,0.0,0.0,269.295,1
20240821,13,338.175,325.688,324.06,95.812,28.282,2.226,0.0,0.0,0.0,243.045,1
20240822,13,338.763,328.074,326.434,96.971,27.992,1.68,0.0,0.0,0.0,244.825,1
20240823,13,364.996,352.05,350.289,97.92,29.868,2.078,0.0,0.0,0.0,262.717,1
20240824,13,375.756,358.458,356.665,97.588,30.853,3.151,0.0,0.0,0.0,267.499,1
20240825,13,304.807,298.141,296.651,97.19,25.13,0.697,0.0,0.0,0.0,222.488,1
20240826,13,363.319,353.502,351.735,99.753,29.184,1.22,0.0,0.0,0.0,263.801,1
20240827,13,373.516,361.483,359.675,98.165,30.489,1.748,0.0,0.0,0.0,269.757,1
20240828,13,247.824,244.106,242.886,99.656,19.926,0.0,0.0,0.0,0.0,182.164,1
20240829,13,336.036,318.522,316.929,99.34,27.105,3.769,0.768,0.0,0.0,237.697,1
20240830,13,266.125,262.133,260.822,96.526,22.092,0.0,0.0,0.0,0.0,195.617,1
20240831,13,373.162,367.32,365.483,98.693,30.297,0.066,0.0,0.0,0.0,274.113,1
20240901,13,352.154,343.571,341.853,96.896,29.121,0.952,0.0,0.0,0.0,256.39,1
20240902,13,378.786,371.246,369.39,97.938,30.991,0.498,0.0,0.0,0.0,277.042,1
20240903,13,316.643,308.054,306.514,99.672,25.456,1.231,0.0,0.0,0.0,229.885,1
20240904,13,313.452,305.708,304.179,95.444,26.315,0.985,0.0,0.0,0.0,228.134,1
20240905,13,303.473,295.029,293.554,97.87,24.846,1.302,0.0,0.0,0.0,220.166,1
20240906,13,334.482,324.183,322.562,98.553,27.195,1.603,0.0,0.0,0.0,241.922,1
20240907,13,328.197,318.185,316.594,96.612,27.22,1.574,0.0,0.0,0.0,237.446,1
20240908,13,260.893,253.475,252.208,97.969,21.338,1.364,0.0,0.0,0.0,189.156,1
20240909,13,328.398,316.715,315.131,98.18,26.802,2.089,0.0,0.0,0.0,236.348,1
20240910,13,302.622,298.083,296.593,95.983,25.263,0.0,0.0,0.0,0.0,222.444,1
20240911,13,305.297,295.348,293.871,96.613,25.321,1.786,0.0,0.0,0.0,220.403,1
20240912,13,324.997,313.654,312.086,98.103,26.545,2.02,0.0,0.0,0.0,234.065,1
20240913,13,231.723,223.0,221.885,96.962,19.149,2.299,0.0,0.0,0.0,166.414,1
20240914,13,302.469,293.558,292.09,98.323,24.65,1.468,0.0,0.0,0.0,219.068,1
20240915,13,280.514,276.307,274.925,98.219,22.885,0.0,0.0,0.0,0.0,206.194,1
20240916,13,309.918,298.055,296.565,95.763,25.932,2.363,0.0,0.0,0.0,222.424,1
20240917,13,322.836,314.698,313.124,95.354,27.129,1.036,0.0,0.0,0.0,234.843,1
20240918,13,324.777,313.475,311.908,96.844,26.872,2.01,0.0,0.0,0.0,233.931,1
20240919,13,301.687,297.162,295.676,98.632,24.509,0.0,0.0,0.0,0.0,221.757,1
20240920,13,273.331,268.119,266.779,95.452,22.945,0.413,0.0,0.0,0.0,200.084,1
20240921,13,332.956,327.962,326.322,97.382,27.396,0.0,0.0,0.0,0.0,244.741,1
20240922,13,319.424,309.955,308.405,94.129,27.191,1.487,0.0,0.218,0.0,231.304,1
20240923,13,317.445,309.307,307.761,99.686,25.516,1.08,0.0,0.0,0.0,230.82,1
20240924,13,303.235,298.687,297.193,96.584,25.157,0.0,0.0,0.0,0.0,222.895,1
20240925,13,311.849,300.897,299.392,99.733,25.055,2.043,0.304,0.0,0.0,224.544,1
20240926,13,341.417,336.295,334.614,97.8,27.973,0.0,0.0,0.0,0.0,250.96,1
20240927,13,275.5,271.367,270.01,98.703,22.365,0.0,0.0,0.0,0.0,202.508,1
20240928,13,281.121,275.126,273.75,97.796,23.033,0.642,0.0,0.0,0.0,205.313,1
20240929,13,313.856,309.148,307.602,96.385,26.092,0.0,0.0,0.0,0.0,230.702,1
20240930,13,283.856,278.246,276.855,97.265,23.384,0.483,0.0,0.0,0.0,207.641,1
20241001,13,328.495,323.568,321.95,98.227,26.797,0.0,0.0,0.0,0.0,241.463,1
20241002,13,297.864,289.665,288.216,96.339,24.774,1.272,0.0,0.0,0.0,216.162,1
20241003,13,303.272,298.723,297.229,97.708,24.871,0.0,0.0,0.0,0.0,222.922,1
20241004,13,309.328,304.465,302.942,95.231,26.027,0.073,0.0,0.0,0.0,227.207,1
20241005,13,278.672,274.492,273.12,94.704,23.578,0.0,0.0,0.173,0.0,204.84,1
20241006,13,287.702,277.4,276.013,98.053,23.511,2.113,0.0,0.0,0.0,207.009,1
20241007,13,301.431,290.745,289.292,99.588,24.253,2.076,0.0,0.0,0.0,216.969,1
20241008,13,250.306,244.849,243.625,98.161,20.432,0.691,0.0,0.0,0.0,182.719,1
20241009,13,293.902,282.413,281.001,95.153,24.75,2.446,0.0,0.0,0.0,210.751,1
20241010,13,281.71,269.914,268.564,99.285,22.736,2.728,0.0,0.0,0.0,201.423,1
20241011,13,349.809,344.562,342.839,97.184,28.842,0.0,0.0,0.0,0.0,257.129,1
20241012,13,260.316,243.688,242.469,99.46,20.972,4.962,0.0,0.0,0.0,181.852,1
20241013,13,254.342,249.117,247.871,98.43,20.705,0.563,0.0,0.0,0.0,185.903,1
20241014,13,275.173,261.019,259.714,94.787,23.262,3.699,0.0,0.0,0.0,194.785,1
20241015,13,274.408,270.292,268.94,98.22,22.386,0.0,0.0,0.0,0.0,201.705,1
20241016,13,281.545,271.85,270.49,97.092,23.235,1.973,0.0,0.0,0.0,202.868,1
20241017,13,311.652,305.999,304.469,97.042,25.733,0.319,0.0,0.0,0.0,228.352,1
20241018,13,283.715,276.578,275.195,96.759,23.495,1.031,0.0,0.0,0.0,206.396,1
20241019,13,272.171,268.088,266.748,95.843,22.755,0.0,0.0,0.0,0.0,200.061,1
20241020,13,287.879,279.768,278.369,96.797,23.831,1.338,0.0,0.0,0.0,208.777,1
20241021,13,288.482,284.155,282.734,98.077,23.569,0.0,0.0,0.0,0.0,212.05,1
20241022,13,279.264,268.28,266.938,95.693,23.384,2.47,0.0,0.242,0.0,200.204,1
20241023,13,277.611,269.738,268.39,98.863,22.5,1.356,0.0,0.0,0.0,201.292,1
20241024,13,302.699,297.638,296.15,96.679,25.088,0.174,0.0,0.194,0.0,222.113,1
20241025,13,269.194,265.156,263.83,97.36,22.155,0.0,0.0,0.0,0.0,197.873,1
20241026,13,222.321,216.159,215.079,98.619,18.064,1.291,0.0,0.0,0.0,161.309,1
20241027,13,272.923,266.975,265.64,99.326,22.017,0.69,0.0,0.0,0.0,199.23,1
20241028,13,261.419,250.878,249.623,98.651,21.234,2.571,0.0,0.0,0.0,187.217,1
20241029,13,240.56,236.951,235.767,94.002,20.506,0.0,0.0,0.0,0.0,176.825,1
20241030,13,219.189,213.279,212.213,96.758,18.152,1.215,0.0,0.0,0.0,159.16,1
20241031,13,295.65,288.028,286.588,97.815,24.219,1.094,0.0,0.0,0.0,214.941,1
20241101,13,233.531,227.612,226.474,98.717,18.956,1.05,0.0,0.0,0.0,169.855,1
20241102,13,231.713,226.667,225.534,97.37,19.068,0.688,0.0,0.0,0.0,169.15,1
20241103,13,266.164,260.636,259.333,100.0,21.327,0.585,0.0,0.0,0.0,194.5,1
20241104,13,244.907,239.836,238.637,99.1,19.802,0.579,0.0,0.0,0.0,178.978,1
20241105,13,246.959,241.419,240.212,98.222,20.147,0.755,0.0,0.0,0.0,180.159,1
20241106,13,213.097,205.048,204.023,96.069,17.774,2.312,0.0,0.0,0.0,153.017,1
20241107,13,257.097,252.246,250.985,97.09,21.218,0.393,0.277,0.0,0.0,188.239,1
20241108,13,260.153,247.802,246.563,96.31,21.644,3.297,0.0,0.0,0.0,184.922,1
20241109,13,287.538,277.098,275.713,97.845,23.547,2.163,0.0,0.0,0.0,206.784,1
20241110,13,270.208,266.155,264.824,97.941,22.107,0.0,0.0,0.0,0.0,198.618,1
20241111,13,271.833,262.294,260.983,96.22,22.637,2.04,0.0,0.0,0.0,195.737,1
20241112,13,298.503,288.916,287.472,98.854,24.196,1.737,0.0,0.0,0.0,215.604,1
20241113,13,206.848,203.671,202.652,97.074,17.074,0.036,0.0,0.0,0.0,151.989,1
20241114,13,280.405,272.974,271.61,92.129,24.388,1.167,0.0,0.0,0.0,203.707,1
20241115,13,295.686,289.09,287.644,96.859,24.461,0.742,0.0,0.0,0.0,215.733,1
20241116,13,244.497,240.83,239.626,97.229,20.149,0.0,0.0,0.0,0.0,179.719,1
20241117,13,265.859,258.083,256.792,96.002,22.19,1.447,0.0,0.0,0.0,192.594,1
20241118,13,278.867,269.886,268.537,98.627,22.656,1.747,0.341,0.0,0.0,201.402,1
20241119,13,265.89,258.365,257.073,96.406,22.1,1.35,0.0,0.0,0.0,192.805,1
20241120,13,278.967,269.354,268.008,95.85,23.321,1.976,0.0,0.0,0.0,201.006,1
20241121,13,238.19,229.961,228.811,96.669,19.744,1.985,0.0,0.0,0.0,171.608,1
20241122,13,218.091,213.535,212.467,94.714,18.451,0.598,0.0,0.0,0.0,159.351,1
20241123,13,230.433,226.977,225.842,96.112,19.211,0.0,0.0,0.0,0.0,169.381,1
20241124,13,264.383,255.601,254.323,99.099,21.377,1.85,0.0,0.0,0.0,190.742,1
20241125,13,263.287,255.183,253.907,97.168,21.712,1.602,0.0,0.0,0.0,190.43,1
20241126,13,203.694,198.817,197.823,97.168,16.797,0.908,0.0,0.0,0.0,148.367,1
20241127,13,260.427,256.521,255.238,96.259,21.679,0.0,0.0,0.0,0.0,191.429,1
20241128,13,270.951,263.725,262.407,99.261,21.872,1.184,0.0,0.0,0.0,196.805,1
20241129,13,190.371,186.657,185.724,95.348,15.998,0.458,0.0,0.0,0.0,139.293,1
20241130,13,248.991,242.023,240.813,98.172,20.323,1.318,0.651,0.0,0.0,180.61,1
20241201,13,262.738,258.567,257.274,98.569,21.358,0.089,0.05,0.0,0.0,192.956,1
20241202,13,247.941,241.026,239.82,98.252,20.221,1.309,0.0,0.0,0.0,179.865,1
20241203,13,247.423,239.671,238.473,98.323,20.164,1.658,0.0,0.0,0.0,178.854,1
20241204,13,210.142,206.833,205.798,96.233,17.497,0.076,0.0,0.0,0.0,154.349,1
20241205,13,262.341,257.155,255.869,97.68,21.52,0.484,0.0,0.0,0.0,191.902,1
20241206,13,223.623,217.035,215.95,98.417,18.207,1.468,0.0,0.0,0.0,161.962,1
20241207,13,327.636,319.897,318.297,97.198,27.01,0.875,0.0,0.0,0.0,238.723,1
20241208,13,267.64,257.345,256.058,97.523,21.99,2.382,0.0,0.0,0.0,192.044,1
20241209,13,300.767,293.501,292.034,99.098,24.319,0.929,0.0,0.0,0.0,219.025,1
20241210,13,221.512,213.377,212.31,97.267,18.248,2.206,0.0,0.0,0.0,159.232,1
20241211,13,250.303,245.224,243.998,96.539,20.775,0.537,0.0,0.0,0.0,182.998,1
20241212,13,260.578,253.819,252.549,98.207,21.261,1.111,0.0,0.0,0.0,189.412,1
20241213,13,216.897,213.644,212.575,97.249,17.871,0.0,0.0,0.0,0.0,159.432,1
20241214,13,245.147,237.148,235.962,97.538,20.139,1.79,0.0,0.0,0.0,176.971,1
20241215,13,266.966,255.396,254.119,95.039,22.508,2.877,0.0,0.0,0.0,190.589,1
20241216,13,231.79,224.16,223.039,96.428,19.261,1.819,0.0,0.0,0.0,167.279,1
20241217,13,222.802,214.018,212.948,91.785,19.451,2.48,0.0,0.0,0.0,159.711,1
20241218,13,251.133,242.188,240.977,99.076,20.311,2.093,0.0,0.0,0.0,180.733,1
20241219,13,203.223,198.49,197.497,99.149,16.424,0.842,0.0,0.0,0.0,148.123,1
20241220,13,215.712,209.725,208.676,98.446,17.557,1.295,0.0,0.0,0.0,156.507,1
20241221,13,241.786,234.807,233.633,97.056,19.961,1.407,0.0,0.0,0.0,175.225,1
20241222,13,228.047,218.511,217.418,94.848,19.266,2.722,0.0,0.0,0.0,163.064,1
20241223,13,218.281,214.785,213.711,96.502,18.125,0.103,0.0,0.0,0.0,160.284,1
20241224,13,241.681,234.522,233.35,96.762,20.013,1.484,0.0,0.0,0.0,175.012,1
20241225,13,238.764,232.0,230.84,94.696,20.203,1.353,0.0,0.217,0.0,173.13,1
20241226,13,250.178,243.327,242.111,95.382,21.017,1.257,0.0,0.0,0.0,181.583,1
20241227,13,239.988,233.387,232.22,98.279,19.567,1.27,0.0,0.0,0.0,174.165,1
20241228,13,197.933,192.243,191.281,98.094,16.168,1.396,0.0,0.0,0.0,143.461,1
20241229,13,235.605,225.914,224.785,99.717,18.932,2.653,0.0,0.0,0.0,168.589,1
20241230,13,227.538,221.213,220.107,97.89,18.625,1.299,0.0,0.0,0.0,165.08,1
20241231,13,232.316,223.647,222.529,97.197,19.152,2.265,0.0,0.0,0.0,166.897,1
20250101,13,216.857,210.124,209.073,95.581,18.18,1.63,0.0,0.0,0.0,156.805,1
20250102,13,207.587,203.896,202.876,97.303,17.095,0.283,0.0,0.0,0.0,152.157,1
20250103,13,235.322,229.571,228.423,99.274,18.994,0.958,0.0,0.0,0.0,171.317,1
20250104,13,217.38,206.237,205.206,96.882,17.979,3.681,0.0,0.0,0.0,153.905,1
20250105,13,193.087,189.805,188.856,99.472,15.554,0.203,0.0,0.0,0.0,141.642,1
20250106,13,262.443,256.663,255.38,97.917,21.476,0.713,0.0,0.0,0.0,191.535,1
20250107,13,241.768,236.238,235.056,98.843,19.599,0.8,0.0,0.0,0.0,176.292,1
20250108,13,253.062,245.094,243.868,97.19,20.864,1.674,0.0,0.0,0.0,182.901,1
20250109,13,289.545,281.599,280.191,99.063,23.42,1.263,0.0,0.0,0.0,210.143,1
20250110,13,227.675,224.26,223.139,96.657,18.874,0.0,0.0,0.0,0.0,167.354,1
20250111,13,247.711,243.996,242.776,97.036,20.455,0.0,0.0,0.0,0.0,182.082,1
20250112,13,216.157,206.625,205.592,96.641,17.922,2.954,0.0,0.0,0.0,154.194,1
20250113,13,206.759,198.542,197.549,100.0,16.567,2.512,0.0,0.0,0.0,148.162,1
20250114,13,231.858,227.659,226.521,97.84,18.989,0.316,0.0,0.0,0.0,169.891,1
20250115,13,250.914,243.101,241.886,97.773,20.563,1.639,0.0,0.0,0.0,181.414,1
20250116,13,215.499,210.082,209.032,96.858,17.828,1.029,0.0,0.0,0.0,156.774,1
20250117,13,260.079,255.876,254.597,99.251,20.997,0.118,0.0,0.0,0.0,190.948,1
20250118,13,253.9,248.892,247.647,97.213,20.928,0.48,0.0,0.0,0.0,185.735,1
20250119,13,213.06,209.421,208.374,95.513,17.874,0.211,0.0,0.0,0.0,156.28,1
20250120,13,243.205,238.671,237.478,95.903,20.32,0.369,0.181,0.0,0.0,178.109,1
20250121,13,197.694,187.006,186.071,95.532,16.582,3.966,0.0,0.0,0.0,139.553,1
20250122,13,255.67,250.056,248.805,97.027,21.114,0.706,0.0,0.0,0.0,186.604,1
20250123,13,226.906,219.657,218.558,99.04,18.358,1.721,0.0,0.0,0.0,163.919,1
20250124,13,248.772,243.359,242.142,94.776,21.032,0.686,0.0,0.0,0.0,181.607,1
20250125,13,202.45,195.046,194.071,99.36,16.326,2.19,0.365,0.0,0.0,145.553,1
20250126,13,188.677,182.312,181.4,97.427,15.518,1.902,0.0,0.0,0.0,136.05,1
20250127,13,221.755,216.608,215.525,94.934,18.717,0.834,0.0,0.0,0.0,161.644,1
20250128,13,288.146,278.221,276.83,97.645,23.646,1.974,0.0,0.0,0.0,207.622,1
20250129,13,218.076,209.681,208.633,98.268,17.782,2.385,0.0,0.0,0.0,156.475,1
20250130,13,231.894,224.863,223.739,96.469,19.261,1.555,0.0,0.0,0.0,167.804,1
20250131,13,263.01,254.849,253.575,98.827,21.325,1.627,0.0,0.0,0.0,190.181,1
20250201,13,223.482,219.434,218.336,98.895,18.107,0.316,0.0,0.0,0.0,163.752,1
20250202,13,259.817,252.128,250.867,99.31,20.963,1.482,0.0,0.0,0.0,188.15,1
20250203,13,239.231,231.879,230.719,97.062,19.749,1.597,0.0,0.0,0.0,173.039,1
20250204,13,215.913,207.02,205.984,98.049,17.645,2.659,0.0,0.0,0.0,154.488,1
20250205,13,256.711,252.861,251.596,96.005,21.426,0.0,0.0,0.0,0.0,188.697,1
20250206,13,273.612,261.871,260.562,97.703,22.439,2.833,0.0,0.0,0.0,195.422,1
20250207,13,190.866,185.909,184.979,99.039,15.442,1.114,0.0,0.0,0.0,138.734,1
20250208,13,245.209,238.922,237.728,98.6,19.927,1.08,0.0,0.0,0.0,178.296,1
20250209,13,262.476,257.796,256.507,100.0,21.032,0.287,0.0,0.0,0.0,192.38,1
20250210,13,224.581,217.612,216.524,95.886,18.767,1.627,0.0,0.0,0.0,162.393,1
20250211,13,239.535,233.187,232.021,96.189,19.954,1.167,0.0,0.0,0.0,174.016,1
20250212,13,247.013,238.009,236.819,96.686,20.471,2.178,0.0,0.0,0.0,177.614,1
20250213,13,240.323,233.346,232.18,95.09,20.251,1.425,0.0,0.0,0.0,174.135,1
20250214,13,281.994,271.507,270.149,97.536,23.167,2.253,0.0,0.0,0.0,202.612,1
20250215,13,234.826,224.989,223.864,96.533,19.492,2.73,0.0,0.0,0.0,167.898,1
20250216,13,246.807,236.601,235.418,95.027,20.811,2.675,0.0,0.0,0.0,176.564,1
20250217,13,272.016,265.892,264.563,98.419,22.146,0.763,0.0,0.0,0.0,198.422,1
20250218,13,236.522,232.748,231.584,97.75,19.388,0.097,0.0,0.0,0.0,173.688,1
20250219,13,221.375,212.916,211.851,96.122,18.454,2.357,0.0,0.0,0.0,158.888,1
20250220,13,236.095,227.983,226.843,97.455,19.412,1.966,0.0,0.0,0.0,170.132,1
20250221,13,257.908,251.889,250.629,97.055,21.293,0.847,0.0,0.0,0.0,187.972,1
20250222,13,228.416,221.746,220.638,96.431,18.98,1.442,0.0,0.0,0.0,165.478,1
20250223,13,265.87,257.159,255.873,97.183,21.921,1.803,0.0,0.0,0.0,191.905,1
20250224,13,221.579,217.143,216.057,95.195,18.651,0.51,0.0,0.0,0.0,162.043,1
20250225,13,246.747,241.456,240.249,95.511,20.701,0.654,0.0,0.0,0.0,180.186,1
20250226,13,252.296,248.511,247.269,100.0,20.216,0.0,0.0,0.0,0.0,185.451,1
20250227,13,280.798,268.404,267.062,96.458,23.326,2.958,0.0,0.0,0.0,200.297,1
20250228,13,243.807,236.232,235.051,95.217,20.517,1.631,0.0,0.0,0.0,176.288,1
20250301,13,235.875,229.779,228.63,95.146,19.864,1.101,0.0,0.0,0.0,171.473,1
20250302,13,245.887,239.918,238.718,95.62,20.605,0.942,0.0,0.058,0.0,179.039,1
20250303,13,263.651,257.149,255.863,94.592,22.334,0.981,0.0,0.0,0.0,191.897,1
20250304,13,215.512,208.786,207.742,96.509,17.893,1.646,0.0,0.0,0.0,155.807,1
20250305,13,251.973,240.808,239.604,96.536,20.915,2.976,0.0,0.0,0.0,179.703,1
20250306,13,244.674,241.004,239.799,96.068,20.408,0.0,0.0,0.0,0.0,179.849,1
20250307,13,258.064,248.078,246.838,96.899,21.34,2.406,0.0,0.0,0.0,185.128,1
20250308,13,243.509,235.474,234.296,97.776,19.956,1.827,0.0,0.0,0.0,175.722,1
20250309,13,282.712,275.311,273.935,98.949,22.894,1.135,0.0,0.0,0.0,205.451,1
20250310,13,255.587,251.754,250.495,97.529,20.999,0.0,0.0,0.0,0.0,187.871,1
20250311,13,282.526,274.837,273.463,99.708,22.705,1.24,0.241,0.0,0.0,205.097,1
20250312,13,274.862,268.827,267.483,100.0,22.024,0.706,0.0,0.0,0.0,200.612,1
20250313,13,286.38,282.084,280.674,98.246,23.357,0.0,0.0,0.0,0.0,210.505,1
20250314,13,312.122,307.44,305.903,98.661,25.349,0.0,0.0,0.245,0.0,229.427,1
20250315,13,245.5,236.066,234.885,98.063,20.06,2.379,0.0,0.0,0.0,176.164,1
20250316,13,280.552,272.342,270.98,94.811,23.71,1.448,0.0,0.0,0.0,203.235,1
20250317,13,263.901,251.813,250.554,98.684,21.428,3.128,0.0,0.0,0.0,187.915,1
20250318,13,207.283,200.01,199.01,96.503,17.211,2.04,0.0,0.0,0.0,149.257,1
20250319,13,228.135,222.665,221.552,97.118,18.822,0.911,0.0,0.0,0.0,166.164,1
20250320,13,254.293,248.344,247.102,98.045,20.782,0.852,0.0,0.0,0.0,185.326,1
20250321,13,268.979,264.944,263.619,97.253,22.162,0.0,0.0,0.0,0.0,197.715,1
20250322,13,274.042,269.931,268.582,96.087,22.853,0.0,0.0,0.0,0.0,201.436,1
20250323,13,257.639,246.583,245.351,95.312,21.66,2.833,0.0,0.0,0.0,184.013,1
20250324,13,299.519,283.521,282.103,97.343,24.655,3.9,0.0,0.0,0.0,211.577,1
20250325,13,261.201,256.112,254.832,99.764,20.979,0.455,0.0,0.0,0.0,191.124,1
20250326,13,252.875,249.082,247.836,97.073,20.873,0.0,0.0,0.39,0.0,185.877,1
20250327,13,264.308,257.765,256.476,95.87,22.091,0.99,0.0,0.0,0.0,192.357,1
20250328,13,248.883,245.15,243.924,95.077,20.975,0.0,0.0,0.0,0.0,182.943,1
20250329,13,288.53,280.947,279.543,95.832,24.125,1.145,0.0,0.0,0.0,209.657,1
20250330,13,324.176,312.716,311.153,96.111,27.027,2.066,0.0,0.0,0.0,233.365,1
20250331,13,337.71,325.678,324.049,98.933,27.352,2.094,0.0,0.0,0.0,243.037,1
20250401,13,316.665,310.884,309.33,96.342,26.337,0.33,0.0,0.0,0.0,231.998,1
20250402,13,292.493,285.092,283.667,96.65,24.249,1.046,0.0,0.0,0.0,212.75,1
20250403,13,275.802,271.665,270.306,96.551,22.889,0.0,0.0,0.0,0.0,202.73,1
20250404,13,281.146,266.935,265.6,95.356,23.625,3.609,0.0,0.0,0.0,199.2,1
20250405,13,280.074,267.042,265.707,100.0,22.442,3.201,0.0,0.0,0.0,199.28,1
20250406,13,261.108,255.675,254.397,98.875,21.16,0.589,0.0,0.0,0.0,190.798,1
20250407,13,227.0,222.771,221.657,99.392,18.3,0.368,0.0,0.0,0.0,166.243,1
20250408,13,298.222,289.254,287.808,98.825,24.18,1.53,0.0,0.0,0.0,215.856,1
20250409,13,287.634,280.101,278.7,98.869,23.311,1.136,0.0,0.0,0.0,209.025,1
20250410,13,287.355,280.039,278.639,97.167,23.697,1.062,0.0,0.0,0.0,208.979,1
20250411,13,288.528,281.317,279.91,97.621,23.683,1.015,0.0,0.0,0.0,209.933,1
20250412,13,247.992,242.988,241.773,96.435,20.606,0.526,0.236,0.0,0.0,181.33,1
20250413,13,268.871,261.872,260.563,99.547,21.642,1.12,0.0,0.0,0.0,195.422,1
20250414,13,271.222,262.335,261.024,96.832,22.444,1.804,0.0,0.0,0.0,195.768,1
20250415,13,297.874,290.98,289.525,97.943,24.369,0.827,0.0,0.0,0.0,217.144,1
20250416,13,328.217,322.355,320.743,100.0,26.299,0.29,0.0,0.0,0.0,240.557,1
20250417,13,292.701,283.656,282.238,95.853,24.468,1.614,0.0,0.0,0.0,211.678,1
20250418,13,311.826,301.593,300.085,96.949,25.772,1.809,0.0,0.0,0.0,225.064,1
20250419,13,313.715,306.595,305.062,98.861,25.427,0.781,0.0,0.0,0.0,228.796,1
20250420,13,314.224,298.354,296.863,94.897,26.532,3.604,0.0,0.0,0.0,222.647,1
20250421,13,279.902,268.839,267.495,97.317,23.046,2.49,0.0,0.0,0.0,200.621,1
20250422,13,310.057,293.466,291.999,97.168,25.568,3.909,0.0,0.0,0.0,218.999,1
20250423,13,237.28,227.886,226.746,97.076,19.585,2.497,0.0,0.0,0.0,170.06,1
20250424,13,290.056,282.7,281.287,98.238,23.659,1.052,0.432,0.191,0.0,210.965,1
20250425,13,279.231,274.57,273.197,99.899,22.397,0.172,0.0,0.0,0.0,204.898,1
20250426,13,313.2,305.825,304.295,96.783,25.93,0.868,0.0,0.0,0.0,228.222,1
20250427,13,276.155,272.012,270.652,97.334,22.734,0.0,0.0,0.089,0.0,202.989,1
20250428,13,372.616,364.138,362.317,97.198,30.718,0.787,0.0,0.0,0.0,271.738,1
20250429,13,364.87,351.127,349.371,97.244,30.065,2.301,0.0,0.0,0.0,262.028,1
20250430,13,328.496,323.569,321.951,97.8,26.914,0.0,0.0,0.0,0.0,241.463,1
20250501,13,299.336,293.633,292.165,96.863,24.762,0.411,0.0,0.0,0.0,219.124,1
20250502,13,296.41,291.964,290.504,96.771,24.543,0.0,0.0,0.0,0.0,217.878,1
20250503,13,325.502,315.381,313.804,97.896,26.642,1.634,0.0,0.0,0.0,235.353,1
20250504,13,300.184,293.762,292.293,98.165,24.503,0.649,0.0,0.0,0.0,219.22,1
20250505,13,328.874,321.727,320.119,96.669,27.26,0.683,0.0,0.0,0.0,240.089,1
20250506,13,348.687,338.015,336.325,96.801,28.863,1.584,0.0,0.216,0.0,252.243,1
20250507,13,328.005,322.235,320.624,96.67,27.188,0.263,0.0,0.0,0.0,240.468,1
20250508,13,312.65,305.034,303.509,96.454,25.973,0.95,0.0,0.0,0.0,227.632,1
20250509,13,327.653,314.591,313.018,96.697,27.151,2.525,0.0,0.0,0.0,234.763,1
20250510,13,348.777,334.129,332.459,96.783,28.876,2.741,0.0,0.0,0.0,249.344,1
20250511,13,322.656,312.785,311.221,97.198,26.599,1.583,0.0,0.0,0.0,233.415,1
20250512,13,365.691,349.473,347.726,98.499,29.749,2.98,0.0,0.0,0.0,260.794,1
20250513,13,286.294,282.0,280.59,98.57,23.273,0.0,0.0,0.0,0.0,210.442,1
20250514,13,327.61,319.915,318.315,99.318,26.431,0.862,0.0,0.0,0.0,238.736,1
20250515,13,339.139,328.63,326.987,99.121,27.416,1.623,0.0,0.0,0.0,245.24,1
20250516,13,379.808,374.111,372.241,96.252,31.618,0.0,0.0,0.0,0.0,279.18,1
20250517,13,352.332,346.505,344.773,97.386,28.989,0.156,0.0,0.0,0.0,258.58,1
20250518,13,356.086,347.541,345.803,98.186,29.06,0.914,0.0,0.0,0.0,259.352,1
20250519,13,380.968,375.253,373.377,97.149,31.422,0.0,0.081,0.0,0.0,280.033,1
20250520,13,347.52,342.307,340.595,96.361,28.898,0.0,0.0,0.0,0.0,255.447,1
20250521,13,298.924,292.034,290.574,98.528,24.31,0.817,0.355,0.0,0.0,217.93,1
20250522,13,357.716,351.082,349.326,96.204,29.794,0.36,0.0,0.0,0.0,261.995,1
20250523,13,309.215,299.347,297.85,96.397,25.703,1.717,0.0,0.0,0.0,223.387,1
20250524,13,307.891,295.218,293.742,97.546,25.291,2.656,0.0,0.0,0.0,220.306,1
20250525,13,320.583,315.774,314.195,98.555,26.064,0.0,0.0,0.0,0.0,235.647,1
20250526,13,306.933,292.418,290.956,99.418,24.738,3.278,0.0,0.0,0.0,218.217,1
20250527,13,302.814,297.407,295.92,97.71,24.833,0.29,0.0,0.0,0.0,221.94,1
20250528,13,320.656,315.846,314.267,98.793,26.008,0.0,0.0,0.0,0.0,235.7,1
20250529,13,299.839,291.772,290.313,95.265,25.22,1.208,0.0,0.0,0.0,217.735,1
20250530,13,328.023,322.515,320.903,98.612,26.654,0.182,0.0,0.0,0.0,240.677,1
20250531,13,358.867,352.43,350.668,97.906,29.37,0.298,0.0,0.0,0.0,263.001,1
20250601,13,346.336,337.887,336.197,96.477,28.765,0.954,0.0,0.0,0.0,252.148,1
20250602,13,387.141,373.735,371.867,96.242,32.232,1.993,0.793,0.0,0.0,278.9,1
20250603,13,313.896,304.914,303.389,98.103,25.638,1.382,0.0,0.0,0.0,227.542,1
20250604,13,303.676,299.121,297.625,97.237,25.024,0.0,0.0,0.0,0.0,223.219,1
20250605,13,308.999,300.012,298.512,97.453,25.407,1.43,0.0,0.0,0.0,223.884,1
20250606,13,276.865,268.792,267.448,96.299,23.037,1.438,0.0,0.0,0.0,200.586,1
20250607,13,346.862,341.58,339.872,98.303,28.273,0.023,0.0,0.0,0.0,254.904,1
20250608,13,399.105,386.356,384.425,95.654,33.433,1.72,0.0,0.0,0.0,288.318,1
20250609,13,298.259,288.326,286.885,100.0,23.899,1.858,0.0,0.0,0.0,215.163,1
20250610,13,320.306,313.999,312.429,98.137,26.153,0.476,0.0,0.0,0.0,234.322,1
20250611,13,309.492,301.864,300.355,96.088,25.809,0.979,0.0,0.0,0.0,225.266,1
20250612,13,362.094,356.276,354.495,99.21,29.245,0.108,0.0,0.0,0.0,265.871,1
20250613,13,340.167,331.974,330.314,99.098,27.505,0.922,0.0,0.0,0.0,247.736,1
20250614,13,362.027,350.089,348.338,99.33,29.204,1.825,0.0,0.0,0.0,261.254,1
20250615,13,327.021,318.148,316.557,95.296,27.497,1.232,0.0,0.0,0.0,237.418,1
20250616,13,332.074,324.097,322.476,96.043,27.705,0.916,0.0,0.0,0.0,241.857,1
20250617,13,337.139,330.565,328.912,96.532,27.985,0.457,0.0,0.0,0.0,246.684,1
20250618,13,284.389,276.887,275.503,98.229,23.199,1.155,0.0,0.0,0.0,206.627,1
20250619,13,311.311,299.613,298.115,95.737,26.055,2.292,0.0,0.0,0.0,223.586,1
20250620,13,381.514,364.841,363.016,95.552,31.993,2.914,0.0,0.0,0.0,272.262,1
20250621,13,376.258,363.351,361.535,97.254,31.0,1.96,0.0,0.0,0.0,271.151,1
20250622,13,334.263,328.375,326.734,97.335,27.517,0.265,0.0,0.0,0.0,245.05,1
20250623,13,375.888,364.497,362.674,99.917,30.144,1.554,0.0,0.0,0.0,272.006,1
20250624,13,372.81,366.624,364.79,97.53,30.629,0.162,0.0,0.0,0.0,273.593,1
20250625,13,316.621,309.698,308.149,95.608,26.536,0.697,0.0,0.0,0.0,231.112,1
20250626,13,270.308,265.363,264.036,97.322,22.255,0.335,0.0,0.0,0.0,198.027,1
20250627,13,309.938,305.288,303.762,98.83,25.129,0.0,0.0,0.0,0.0,227.822,1
20250628,13,350.793,332.773,331.109,96.154,29.233,3.692,0.0,0.0,0.0,248.332,1
20250629,13,354.387,348.556,346.813,100.0,28.396,0.148,0.0,0.0,0.0,260.11,1
20250630,13,364.181,348.056,346.315,97.694,29.87,2.972,0.0,0.0,0.0,259.737,1
20250701,13,288.702,282.553,281.141,99.018,23.363,0.639,0.0,0.0,0.0,210.855,1
20250702,13,324.121,313.814,312.245,98.961,26.244,1.706,0.0,0.0,0.0,234.184,1
20250703,13,403.277,397.228,395.242,97.408,33.174,0.0,0.0,0.265,0.0,296.431,1
20250704,13,343.789,336.661,334.978,96.093,28.667,0.582,0.0,0.0,0.0,251.234,1
20250705,13,375.469,363.872,362.053,94.525,31.828,1.613,0.0,0.0,0.0,271.54,1
20250706,13,404.692,381.99,380.08,99.747,32.509,4.172,0.0,0.206,0.0,285.06,1
20250707,13,345.576,329.082,327.437,99.202,27.913,3.323,0.0,0.0,0.0,245.578,1
20250708,13,351.318,343.716,341.997,97.837,28.773,0.674,0.0,0.0,0.0,256.498,1
20250709,13,329.322,312.596,311.033,97.998,26.927,3.633,0.0,0.0,0.0,233.275,1
20250710,13,349.816,342.588,340.875,97.654,28.703,0.575,0.0,0.0,0.0,255.656,1
20250711,13,352.122,335.065,333.39,95.287,29.611,3.395,0.0,0.0,0.0,250.043,1
20250712,13,388.743,370.765,368.911,99.274,31.377,3.172,0.0,0.0,0.0,276.683,1
20250713,13,321.882,311.2,309.644,98.953,26.065,1.846,0.0,0.0,0.0,232.233,1
20250714,13,430.975,412.462,410.4,99.643,34.657,2.838,0.199,0.0,0.0,307.8,1
20250715,13,288.178,283.855,282.436,97.309,23.73,0.0,0.0,0.0,0.0,211.827,1
20250716,13,281.312,276.473,275.091,95.521,23.598,0.223,0.0,0.0,0.0,206.318,1
20250717,13,322.018,309.824,308.274,98.094,26.304,2.322,0.0,0.0,0.0,231.206,1
20250718,13,311.173,304.021,302.501,96.494,25.84,0.811,0.0,0.0,0.0,226.876,1
20250719,13,284.546,279.03,277.635,95.54,23.864,0.445,0.0,0.0,0.0,208.226,1
20250720,13,341.655,328.973,327.328,100.0,27.376,2.246,0.0,0.0,0.0,245.496,1
20250721,13,395.473,381.449,379.542,96.223,32.932,2.077,0.0,0.0,0.0,284.657,1
20250722,13,424.68,415.645,413.567,98.649,34.495,0.637,0.0,0.0,0.0,310.175,1
20250723,13,319.15,305.982,304.452,97.003,26.363,2.666,0.0,0.0,0.0,228.339,1
20250724,13,323.601,318.45,316.858,95.119,27.26,0.093,0.0,0.0,0.0,237.643,1
20250725,13,369.915,361.246,359.44,96.412,30.744,0.856,0.0,0.0,0.0,269.58,1
20250726,13,322.346,311.301,309.745,93.986,27.482,1.956,0.0,0.0,0.0,232.309,1
20250727,13,338.517,324.408,322.786,98.205,27.62,2.709,0.0,0.0,0.0,242.089,1
20250728,13,352.971,347.676,345.938,97.032,29.148,0.0,0.0,0.0,0.0,259.453,1
20250729,13,374.978,361.115,359.309,98.511,30.5,2.23,0.0,0.0,0.0,269.482,1
20250730,13,307.07,299.689,298.19,98.128,25.074,0.918,0.0,0.0,0.0,223.643,1
20250731,13,378.563,360.907,359.102,96.258,31.513,3.212,0.0,0.0,0.0,269.327,1
20250801,13,378.127,366.312,364.48,97.807,30.978,1.649,0.0,0.0,0.0,273.36,1
20250802,13,315.033,309.508,307.961,98.443,25.642,0.258,0.0,0.0,0.0,230.97,1
20250803,13,370.364,352.15,350.389,98.268,30.2,3.47,0.0,0.0,0.0,262.792,1
20250804,13,377.384,368.031,366.191,97.63,30.973,0.993,0.0,0.0,0.0,274.643,1
20250805,13,352.567,347.278,345.542,98.946,28.551,0.0,0.0,0.0,0.0,259.156,1
20250806,13,375.266,368.004,366.164,97.349,30.888,0.442,0.0,0.0,0.0,274.623,1
20250807,13,302.047,297.516,296.029,99.391,24.351,0.0,0.0,0.0,0.0,222.022,1
20250808,13,354.9,337.848,336.159,95.336,29.829,3.355,0.0,0.0,0.0,252.119,1
20250809,13,343.467,331.068,329.413,97.226,28.307,2.142,0.0,0.0,0.0,247.06,1
20250810,13,374.348,361.427,359.62,97.518,30.759,1.981,0.0,0.0,0.0,269.715,1
20250811,13,320.987,310.434,308.881,98.626,26.079,1.815,0.0,0.0,0.0,231.661,1
20250812,13,309.313,298.683,297.19,97.57,25.402,1.966,0.0,0.0,0.0,222.892,1
20250813,13,286.934,282.63,281.217,95.529,24.067,0.0,0.0,0.0,0.0,210.913,1
20250814,13,312.153,303.903,302.383,98.691,25.344,1.16,0.0,0.0,0.0,226.787,1
20250815,13,296.2,291.757,290.298,94.819,25.031,0.0,0.0,0.0,0.0,217.724,1
20250816,13,369.631,356.394,354.612,96.0,30.852,2.113,0.0,0.0,0.0,265.959,1
20250817,13,382.489,375.039,373.163,95.082,32.233,0.455,0.0,0.0,0.0,279.873,1
20250818,13,371.516,363.944,362.124,99.533,29.909,0.546,0.0,0.0,0.0,271.593,1
20250819,13,369.581,357.724,355.935,99.69,29.706,1.734,0.0,0.0,0.0,266.951,1
20250820,13,320.56,307.895,306.355,94.246,27.254,2.488,0.0,0.0,0.0,229.766,1
20250821,13,302.614,292.785,291.321,98.411,24.639,1.775,0.0,0.0,0.0,218.491,1
20250822,13,366.015,360.525,358.722,96.011,30.547,0.0,0.0,0.0,0.0,269.042,1
20250823,13,350.577,341.379,339.672,99.646,28.191,1.141,0.0,0.0,0.0,254.754,1
20250824,13,331.62,322.616,321.003,100.0,26.572,1.233,0.0,0.0,0.0,240.752,1
20250825,13,322.111,311.127,309.572,99.119,26.039,1.939,0.0,0.0,0.0,232.179,1
20250826,13,351.057,332.77,331.106,99.825,28.179,3.766,0.0,0.0,0.0,248.329,1
20250827,13,364.135,348.057,346.317,97.204,30.017,2.96,0.0,0.0,0.0,259.738,1
20250828,13,357.136,345.582,343.854,96.2,29.747,1.762,0.0,0.0,0.0,257.89,1
20250829,13,347.427,339.984,338.284,98.347,28.307,0.652,0.0,0.0,0.0,253.713,1
20250830,13,325.098,320.221,318.62,97.643,26.678,0.0,0.511,0.0,0.0,238.965,1
20250831,13,392.735,385.833,383.904,96.274,32.687,0.261,0.0,0.0,0.0,287.928,1
20250901,13,325.804,317.746,316.157,97.077,26.892,0.988,0.0,0.0,0.0,237.118,1
20250902,13,335.244,328.412,326.77,99.153,27.092,0.546,0.0,0.0,0.0,245.077,1
20250903,13,332.922,323.13,321.515,94.843,28.127,1.463,0.0,0.215,0.0,241.136,1
20250904,13,302.268,292.917,291.452,95.877,25.262,1.618,0.0,0.0,0.0,218.589,1
20250905,13,315.61,302.322,300.81,95.199,26.565,2.752,0.0,0.0,0.0,225.608,1
20250906,13,293.039,279.093,277.697,100.0,23.481,3.309,0.0,0.0,0.0,208.273,1
20250907,13,299.832,287.263,285.827,99.786,24.077,2.733,0.092,0.0,0.0,214.37,1
20250908,13,359.685,352.042,350.282,96.509,29.863,0.634,0.0,0.0,0.0,262.712,1
20250909,13,369.155,363.618,361.799,97.341,30.388,0.0,0.0,0.0,0.0,271.35,1
20250910,13,344.885,339.712,338.013,97.853,28.241,0.0,0.0,0.0,0.0,253.51,1
20250911,13,315.523,310.79,309.236,100.0,25.282,0.0,0.0,0.0,0.0,231.927,1
20250912,13,304.118,298.348,296.856,96.879,25.153,0.403,0.085,0.0,0.0,222.642,1
20250913,13,310.591,304.555,303.033,96.006,25.923,0.45,0.0,0.0,0.0,227.274,1
20250914,13,334.342,324.225,322.604,97.235,27.552,1.549,0.0,0.0,0.0,241.953,1
20250915,13,371.406,364.294,362.472,96.342,30.89,0.421,0.453,0.0,0.0,271.854,1
20250916,13,319.773,306.769,305.236,99.169,25.838,2.606,0.0,0.0,0.0,228.927,1
20250917,13,336.852,328.526,326.883,97.715,27.622,0.987,0.0,0.0,0.0,245.162,1
20250918,13,356.617,341.976,340.266,97.765,29.229,2.645,0.0,0.0,0.0,255.199,1
20250919,13,291.088,286.205,284.774,97.073,24.028,0.18,0.0,0.0,0.0,213.581,1
20250920,13,280.806,275.775,274.397,97.194,23.15,0.296,0.0,0.0,0.0,205.797,1
20250921,13,231.49,224.315,223.193,98.856,18.764,1.624,0.0,0.0,0.0,167.395,1
20250922,13,304.552,296.914,295.429,99.035,24.641,1.023,0.0,0.0,0.0,221.572,1
20250923,13,321.763,311.567,310.009,96.282,26.778,1.694,0.0,0.0,0.0,232.507,1
20250924,13,315.374,310.644,309.091,100.0,25.27,0.0,0.0,0.0,0.0,231.818,1
20250925,13,326.995,319.664,318.066,96.806,27.066,0.753,0.0,0.0,0.0,238.549,1
20250926,13,264.785,257.442,256.155,95.772,22.153,1.293,0.0,0.0,0.0,192.116,1
20250927,13,276.334,272.189,270.828,100.0,22.142,0.0,0.0,0.0,0.0,203.121,1
20250928,13,363.286,355.665,353.887,99.205,29.343,0.607,0.0,0.0,0.0,265.415,1
20250929,13,278.409,269.152,267.807,97.736,22.825,1.853,0.0,0.0,0.0,200.855,1
20250930,13,306.951,300.491,298.989,95.428,25.774,0.614,0.0,0.0,0.0,224.241,1
20251001,13,291.42,284.956,283.531,98.988,23.59,0.729,0.0,0.0,0.0,212.648,1
20251002,13,251.568,242.761,241.547,97.352,20.706,2.031,0.0,0.0,0.0,181.161,1
20251003,13,334.166,323.834,322.215,100.0,26.776,1.616,0.0,0.0,0.0,241.661,1
20251004,13,289.822,285.475,284.048,96.551,24.052,0.0,0.0,0.0,0.0,213.036,1
20251005,13,245.309,241.409,240.202,96.763,20.314,0.091,0.0,0.0,0.0,180.151,1
20251006,13,287.273,280.419,279.017,94.94,24.246,0.899,0.0,0.0,0.0,209.263,1
20251007,13,275.421,268.697,267.353,97.714,22.585,0.956,0.0,0.0,0.0,200.515,1
20251008,13,256.06,246.809,245.575,97.843,20.97,2.145,0.0,0.0,0.0,184.181,1
20251009,13,233.584,223.436,222.319,98.507,19.0,2.888,0.0,0.0,0.0,166.739,1
20251010,13,284.678,275.212,273.836,99.921,22.829,1.853,0.155,0.0,0.0,205.377,1
20251011,13,297.772,285.164,283.738,96.805,24.647,2.776,0.0,0.0,0.0,212.803,1
20251012,13,345.065,339.163,337.467,97.694,28.302,0.214,0.0,0.0,0.0,253.1,1
20251013,13,273.276,260.843,259.539,96.173,22.768,3.096,0.0,0.0,0.0,194.654,1
20251014,13,281.835,277.607,276.219,97.8,23.091,0.0,0.0,0.0,0.0,207.164,1
20251015,13,303.82,289.52,288.073,97.72,24.913,3.255,0.0,0.0,0.0,216.055,1
20251016,13,260.607,248.246,247.005,96.075,21.735,3.293,0.0,0.0,0.0,185.253,1
20251017,13,282.204,274.647,273.274,97.94,23.088,1.196,0.0,0.0,0.0,204.955,1
20251018,13,279.707,266.793,265.459,95.505,23.467,3.165,0.0,0.0,0.0,199.094,1
20251019,13,272.891,261.957,260.647,98.746,22.144,2.545,0.0,0.0,0.0,195.486,1
20251020,13,307.188,300.327,298.826,96.413,25.53,0.744,0.0,0.0,0.0,224.119,1
20251021,13,294.075,282.629,281.216,98.89,23.828,2.428,0.0,0.0,0.0,210.912,1
20251022,13,259.269,255.38,254.103,94.212,22.051,0.0,0.0,0.0,0.0,190.577,1
20251023,13,299.797,289.403,287.956,99.477,24.149,1.997,0.0,0.0,0.0,215.967,1
20251024,13,241.496,232.681,231.518,96.669,20.017,2.183,0.0,0.0,0.0,173.638,1
20251025,13,272.809,263.257,261.941,98.582,22.174,2.032,0.0,0.0,0.0,196.456,1
20251026,13,216.141,212.899,211.834,95.871,18.065,0.0,0.0,0.0,0.0,158.876,1
20251027,13,279.776,274.325,272.953,97.976,22.881,0.455,0.0,0.0,0.0,204.715,1
20251028,13,275.611,266.701,265.367,98.962,22.316,1.759,0.0,0.0,0.0,199.025,1
20251029,13,313.773,309.066,307.521,95.923,26.211,0.0,0.0,0.0,0.0,230.641,1
20251030,13,254.05,243.916,242.697,96.379,21.121,2.527,0.0,0.0,0.0,182.023,1
20251031,13,291.789,285.741,284.312,95.182,24.564,0.581,0.0,0.0,0.0,213.234,1
20251101,13,272.001,267.921,266.581,98.32,22.167,0.0,0.0,0.0,0.0,199.936,1
20251102,13,266.925,262.844,261.529,96.218,22.229,0.03,0.0,0.0,0.0,196.147,1
20251103,13,329.607,318.703,317.109,97.526,27.081,1.836,0.0,0.0,0.0,237.832,1
20251104,13,261.023,257.108,255.822,100.0,20.915,0.0,0.0,0.0,0.0,191.867,1
20251105,13,272.82,264.031,262.711,98.209,22.259,1.748,0.0,0.0,0.0,197.033,1
20251106,13,261.788,254.045,252.775,98.141,21.374,1.48,0.057,0.0,0.0,189.581,1
20251107,13,296.038,281.951,280.541,95.692,24.789,3.308,0.0,0.0,0.0,210.406,1
20251108,13,276.039,269.659,268.311,96.281,22.973,0.824,0.0,0.0,0.0,201.233,1
20251109,13,237.835,234.268,233.096,99.021,19.246,0.0,0.0,0.0,0.0,174.822,1
20251110,13,206.462,199.888,198.889,96.566,17.132,1.71,0.0,0.0,0.0,149.167,1
20251111,13,229.636,221.39,220.283,97.074,18.955,2.123,0.0,0.0,0.0,165.212,1
20251112,13,284.715,280.444,279.042,98.64,23.128,0.0,0.0,0.0,0.0,209.281,1
20251113,13,294.977,289.248,287.801,94.79,24.935,0.449,0.0,0.0,0.0,215.851,1
20251114,13,239.007,233.414,232.247,98.325,19.478,0.853,0.0,0.0,0.0,174.185,1
20251115,13,293.373,288.418,286.976,96.867,24.268,0.192,0.0,0.664,0.0,215.232,1
20251116,13,275.197,268.242,266.901,94.951,23.224,1.043,0.0,0.0,0.0,200.176,1
20251117,13,252.525,248.737,247.493,97.351,20.785,0.0,0.0,0.0,0.0,185.62,1
20251118,13,281.413,273.873,272.504,98.516,22.889,1.197,0.0,0.0,0.0,204.378,1
20251119,13,299.963,290.7,289.246,96.946,24.793,1.612,0.0,0.0,0.0,216.935,1
20251120,13,272.932,262.806,261.492,94.922,23.039,2.244,0.0,0.0,0.0,196.119,1
20251121,13,238.579,235.001,233.826,96.301,19.851,0.0,0.0,0.0,0.0,175.369,1
20251122,13,275.644,265.575,264.247,95.669,23.087,2.186,0.0,0.0,0.0,198.185,1
20251123,13,259.712,252.009,250.748,94.315,22.065,1.489,0.0,0.0,0.0,188.061,1
20251124,13,252.571,245.355,244.128,98.617,20.522,1.378,0.0,0.068,0.0,183.096,1
20251125,13,234.584,230.671,229.518,95.966,19.587,0.171,0.0,0.0,0.0,172.138,1
20251126,13,253.971,243.238,242.022,99.495,20.454,2.768,0.221,0.0,0.0,181.516,1
20251127,13,291.833,287.456,286.018,96.796,24.158,0.0,0.0,0.0,0.0,214.514,1
20251128,13,268.681,264.651,263.328,94.889,22.689,0.0,0.0,0.0,0.0,197.496,1
20251129,13,278.65,268.2,266.859,97.721,22.848,2.285,0.0,0.0,0.0,200.144,1
20251130,13,195.818,187.469,186.531,92.778,16.912,2.806,0.0,0.0,0.0,139.898,1
20251201,13,241.223,234.666,233.493,97.964,19.73,1.237,0.0,0.0,0.0,175.12,1
20251202,13,211.1,205.963,204.933,95.437,17.724,0.947,0.0,0.0,0.0,153.7,1
20251203,13,239.291,234.235,233.064,97.926,19.58,0.622,0.0,0.0,0.0,174.798,1
20251204,13,253.266,249.183,247.937,97.874,20.735,0.114,0.0,0.0,0.0,185.953,1
20251205,13,245.334,238.524,237.331,96.73,20.323,1.295,0.0,0.0,0.0,177.998,1
20251206,13,212.586,207.109,206.074,96.614,17.631,1.093,0.0,0.0,0.0,154.555,1
20251207,13,199.861,196.863,195.879,96.279,16.633,0.0,0.0,0.0,0.0,146.909,1
20251208,13,212.872,206.256,205.225,94.653,18.021,1.633,0.0,0.0,0.0,153.919,1
20251209,13,254.251,245.922,244.693,95.952,21.232,1.803,0.0,0.0,0.0,183.52,1
20251210,13,239.555,227.776,226.637,98.73,19.442,3.469,0.0,0.0,0.0,169.978,1
20251211,13,252.28,242.404,241.192,96.376,20.975,2.451,0.0,0.0,0.0,180.894,1
20251212,13,236.022,226.889,225.755,95.209,19.864,2.406,0.0,0.248,0.0,169.316,1
20251213,13,195.453,190.223,189.272,98.807,15.85,1.194,0.0,0.0,0.0,141.954,1
20251214,13,254.206,248.959,247.714,95.383,21.355,0.573,0.0,0.0,0.0,185.786,1
20251215,13,233.071,225.53,224.402,97.831,19.09,1.762,0.0,0.0,0.0,168.302,1
20251216,13,265.008,252.115,250.854,98.098,21.646,3.416,0.0,0.0,0.0,188.141,1
20251217,13,242.617,238.691,237.497,97.879,19.862,0.12,0.0,0.0,0.0,178.123,1
20251218,13,232.131,227.059,225.924,100.0,18.6,0.695,0.0,0.0,0.0,169.443,1
20251219,13,184.981,181.265,180.359,96.009,15.438,0.516,0.0,0.0,0.0,135.269,1
20251220,13,246.824,239.196,238.0,98.662,20.046,1.615,0.0,0.0,0.0,178.5,1
20251221,13,257.803,246.417,245.184,96.841,21.331,2.961,0.0,0.0,0.0,183.888,1
20251222,13,256.857,253.004,251.739,98.781,20.836,0.0,0.0,0.0,0.0,188.805,1
20251223,13,224.973,221.393,220.286,97.922,18.409,0.093,0.0,0.0,0.0,165.215,1
20251224,13,245.646,238.272,237.081,97.262,20.237,1.525,0.0,0.0,0.0,177.811,1
20251225,13,226.078,213.435,212.368,98.052,18.475,4.155,0.0,0.0,0.0,159.276,1
20251226,13,232.872,225.303,224.176,97.954,19.049,1.777,0.0,0.0,0.0,168.132,1
20251227,13,205.732,197.814,196.825,97.251,16.951,2.385,0.0,0.0,0.0,147.618,1
20251228,13,211.649,200.359,199.357,94.716,17.905,3.893,0.0,0.0,0.0,149.518,1
20251229,13,271.391,263.143,261.828,98.453,22.088,1.563,0.0,0.0,0.0,196.371,1
20251230,13,241.169,234.605,233.432,96.438,20.038,1.241,0.0,0.0,0.0,175.074,1
20251231,13,241.966,235.303,234.127,96.214,20.151,1.273,0.0,0.0,0.0,175.595,1
20240101,14,281.987,273.169,271.803,97.927,29.264,1.652,0.0,0.0,0.0,203.852,1
20240102,14,265.46,256.232,254.951,95.747,28.176,2.007,0.0,0.0,0.0,191.213,1
20240103,14,318.26,311.885,310.325,99.627,32.464,0.511,0.0,0.196,0.0,232.744,1
20240104,14,303.563,296.284,294.803,99.486,31.009,0.911,0.0,0.0,0.0,221.102,1
20240105,14,265.162,261.185,259.879,97.26,27.706,0.0,0.0,0.0,0.0,194.909,1
20240106,14,261.172,254.04,252.77,97.602,27.194,1.25,0.0,0.0,0.0,189.578,1
20240107,14,259.361,254.673,253.4,100.0,26.358,0.312,0.0,0.0,0.0,190.05,1
20240108,14,301.697,288.868,287.424,97.415,31.474,2.794,0.0,0.0,0.0,215.568,1
20240109,14,270.84,266.777,265.443,97.464,28.241,0.0,0.0,0.0,0.0,199.082,1
20240110,14,223.73,219.084,217.989,97.168,23.399,0.585,0.0,0.0,0.0,163.492,1
20240111,14,254.126,247.0,245.765,96.527,26.755,1.324,0.0,0.464,0.0,184.324,1
20240112,14,219.895,216.066,214.986,95.934,23.294,0.245,0.253,0.0,0.0,161.239,1
20240113,14,258.906,251.209,249.953,97.283,27.046,1.496,0.0,0.0,0.0,187.464,1
20240114,14,282.371,270.38,269.028,97.335,29.482,2.788,0.0,0.0,0.0,201.771,1
20240115,14,261.37,257.45,256.162,96.557,27.509,0.0,0.0,0.0,0.0,192.122,1
20240116,14,259.603,255.709,254.43,97.964,26.931,0.0,0.0,0.0,0.0,190.823,1
20240117,14,299.821,292.517,291.054,99.661,30.573,0.95,0.0,0.0,0.0,218.291,1
20240118,14,278.123,273.951,272.581,97.131,29.099,0.0,0.0,0.0,0.0,204.436,1
20240119,14,298.644,290.8,289.346,94.981,31.954,1.144,0.0,0.106,0.0,217.01,1
20240120,14,292.817,285.49,284.063,96.944,30.696,1.017,0.0,0.0,0.0,213.047,1
20240121,14,219.484,216.192,215.111,97.286,22.928,0.0,0.0,0.0,0.0,161.333,1
20240122,14,283.082,272.585,271.222,96.868,29.699,2.242,0.0,0.0,0.0,203.417,1
20240123,14,234.259,220.445,219.342,97.527,24.411,4.464,0.0,0.0,0.0,164.507,1
20240124,14,248.141,241.925,240.716,96.941,26.013,1.02,0.0,0.0,0.0,180.537,1
20240125,14,261.574,252.034,250.773,99.865,26.619,2.18,0.0,0.0,0.0,188.08,1
20240126,14,257.299,247.536,246.299,95.656,27.336,2.329,0.0,0.0,0.0,184.724,1
20240127,14,256.178,250.828,249.573,99.432,26.183,0.597,0.0,0.0,0.0,187.18,1
20240128,14,323.438,312.524,310.962,97.515,33.707,1.903,0.0,0.0,0.0,233.221,1
20240129,14,247.828,240.261,239.059,97.508,25.829,1.577,0.0,0.0,0.0,179.294,1
20240130,14,282.675,270.915,269.561,96.001,29.924,2.701,0.0,0.0,0.0,202.171,1
20240131,14,274.722,264.764,263.44,96.663,28.883,2.157,0.0,0.159,0.0,197.58,1
20240201,14,267.808,254.634,253.361,96.1,28.321,3.471,0.0,0.0,0.0,190.021,1
20240202,14,246.773,241.349,240.142,99.956,25.09,0.708,0.186,0.0,0.0,180.107,1
20240203,14,263.72,258.789,257.495,96.536,27.763,0.376,0.0,0.0,0.0,193.121,1
20240204,14,309.69,296.831,295.347,96.379,32.655,2.692,0.0,0.0,0.0,221.51,1
20240205,14,253.575,249.473,248.226,98.359,26.2,0.119,0.0,0.0,0.0,186.169,1
20240206,14,329.27,324.331,322.709,97.299,34.391,0.0,0.08,0.0,0.0,242.032,1
20240207,14,299.523,291.942,290.482,95.284,31.946,1.047,0.0,0.0,0.0,217.862,1
20240208,14,249.966,246.018,244.788,96.34,26.368,0.081,0.0,0.0,0.0,183.591,1
20240209,14,275.78,265.941,264.611,96.546,29.029,2.099,0.0,0.0,0.0,198.458,1
20240210,14,259.075,253.11,251.845,95.609,27.538,0.815,0.0,0.0,0.0,188.884,1
20240211,14,275.332,264.919,263.594,99.119,28.23,2.317,0.0,0.0,0.0,197.696,1
20240212,14,245.504,241.361,240.154,99.87,24.982,0.19,0.0,0.0,0.0,180.115,1
20240213,14,287.247,282.939,281.524,99.673,29.288,0.0,0.0,0.311,0.0,211.143,1
20240214,14,235.338,225.582,224.454,97.907,24.428,2.686,0.0,0.0,0.0,168.341,1
20240215,14,296.729,292.278,290.817,96.119,31.373,0.0,0.0,0.0,0.0,218.113,1
20240216,14,245.242,238.709,237.515,97.421,25.583,1.182,0.0,0.0,0.0,178.136,1
20240217,14,301.573,296.557,295.074,98.318,31.172,0.166,0.0,0.0,0.0,221.306,1
20240218,14,277.588,272.416,271.054,96.762,29.154,0.369,0.0,0.0,0.0,203.29,1
20240219,14,264.468,259.472,258.175,100.0,26.877,0.395,0.0,0.0,0.0,193.631,1
20240220,14,232.886,229.393,228.246,95.919,24.674,0.0,0.0,0.0,0.0,171.184,1
20240221,14,250.746,246.289,245.057,96.294,26.463,0.282,0.0,0.0,0.0,183.793,1
20240222,14,233.381,229.717,228.568,98.82,24.001,0.071,0.0,0.0,0.0,171.426,1
20240223,14,256.322,249.524,248.276,96.517,26.989,1.17,0.0,0.0,0.0,186.207,1
20240224,14,263.637,259.683,258.384,96.73,27.698,0.0,0.0,0.0,0.0,193.788,1
20240225,14,216.941,209.166,208.121,97.003,22.728,2.116,0.0,0.0,0.0,156.09,1
20240226,14,266.69,262.689,261.376,99.697,27.185,0.0,0.0,0.0,0.0,196.032,1
20240227,14,251.764,244.823,243.599,96.207,26.594,1.276,0.0,0.0,0.0,182.699,1
20240228,14,273.482,263.73,262.411,96.594,28.773,2.098,0.0,0.0,0.0,196.808,1
20240229,14,273.059,268.963,267.619,96.912,28.634,0.0,0.0,0.0,0.0,200.714,1
20240301,14,279.395,273.782,272.413,96.582,29.399,0.517,0.0,0.0,0.0,204.31,1
20240302,14,279.817,271.849,270.49,98.241,28.946,1.368,0.0,0.0,0.0,202.867,1
20240303,14,221.3,215.535,214.457,96.955,23.196,1.122,0.0,0.0,0.0,160.843,1
20240304,14,241.432,232.14,230.979,95.498,25.692,2.385,0.0,0.0,0.0,173.234,1
20240305,14,232.664,218.43,217.338,97.683,24.206,4.688,0.0,0.0,0.0,163.003,1
20240306,14,279.868,271.952,270.592,96.367,29.514,1.349,0.0,0.0,0.0,202.944,1
20240307,14,220.69,209.55,208.502,97.986,22.889,3.602,0.0,0.0,0.0,156.377,1
20240308,14,254.599,250.78,249.526,99.639,25.968,0.0,0.0,0.0,0.0,187.145,1
20240309,14,320.031,310.994,309.439,95.384,34.097,1.344,0.0,0.0,0.0,232.079,1
20240310,14,234.636,227.799,226.66,96.148,24.8,1.436,0.0,0.0,0.0,169.995,1
20240311,14,273.71,259.792,258.493,96.862,28.717,3.64,0.0,0.0,0.0,193.869,1
20240312,14,231.029,223.419,222.302,97.432,24.097,1.821,0.0,0.0,0.0,166.726,1
20240313,14,228.833,223.205,222.089,96.892,24.001,0.974,0.0,0.0,0.0,166.567,1
20240314,14,243.434,238.55,237.357,98.449,25.129,0.514,0.0,0.0,0.0,178.018,1
20240315,14,310.945,303.098,301.583,98.265,32.158,1.039,0.0,0.0,0.0,226.187,1
20240316,14,266.574,254.741,253.467,98.821,27.414,2.984,0.0,0.0,0.0,190.1,1
20240317,14,266.93,262.926,261.612,97.792,27.739,0.0,0.0,0.0,0.0,196.209,1
20240318,14,273.967,269.492,268.144,99.415,28.006,0.135,0.0,0.0,0.0,201.108,1
20240319,14,231.478,227.178,226.042,95.577,24.613,0.363,0.0,0.0,0.0,169.532,1
20240320,14,251.212,245.89,244.661,98.554,25.904,0.628,0.0,0.0,0.0,183.496,1
20240321,14,228.128,223.001,221.886,96.185,24.103,0.759,0.0,0.0,0.0,166.415,1
20240322,14,245.822,238.881,237.686,95.935,26.04,1.344,0.0,0.0,0.0,178.265,1
20240323,14,209.898,200.106,199.105,98.55,21.645,3.214,0.0,0.0,0.0,149.329,1
20240324,14,260.022,254.135,252.864,97.967,26.973,0.776,0.0,0.0,0.0,189.648,1
20240325,14,258.788,250.9,249.645,96.303,27.309,1.572,0.0,0.0,0.0,187.234,1
20240326,14,246.774,234.059,232.889,97.594,25.697,3.708,0.0,0.0,0.0,174.667,1
20240327,14,257.433,252.927,251.662,99.423,26.314,0.254,0.0,0.0,0.0,188.747,1
20240328,14,221.066,216.468,215.386,97.06,23.147,0.588,0.0,0.0,0.0,161.54,1
20240329,14,235.865,230.652,229.499,97.497,24.585,0.721,0.0,0.0,0.0,172.124,1
20240330,14,243.102,236.828,235.644,99.532,24.822,1.097,0.0,0.0,0.0,176.733,1
20240331,14,238.352,226.312,225.181,95.189,25.447,3.605,0.0,0.0,0.0,168.886,1
20240401,14,231.4,222.176,221.065,98.647,23.839,2.524,0.528,0.0,0.0,165.799,1
20240402,14,280.559,271.095,269.739,99.667,28.607,1.902,0.0,0.0,0.0,202.305,1
20240403,14,222.009,213.527,212.459,94.166,23.96,2.356,0.0,0.0,0.0,159.345,1
20240404,14,255.531,251.698,250.44,95.907,27.077,0.0,0.0,0.0,0.0,187.83,1
20240405,14,204.036,200.117,199.116,94.233,22.004,0.427,0.0,0.0,0.0,149.337,1
20240406,14,232.5,224.987,223.862,98.363,24.021,1.758,0.0,0.0,0.0,167.896,1
20240407,14,224.745,218.163,217.072,98.373,23.218,1.45,0.0,0.0,0.0,162.804,1
20240408,14,267.088,256.24,254.958,98.277,27.619,2.601,0.0,0.0,0.0,191.219,1
20240409,14,236.796,226.225,225.094,96.069,25.049,3.009,0.0,0.0,0.0,168.82,1
20240410,14,210.104,206.953,205.918,96.089,22.221,0.0,0.0,0.0,0.0,154.438,1
20240411,14,215.096,210.208,209.157,95.991,22.772,0.784,0.0,0.0,0.0,156.868,1
20240412,14,231.446,223.665,222.546,98.677,23.836,1.89,0.0,0.0,0.0,166.91,1
20240413,14,260.419,255.079,253.804,96.103,27.539,0.559,0.885,0.0,0.0,190.353,1
20240414,14,208.258,203.207,202.191,97.933,21.611,0.939,0.0,0.0,0.0,151.644,1
20240415,14,241.998,230.494,229.342,97.065,25.337,3.303,0.0,0.0,0.0,172.006,1
20240416,14,240.839,234.642,233.469,97.827,25.019,1.09,0.0,0.0,0.0,175.102,1
20240417,14,211.173,206.808,205.774,97.142,22.092,0.576,0.0,0.0,0.0,154.33,1
20240418,14,240.031,234.214,233.043,96.154,25.369,0.938,0.0,0.0,0.0,174.782,1
20240419,14,267.92,263.901,262.582,100.0,27.228,0.0,0.0,0.0,0.0,196.936,1
20240420,14,208.276,198.293,197.302,97.811,21.64,3.343,0.0,0.0,0.0,147.976,1
20240421,14,246.894,240.708,239.504,100.0,25.091,1.021,0.0,0.0,0.0,179.628,1
20240422,14,216.236,208.017,206.977,97.536,22.53,2.336,0.0,0.0,0.0,155.233,1
20240423,14,184.327,177.638,176.75,99.746,18.78,2.161,0.0,0.0,0.0,132.562,1
20240424,14,245.668,241.983,240.773,98.046,25.464,0.0,0.0,0.0,0.0,180.58,1
20240425,14,213.498,210.296,209.244,95.384,22.747,0.0,0.0,0.0,0.0,156.933,1
20240426,14,202.698,196.877,195.893,97.567,21.113,1.393,0.0,0.0,0.0,146.92,1
20240427,14,251.003,245.206,243.98,98.759,25.829,0.822,0.0,0.0,0.0,182.985,1
20240428,14,154.862,150.693,149.94,99.661,15.791,1.21,0.0,0.0,0.0,112.455,1
20240429,14,226.183,219.911,218.812,97.511,23.573,1.292,0.0,0.0,0.0,164.109,1
20240430,14,195.961,192.146,191.186,95.786,20.791,0.453,0.474,0.0,0.0,143.389,1
20240501,14,177.347,174.687,173.814,95.526,18.867,0.0,0.0,0.0,0.0,130.36,1
20240502,14,226.264,220.276,219.175,97.102,23.681,1.164,0.0,0.0,0.0,164.381,1
20240503,14,246.746,243.045,241.83,99.825,25.12,0.0,0.0,0.0,0.0,181.372,1
20240504,14,213.597,210.393,209.341,97.768,22.203,0.0,0.0,0.0,0.0,157.006,1
20240505,14,250.007,242.563,241.35,98.216,25.869,1.5,0.0,0.0,0.0,181.012,1
20240506,14,224.796,219.11,218.014,97.604,23.406,1.045,0.0,0.0,0.0,163.511,1
20240507,14,250.25,237.158,235.972,96.972,26.226,3.788,0.0,0.0,0.0,176.979,1
20240508,14,214.568,207.079,206.043,95.612,22.806,2.021,0.0,0.0,0.0,154.533,1
20240509,14,239.838,234.7,233.527,100.0,24.374,0.652,0.0,0.0,0.0,175.145,1
20240510,14,195.645,191.692,190.733,97.229,20.449,0.529,0.0,0.0,0.0,143.05,1
20240511,14,220.183,213.672,212.603,97.327,22.991,1.48,0.0,0.0,0.0,159.452,1
20240512,14,235.931,229.659,228.51,96.404,24.871,1.176,0.0,0.0,0.0,171.383,1
20240513,14,173.599,170.995,170.14,98.219,17.962,0.0,0.0,0.0,0.0,127.605,1
20240514,14,202.029,196.675,195.691,96.055,21.375,1.168,0.0,0.0,0.0,146.768,1
20240515,14,220.979,217.664,216.576,96.406,23.294,0.0,0.0,0.0,0.0,162.432,1
20240516,14,196.314,191.138,190.182,98.989,20.154,1.154,0.0,0.0,0.0,142.637,1
20240517,14,231.533,223.948,222.828,97.464,24.142,1.803,0.0,0.0,0.0,167.121,1
20240518,14,185.146,182.369,181.457,95.607,19.68,0.0,0.0,0.0,0.0,136.093,1
20240519,14,182.79,177.339,176.453,96.848,19.181,1.504,0.0,0.0,0.0,132.34,1
20240520,14,220.415,212.357,211.295,93.223,24.028,2.188,0.0,0.0,0.0,158.472,1
20240521,14,165.656,156.685,155.901,96.639,17.42,3.975,0.0,0.0,0.0,116.926,1
20240522,14,194.321,190.316,189.364,98.891,19.97,0.57,0.0,0.0,0.0,142.023,1
20240523,14,204.908,197.207,196.221,98.093,21.229,2.292,0.0,0.0,0.0,147.166,1
20240524,14,218.283,215.009,213.934,98.952,22.418,0.0,0.0,0.0,0.0,160.45,1
20240525,14,185.002,181.251,180.344,95.44,19.699,0.536,0.0,0.0,0.0,135.258,1
20240526,14,214.589,211.06,210.005,97.955,22.263,0.147,0.0,0.0,0.0,157.503,1
20240527,14,163.206,158.313,157.521,98.352,16.864,1.521,0.0,0.0,0.0,118.141,1
20240528,14,188.169,181.7,180.792,97.175,19.679,1.967,0.0,0.0,0.0,135.594,1
20240529,14,228.48,221.005,219.9,99.151,23.418,1.799,0.0,0.035,0.0,164.925,1
20240530,14,191.07,188.204,187.263,98.025,19.809,0.0,0.0,0.0,0.0,140.447,1
20240531,14,198.818,191.371,190.414,98.503,20.512,2.28,0.0,0.0,0.0,142.811,1
20240601,14,231.6,225.732,224.604,96.197,24.467,1.049,0.0,0.0,0.0,168.453,1
20240602,14,221.186,217.868,216.778,97.925,22.954,0.0,0.0,0.0,0.0,162.584,1
20240603,14,225.04,219.291,218.194,98.441,23.232,1.071,0.0,0.0,0.0,163.646,1
20240604,14,157.476,150.092,149.342,95.368,16.781,3.237,0.114,0.0,0.0,112.006,1
20240605,14,187.194,181.829,180.92,96.356,19.743,1.387,0.0,0.0,0.0,135.69,1
20240606,14,181.023,174.827,173.953,97.838,18.803,1.952,0.0,0.0,0.0,130.465,1
20240607,14,213.589,209.457,208.41,100.0,21.706,0.441,0.0,0.0,0.0,156.308,1
20240608,14,204.733,198.147,197.156,99.692,20.87,1.743,0.0,0.0,0.0,147.867,1
20240609,14,200.517,197.51,196.522,99.074,20.568,0.0,0.0,0.0,0.0,147.391,1
20240610,14,203.393,199.404,198.407,95.414,21.663,0.468,0.0,0.0,0.0,148.805,1
20240611,14,203.319,198.799,197.805,97.495,21.193,0.734,0.0,0.0,0.0,148.354,1
20240612,14,211.676,206.695,205.661,95.636,22.493,0.866,0.0,0.0,0.0,154.246,1
20240613,14,181.458,176.843,175.959,96.543,19.101,1.059,0.0,0.0,0.0,131.969,1
20240614,14,171.98,168.776,167.933,98.569,17.731,0.369,0.04,0.0,0.0,125.949,1
20240615,14,192.623,188.478,187.536,95.617,20.473,0.662,0.0,0.0,0.0,140.652,1
20240616,14,202.429,199.393,198.396,98.083,20.974,0.0,0.0,0.0,0.0,148.797,1
20240617,14,209.814,205.247,204.221,97.255,21.924,0.687,0.0,0.0,0.0,153.166,1
20240618,14,182.987,180.242,179.341,97.972,18.981,0.0,0.0,0.028,0.0,134.505,1
20240619,14,182.173,177.153,176.267,98.63,18.771,1.275,0.0,0.0,0.0,132.2,1
20240620,14,177.914,170.625,169.772,94.858,19.061,2.637,0.0,0.0,0.0,127.329,1
20240621,14,175.078,170.629,169.775,99.179,17.94,1.057,0.0,0.0,0.0,127.332,1
20240622,14,180.875,178.161,177.271,96.462,19.056,0.0,0.0,0.0,0.0,132.953,1
20240623,14,192.838,189.606,188.658,98.947,19.806,0.179,0.0,0.0,0.0,141.493,1
20240624,14,229.997,225.259,224.133,99.74,23.435,0.569,0.0,0.0,0.0,168.099,1
20240625,14,181.159,177.21,176.324,95.91,19.196,0.69,0.0,0.0,0.0,132.243,1
20240626,14,196.735,192.989,192.024,98.482,20.302,0.41,0.0,0.0,0.0,144.018,1
20240627,14,218.323,214.164,213.093,98.444,22.538,0.411,0.0,0.0,0.0,159.82,1
20240628,14,198.788,195.806,194.827,96.147,21.012,0.0,0.0,0.0,0.0,146.12,1
20240629,14,191.019,183.846,182.927,96.215,20.176,2.29,0.0,0.0,0.0,137.195,1
20240630,14,169.748,164.372,163.55,95.581,18.048,1.692,0.0,0.0,0.0,122.663,1
20240701,14,209.499,201.856,200.847,98.27,21.665,2.181,0.0,0.0,0.0,150.635,1
20240702,14,209.877,203.479,202.461,100.0,21.329,1.572,0.266,0.0,0.0,151.846,1
20240703,14,202.793,197.91,196.92,95.673,21.541,0.922,0.0,0.0,0.0,147.69,1
20240704,14,193.204,186.022,185.091,96.71,20.302,2.251,0.0,0.0,0.0,138.819,1
20240705,14,188.586,183.99,183.07,97.494,19.658,0.951,0.174,0.0,0.0,137.303,1
20240706,14,174.577,166.562,165.729,94.848,18.705,3.139,0.0,0.0,0.0,124.297,1
20240707,14,183.611,178.585,177.692,99.326,18.786,1.256,0.0,0.0,0.0,133.269,1
20240708,14,162.092,156.916,156.131,97.227,16.943,1.719,0.0,0.0,0.0,117.098,1
20240709,14,161.139,156.578,155.795,97.071,16.87,1.351,0.0,0.0,0.0,116.846,1
20240710,14,169.294,162.643,161.83,97.095,17.719,2.466,0.0,0.0,0.0,121.372,1
20240711,14,189.894,183.676,182.757,97.456,19.802,1.802,0.0,0.0,0.0,137.068,1
20240712,14,192.219,186.02,185.09,99.109,19.71,1.751,0.0,0.0,0.0,138.818,1
20240713,14,186.76,182.945,182.03,97.172,19.532,0.551,0.0,0.0,0.0,136.522,1
20240714,14,166.032,158.288,157.497,96.338,17.515,3.212,0.0,0.0,0.0,118.123,1
20240715,14,190.175,185.815,184.886,96.308,20.067,0.804,0.0,0.0,0.0,138.665,1
20240716,14,176.933,172.459,171.597,100.0,17.981,1.044,0.0,0.0,0.0,128.698,1
20240717,14,174.269,168.599,167.756,94.591,18.723,1.78,0.234,0.0,0.0,125.817,1
20240718,14,200.182,192.305,191.343,94.431,21.544,2.472,0.0,0.0,0.0,143.507,1
20240719,14,157.712,149.754,149.005,97.632,16.416,3.6,0.0,0.0,0.0,111.754,1
20240720,14,197.28,192.605,191.642,95.22,21.055,0.883,0.0,0.0,0.0,143.732,1
20240721,14,187.912,183.689,182.77,96.338,19.823,0.759,0.0,0.0,0.0,137.078,1
20240722,14,198.369,190.554,189.601,97.945,20.582,2.476,0.0,0.0,0.0,142.201,1
20240723,14,183.822,181.064,180.159,97.113,19.236,0.0,0.0,0.0,0.0,135.119,1
20240724,14,212.039,202.065,201.055,100.0,21.549,3.253,0.0,0.044,0.0,150.791,1
20240725,14,201.927,196.728,195.744,98.321,20.872,1.091,0.0,0.0,0.0,146.808,1
20240726,14,187.837,184.467,183.544,97.183,19.642,0.299,0.0,0.0,0.0,137.658,1
20240727,14,169.905,163.412,162.595,96.961,17.808,2.356,0.0,0.0,0.0,121.946,1
20240728,14,206.071,202.721,201.707,97.111,21.565,0.128,0.0,0.0,0.0,151.281,1
20240729,14,182.201,178.473,177.58,96.081,19.272,0.555,0.0,0.0,0.0,133.185,1
20240730,14,194.94,189.4,188.453,95.652,20.712,1.362,0.0,0.0,0.0,141.34,1
20240731,14,196.672,193.722,192.753,93.406,21.398,0.0,0.0,0.0,0.0,144.565,1
20240801,14,152.65,145.607,144.879,96.666,16.048,3.161,0.0,0.0,0.0,108.659,1
20240802,14,184.429,179.802,178.903,97.66,19.192,1.024,0.0,0.0,0.0,134.177,1
20240803,14,158.701,154.427,153.655,96.214,16.763,1.212,0.0,0.0,0.0,115.241,1
20240804,14,156.815,152.394,151.632,94.767,16.816,1.339,0.0,0.0,0.0,113.724,1
20240805,14,182.988,177.282,176.396,97.394,19.094,1.643,0.0,0.0,0.0,132.297,1
20240806,14,169.072,166.535,165.703,96.673,17.773,0.0,0.0,0.0,0.0,124.277,1
20240807,14,213.633,210.428,209.376,96.33,22.538,0.0,0.0,0.0,0.0,157.032,1
20240808,14,196.416,193.47,192.503,97.029,20.572,0.0,0.0,0.0,0.0,144.377,1
20240809,14,174.937,167.2,166.364,98.021,18.137,2.967,0.0,0.0,0.0,124.773,1
20240810,14,177.636,170.515,169.662,96.638,18.68,2.547,0.0,0.0,0.0,127.247,1
20240811,14,164.472,158.286,157.495,98.794,16.919,2.295,0.0,0.0,0.0,118.121,1
20240812,14,174.67,169.365,168.518,96.253,18.442,1.561,0.0,0.0,0.0,126.389,1
20240813,14,195.098,187.968,187.029,97.399,20.357,2.187,0.37,0.015,0.0,140.271,1
20240814,14,196.506,192.035,191.075,98.177,20.341,0.787,0.0,0.0,0.0,143.306,1
20240815,14,178.365,173.278,172.412,97.367,18.617,1.373,0.0,0.0,0.0,129.309,1
20240816,14,194.113,190.819,189.865,95.843,20.583,0.2,0.0,0.0,0.0,142.399,1
20240817,14,194.018,188.294,187.352,97.577,20.207,1.473,0.0,0.0,0.0,140.514,1
20240818,14,169.986,163.935,163.115,98.274,17.578,2.091,0.0,0.0,0.0,122.337,1
20240819,14,168.33,165.057,164.232,96.968,17.642,0.451,0.0,0.0,0.0,123.174,1
20240820,14,171.318,167.828,166.989,96.36,18.068,0.546,0.0,0.0,0.0,125.242,1
20240821,14,165.59,160.44,159.638,97.066,17.337,1.635,0.0,0.0,0.0,119.728,1
20240822,14,221.539,218.216,217.125,98.472,22.864,0.0,0.0,0.0,0.0,162.844,1
20240823,14,179.582,175.961,175.081,95.088,19.193,0.524,0.0,0.0,0.0,131.311,1
20240824,14,197.919,192.688,191.724,96.587,20.824,1.16,0.0,0.0,0.0,143.793,1
20240825,14,199.615,191.794,190.835,98.766,20.539,2.455,0.0,0.0,0.0,143.126,1
20240826,14,189.532,183.951,183.031,99.024,19.451,1.467,0.0,0.0,0.0,137.273,1
20240827,14,200.342,195.458,194.481,96.235,21.157,0.952,0.0,0.0,0.0,145.86,1
20240828,14,193.569,190.665,189.712,99.982,19.675,0.0,0.0,0.0,0.0,142.284,1
20240829,14,178.021,175.35,174.474,98.814,18.309,0.0,0.0,0.0,0.0,130.855,1
20240830,14,177.883,175.215,174.339,96.158,18.8,0.0,0.0,0.0,0.0,130.754,1
20240831,14,213.866,210.289,209.237,98.241,22.123,0.175,0.0,0.0,0.0,156.928,1
20240901,14,223.326,219.831,218.732,97.348,23.314,0.066,0.0,0.0,0.0,164.049,1
20240902,14,236.938,227.363,226.226,97.459,24.707,2.58,0.0,0.0,0.0,169.669,1
20240903,14,224.21,218.369,217.277,97.737,23.313,1.122,0.0,0.0,0.0,162.958,1
20240904,14,188.492,181.785,180.876,96.025,19.949,2.09,0.0,0.0,0.0,135.657,1
20240905,14,199.725,195.315,194.338,96.525,21.028,0.719,0.0,0.0,0.0,145.754,1
20240906,14,211.176,203.796,202.777,98.269,21.839,2.025,0.0,0.0,0.0,152.083,1
20240907,14,185.547,175.728,174.849,98.147,19.212,3.85,0.0,0.0,0.0,131.137,1
20240908,14,193.998,187.514,186.576,94.923,20.77,1.87,0.0,0.0,0.0,139.932,1
20240909,14,220.961,217.205,216.119,97.704,22.983,0.203,0.0,0.0,0.0,162.089,1
20240910,14,201.316,192.832,191.867,96.821,21.131,2.756,0.0,0.0,0.0,143.901,1
20240911,14,188.487,185.291,184.364,97.124,19.722,0.199,0.0,0.0,0.0,138.273,1
20240912,14,203.707,199.362,198.365,96.843,21.377,0.643,0.0,0.0,0.0,148.774,1
20240913,14,209.212,205.734,204.705,97.585,21.787,0.165,0.0,0.0,0.0,153.529,1
20240914,14,229.251,225.813,224.684,96.79,24.071,0.0,0.0,0.0,0.0,168.513,1
20240915,14,196.133,193.191,192.226,98.095,20.319,0.0,0.0,0.0,0.0,144.169,1
20240916,14,187.563,183.122,182.206,95.269,20.008,0.881,0.0,0.0,0.0,136.655,1
20240917,14,175.951,172.401,171.539,95.702,18.684,0.526,0.0,0.0,0.0,128.654,1
20240918,14,206.804,203.702,202.684,96.881,21.693,0.0,0.0,0.0,0.0,152.013,1
20240919,14,195.348,189.401,188.454,97.635,20.333,1.568,0.536,0.0,0.0,141.34,1
20240920,14,199.483,193.486,192.518,100.0,20.273,1.529,0.0,0.0,0.0,144.389,1
20240921,14,214.736,206.646,205.613,96.93,22.514,2.302,0.0,0.0,0.0,154.21,1
20240922,14,214.757,208.858,207.814,100.0,21.825,1.266,0.0,0.0,0.0,155.86,1
20240923,14,206.926,201.233,200.227,96.688,21.749,1.27,0.0,0.0,0.0,150.17,1
20240924,14,250.675,242.638,241.425,98.418,25.885,1.732,0.0,0.0,0.0,181.069,1
20240925,14,252.553,244.166,242.945,100.0,25.666,1.849,0.0,0.0,0.0,182.209,1
20240926,14,208.253,203.736,202.717,98.968,21.385,0.679,0.0,0.0,0.0,152.038,1
20240927,14,215.509,212.276,211.215,97.745,22.407,0.0,0.0,0.0,0.0,158.411,1
20240928,14,206.671,197.623,196.635,96.591,21.744,2.922,0.0,0.0,0.0,147.476,1
20240929,14,239.399,235.158,233.983,96.646,25.174,0.275,0.0,0.0,0.0,175.487,1
20240930,14,204.92,196.933,195.949,98.062,21.237,2.434,0.0,0.0,0.0,146.962,1
20241001,14,241.781,238.154,236.963,96.898,25.358,0.0,0.0,0.396,0.0,177.722,1
20241002,14,252.553,244.0,242.78,99.357,25.832,1.916,0.0,0.0,0.0,182.085,1
20241003,14,201.131,194.617,193.644,97.581,20.947,1.765,0.0,0.0,0.0,145.233,1
20241004,14,225.73,222.344,221.232,98.441,23.303,0.0,0.0,0.0,0.0,165.924,1
20241005,14,193.573,185.886,184.957,98.746,19.922,2.509,0.0,0.0,0.0,138.717,1
20241006,14,218.733,215.208,214.132,98.946,22.466,0.113,0.0,0.0,0.0,160.599,1
20241007,14,235.507,231.975,230.815,97.19,24.626,0.0,0.0,0.0,0.0,173.111,1
20241008,14,213.668,206.273,205.242,95.197,22.81,1.991,0.0,0.0,0.0,153.932,1
20241009,14,217.195,211.839,210.78,95.052,23.222,0.981,0.0,0.0,0.0,158.085,1
20241010,14,221.654,218.329,217.237,94.668,23.794,0.0,0.0,0.0,0.0,162.928,1
20241011,14,237.32,230.033,228.882,96.759,24.926,1.595,0.0,0.0,0.0,171.662,1
20241012,14,196.203,189.006,188.061,96.924,20.572,2.201,0.0,0.0,0.0,141.045,1
20241013,14,231.424,225.449,224.321,96.018,24.494,1.098,0.0,0.0,0.0,168.241,1
20241014,14,199.197,191.792,190.833,98.932,20.462,2.251,0.0,0.0,0.0,143.125,1
20241015,14,282.803,273.347,271.98,97.125,29.591,1.872,0.0,0.0,0.0,203.985,1
20241016,14,224.844,221.472,220.364,95.725,23.87,0.0,0.0,0.0,0.0,165.273,1
20241017,14,199.191,194.119,193.149,100.0,20.243,1.062,0.0,0.0,0.0,144.862,1
20241018,14,244.709,241.038,239.833,95.922,25.926,0.0,0.0,0.0,0.0,179.875,1
20241019,14,229.566,226.123,224.992,96.881,24.081,0.0,0.0,0.0,0.0,168.744,1
20241020,14,265.388,258.371,257.079,99.843,27.013,1.162,0.0,0.0,0.0,192.809,1
20241021,14,230.131,226.612,225.479,95.557,24.475,0.03,0.0,0.0,0.0,169.109,1
20241022,14,216.638,209.197,208.151,96.738,22.759,1.964,0.0,0.0,0.0,156.113,1
20241023,14,248.807,244.618,243.395,98.914,25.563,0.186,0.0,0.0,0.0,182.547,1
20241024,14,230.923,225.011,223.886,97.015,24.19,1.076,0.0,0.0,0.0,167.914,1
20241025,14,220.53,217.222,216.135,96.842,23.142,0.0,0.0,0.0,0.0,162.102,1
20241026,14,223.537,220.184,219.083,95.91,23.686,0.0,0.0,0.0,0.0,164.312,1
20241027,14,243.641,239.95,238.751,96.379,25.69,0.015,0.0,0.0,0.0,179.063,1
20241028,14,236.453,230.175,229.025,96.343,24.942,1.172,0.0,0.0,0.0,171.768,1
20241029,14,213.786,207.663,206.625,98.625,22.029,1.385,0.0,0.0,0.0,154.968,1
20241030,14,262.86,256.109,254.828,100.0,26.713,1.085,0.0,0.086,0.0,191.121,1
20241031,14,257.903,248.955,247.71,96.177,27.251,2.0,0.0,0.0,0.0,185.782,1
20241101,14,269.9,263.938,262.618,98.709,27.787,0.72,0.0,0.0,0.0,196.963,1
20241102,14,217.682,212.208,211.147,97.875,22.603,1.03,0.0,0.0,0.0,158.36,1
20241103,14,250.085,241.303,240.097,97.931,25.952,2.042,0.465,0.0,0.0,180.072,1
20241104,14,243.783,233.745,232.577,98.464,25.161,2.657,0.0,0.0,0.0,174.433,1
20241105,14,240.453,232.562,231.399,96.217,25.397,1.809,0.0,0.0,0.0,173.549,1
20241106,14,225.833,222.445,221.333,99.306,23.111,0.0,0.0,0.0,0.0,166.0,1
20241107,14,214.979,211.754,210.696,97.38,22.435,0.0,0.0,0.0,0.0,158.022,1
20241108,14,232.852,229.36,228.213,98.756,23.962,0.0,0.0,0.0,0.0,171.16,1
20241109,14,273.853,262.244,260.933,96.773,28.759,2.781,0.0,0.0,0.0,195.7,1
20241110,14,247.549,237.828,236.639,96.774,25.996,2.464,0.771,0.0,0.0,177.479,1
20241111,14,261.368,254.262,252.99,96.883,27.416,1.238,0.0,0.0,0.0,189.743,1
20241112,14,237.232,229.204,228.058,96.29,25.038,1.913,0.0,0.0,0.0,171.044,1
20241113,14,319.052,307.916,306.376,98.277,32.992,2.021,0.0,0.0,0.0,229.782,1
20241114,14,290.84,286.477,285.045,99.57,29.685,0.0,0.0,0.316,0.0,213.784,1
20241115,14,290.169,278.83,277.436,96.072,30.695,2.445,0.0,0.0,0.0,208.077,1
20241116,14,311.903,307.224,305.688,99.079,31.992,0.0,0.0,0.0,0.0,229.266,1
20241117,14,251.092,246.711,245.477,96.866,26.343,0.248,0.0,0.0,0.0,184.108,1
20241118,14,273.392,267.169,265.833,99.262,27.99,0.788,0.0,0.0,0.0,199.375,1
20241119,14,275.243,270.757,269.404,98.012,28.539,0.132,0.0,0.0,0.0,202.053,1
20241120,14,203.277,200.228,199.227,97.311,21.229,0.0,0.0,0.0,0.0,149.42,1
20241121,14,272.841,265.6,264.272,98.104,28.264,1.172,0.0,0.0,0.0,198.204,1
20241122,14,261.447,255.703,254.425,98.175,27.064,0.707,0.0,0.0,0.0,190.818,1
20241123,14,250.037,244.14,242.92,96.656,26.289,0.871,0.0,0.0,0.0,182.19,1
20241124,14,285.473,280.632,279.229,98.804,29.363,0.199,0.0,0.0,0.0,209.422,1
20241125,14,214.619,208.48,207.437,93.893,23.23,1.381,0.0,0.0,0.0,155.578,1
20241126,14,282.527,276.599,275.216,97.436,29.468,0.607,0.0,0.0,0.0,206.412,1
20241127,14,226.008,222.618,221.505,98.937,23.215,0.0,0.0,0.0,0.0,166.129,1
20241128,14,216.459,209.921,208.871,96.096,22.892,1.544,0.0,0.0,0.0,156.653,1
20241129,14,269.755,256.191,254.91,98.782,27.752,3.582,0.0,0.0,0.0,191.182,1
20241130,14,234.172,226.805,225.671,97.119,24.504,1.671,0.0,0.0,0.0,169.253,1
20241201,14,216.536,208.763,207.719,96.331,22.844,2.122,0.0,0.0,0.0,155.789,1
20241202,14,230.211,225.364,224.238,97.602,23.97,0.614,0.0,0.0,0.0,168.178,1
20241203,14,276.189,272.046,270.686,96.15,29.192,0.0,0.0,0.0,0.0,203.014,1
20241204,14,269.407,260.194,258.893,96.03,28.511,1.949,0.0,0.0,0.0,194.169,1
20241205,14,234.956,228.711,227.567,98.28,24.296,1.176,0.0,0.0,0.0,170.675,1
20241206,14,223.699,216.65,215.566,96.43,23.575,1.676,0.0,0.0,0.0,161.675,1
20241207,14,247.465,243.753,242.534,97.326,25.84,0.0,0.0,0.0,0.0,181.901,1
20241208,14,253.691,249.886,248.637,95.553,26.982,0.0,0.0,0.0,0.0,186.477,1
20241209,14,292.301,284.593,283.17,99.947,29.721,1.154,0.0,0.0,0.0,212.378,1
20241210,14,259.968,246.374,245.142,100.0,26.42,3.786,0.0,0.0,0.0,183.856,1
20241211,14,304.081,298.582,297.089,97.318,31.754,0.313,0.0,0.0,0.0,222.817,1
20241212,14,260.241,255.185,253.909,95.981,27.555,0.45,0.0,0.0,0.0,190.431,1
20241213,14,285.842,277.571,276.183,97.482,29.799,1.415,0.0,0.0,0.0,207.138,1
20241214,14,268.667,264.637,263.314,100.0,27.304,0.0,0.0,0.0,0.0,197.486,1
20241215,14,270.393,266.337,265.005,100.0,27.479,0.0,0.0,0.0,0.0,198.754,1
20241216,14,314.38,307.128,305.592,97.633,32.724,0.819,0.0,0.0,0.0,229.194,1
20241217,14,305.958,301.368,299.861,96.45,32.238,0.0,0.0,0.0,0.0,224.896,1
20241218,14,245.994,238.76,237.566,97.509,25.638,1.463,0.0,0.0,0.0,178.175,1
20241219,14,220.691,209.347,208.301,98.671,22.73,3.696,0.0,0.0,0.0,156.225,1
20241220,14,267.525,254.366,253.094,96.533,28.164,3.471,0.0,0.0,0.0,189.821,1
20241221,14,257.228,250.408,249.156,96.56,27.072,1.169,0.0,0.477,0.0,186.867,1
20241222,14,257.866,251.291,250.035,93.112,28.144,1.066,0.0,0.0,0.0,187.526,1
20241223,14,289.303,282.196,280.785,97.557,30.137,0.971,0.0,0.0,0.0,210.589,1
20241224,14,292.249,287.465,286.027,97.08,30.594,0.139,0.0,0.0,0.0,214.521,1
20241225,14,260.97,251.536,250.278,98.148,27.022,2.147,0.0,0.0,0.0,187.708,1
20241226,14,273.213,269.115,267.769,98.652,28.145,0.0,0.0,0.0,0.0,200.827,1
20241227,14,239.826,236.229,235.048,96.191,25.338,0.0,0.0,0.0,0.0,176.286,1
20241228,14,290.857,279.526,278.129,98.816,29.913,2.432,0.0,0.0,0.0,208.597,1
20241229,14,292.562,278.382,276.99,98.342,30.233,3.398,0.0,0.0,0.0,207.743,1
20241230,14,320.575,307.416,305.878,97.428,33.439,2.645,0.0,0.0,0.0,229.409,1
20241231,14,296.999,283.887,282.468,98.018,30.793,2.959,0.0,0.0,0.0,211.851,1
20250101,14,292.237,285.818,284.389,100.0,29.699,0.707,0.0,0.0,0.0,213.292,1
20250102,14,259.002,253.074,251.808,98.787,26.645,0.801,0.0,0.0,0.0,188.856,1
20250103,14,293.893,283.856,282.437,99.421,30.041,1.944,0.0,0.0,0.0,211.828,1
20250104,14,240.373,236.767,235.583,96.597,25.289,0.0,0.0,0.0,0.0,176.687,1
20250105,14,239.667,225.473,224.346,96.143,25.334,4.49,0.19,0.0,0.0,168.26,1
20250106,14,256.921,252.498,251.236,95.506,27.338,0.225,0.0,0.0,0.0,188.427,1
20250107,14,283.682,275.66,274.282,96.491,29.878,1.348,0.0,0.0,0.0,205.711,1
20250108,14,290.569,284.356,282.934,96.717,30.532,0.648,0.0,0.0,0.0,212.201,1
20250109,14,251.952,243.47,242.253,96.881,26.429,1.895,0.0,0.0,0.0,181.69,1
20250110,14,218.295,212.882,211.817,100.0,22.184,0.995,0.0,0.0,0.0,158.863,1
20250111,14,230.147,226.695,225.562,95.514,24.487,0.0,0.0,0.0,0.0,169.171,1
20250112,14,258.659,250.457,249.204,95.423,27.547,1.696,0.0,0.0,0.0,186.903,1
20250113,14,260.464,250.04,248.79,97.933,27.029,2.54,0.0,0.0,0.0,186.593,1
20250114,14,298.141,293.587,292.119,97.342,31.126,0.028,0.0,0.0,0.0,219.089,1
20250115,14,234.43,229.572,228.424,98.86,24.099,0.581,0.0,0.0,0.0,171.318,1
20250116,14,281.978,275.526,274.148,96.751,29.619,0.8,0.0,0.0,0.0,205.611,1
20250117,14,255.762,249.318,248.072,98.092,26.498,1.035,0.189,0.0,0.0,186.054,1
20250118,14,292.997,288.602,287.159,95.357,31.226,0.0,0.0,0.0,0.0,215.37,1
20250119,14,253.057,248.468,247.226,96.976,26.519,0.318,0.0,0.0,0.0,185.42,1
20250120,14,253.364,247.618,246.38,99.016,26.004,0.779,0.0,0.0,0.0,184.785,1
20250121,14,327.084,312.342,310.78,95.904,34.66,3.053,0.0,0.0,0.0,233.085,1
20250122,14,261.863,253.334,252.067,95.965,27.731,1.784,0.0,0.0,0.0,189.05,1
20250123,14,244.424,235.532,234.355,96.653,25.7,2.17,0.0,0.0,0.0,175.766,1
20250124,14,278.722,268.79,267.446,99.085,28.587,2.095,0.0,0.0,0.0,200.585,1
20250125,14,257.481,251.138,249.883,99.815,26.215,0.978,0.0,0.0,0.0,187.412,1
20250126,14,278.389,274.213,272.842,97.241,29.094,0.0,0.0,0.0,0.0,204.632,1
20250127,14,271.313,264.178,262.857,98.629,27.956,1.147,0.0,0.0,0.0,197.143,1
20250128,14,248.014,242.155,240.945,94.042,26.801,0.875,0.0,0.0,0.0,180.708,1
20250129,14,271.032,262.702,261.389,99.16,27.777,1.597,0.0,0.0,0.0,196.042,1
20250130,14,252.408,247.824,246.584,96.425,26.602,0.321,0.0,0.0,0.0,184.938,1
20250131,14,286.409,281.416,280.009,97.427,29.875,0.247,0.0,0.0,0.0,210.007,1
20250201,14,269.414,265.116,263.791,98.155,27.894,0.097,0.0,0.0,0.0,197.843,1
20250202,14,295.139,285.858,284.429,100.0,29.994,1.67,0.0,0.0,0.0,213.322,1
20250203,14,214.978,210.515,209.463,96.577,22.622,0.584,0.0,0.0,0.0,157.097,1
20250204,14,201.999,198.969,197.974,97.769,20.997,0.0,0.0,0.0,0.0,148.481,1
20250205,14,315.813,308.617,307.073,100.0,32.095,0.791,0.0,0.0,0.0,230.305,1
20250206,14,285.275,276.156,274.775,97.635,29.694,1.723,0.0,0.0,0.0,206.081,1
20250207,14,281.785,272.67,271.307,96.393,29.708,1.761,0.0,0.0,0.0,203.48,1
20250208,14,229.145,219.662,218.564,97.157,23.968,2.678,0.034,0.0,0.0,163.923,1
20250209,14,290.689,284.531,283.109,100.0,29.542,0.628,0.0,0.0,0.0,212.332,1
20250210,14,262.563,256.703,255.419,98.071,27.208,0.743,0.0,0.0,0.0,191.565,1
20250211,14,287.467,280.554,279.151,93.639,31.199,0.919,0.0,0.0,0.0,209.363,1
20250212,14,282.988,272.553,271.19,98.942,29.067,2.221,0.0,0.0,0.0,203.392,1
20250213,14,270.73,262.042,260.732,95.834,28.709,1.735,0.0,0.0,0.0,195.549,1
20250214,14,256.513,249.294,248.047,96.577,26.992,1.335,0.0,0.0,0.0,186.036,1
20250215,14,260.017,251.819,250.56,97.229,27.178,1.678,0.0,0.0,0.0,187.92,1
20250216,14,312.682,305.182,303.656,99.593,31.906,0.912,0.0,0.0,0.0,227.742,1
20250217,14,245.884,242.196,240.985,100.0,24.988,0.0,0.0,0.0,0.0,180.739,1
20250218,14,241.268,231.456,230.299,97.684,25.1,2.606,0.0,0.0,0.0,172.724,1
20250219,14,264.511,257.257,255.971,96.772,27.778,1.261,0.0,0.0,0.0,191.978,1
20250220,14,239.634,230.314,229.162,98.136,24.816,2.426,0.0,0.0,0.0,171.872,1
20250221,14,207.235,204.127,203.106,98.036,21.483,0.0,0.0,0.0,0.0,152.33,1
20250222,14,298.747,290.025,288.574,99.262,30.586,1.441,0.0,0.0,0.0,216.431,1
20250223,14,267.974,258.426,257.134,94.939,28.685,2.094,0.0,0.0,0.0,192.851,1
20250224,14,255.456,246.351,245.119,99.376,26.124,2.096,0.0,0.0,0.0,183.839,1
20250225,14,267.73,257.772,256.483,95.727,28.423,2.253,0.0,0.0,0.0,192.362,1
20250226,14,255.603,250.161,248.91,96.875,26.814,0.639,0.0,0.0,0.0,186.682,1
20250227,14,283.68,272.568,271.205,98.619,29.233,2.454,0.0,0.0,0.0,203.404,1
20250228,14,238.68,234.084,232.914,95.586,25.376,0.432,0.0,0.0,0.0,174.685,1
20250301,14,272.028,267.948,266.608,98.579,28.044,0.0,0.0,0.0,0.0,199.956,1
20250302,14,284.124,269.593,268.245,96.291,29.987,3.669,0.0,0.614,0.0,201.183,1
20250303,14,244.845,239.84,238.641,95.483,26.06,0.552,0.0,0.0,0.0,178.981,1
20250304,14,230.554,225.685,224.557,96.714,24.226,0.621,0.0,0.0,0.0,168.417,1
20250305,14,250.956,247.191,245.955,97.257,26.223,0.0,0.0,0.0,0.0,184.467,1
20250306,14,263.162,252.508,251.246,96.957,27.584,2.587,0.0,0.0,0.0,188.434,1
20250307,14,281.112,276.702,275.318,97.646,29.257,0.07,0.0,0.0,0.0,206.489,1
20250308,14,259.528,251.388,250.131,97.55,27.037,1.661,0.0,0.0,0.0,187.598,1
20250309,14,190.252,183.842,182.922,97.664,19.797,1.898,0.0,0.0,0.0,137.192,1
20250310,14,250.781,245.772,244.543,97.402,26.166,0.505,0.0,0.0,0.0,183.407,1
20250311,14,291.53,287.157,285.721,99.634,29.736,0.0,0.0,0.0,0.0,214.291,1
20250312,14,269.344,263.93,262.61,98.382,27.823,0.518,0.0,0.0,0.0,196.958,1
20250313,14,203.394,196.918,195.933,96.754,21.364,1.709,0.0,0.0,0.0,146.95,1
20250314,14,274.719,270.379,269.027,96.24,29.009,0.081,0.0,0.0,0.0,201.771,1
20250315,14,269.076,261.31,260.003,99.443,27.498,1.407,0.0,0.0,0.0,195.003,1
20250316,14,237.872,228.042,226.901,97.772,24.725,2.673,0.0,0.0,0.0,170.176,1
20250317,14,246.086,238.866,237.671,95.026,26.318,1.456,0.0,0.0,0.0,178.253,1
20250318,14,274.841,266.842,265.507,96.712,28.88,1.432,0.0,0.0,0.0,199.131,1
20250319,14,254.994,247.773,246.534,97.11,26.685,1.352,0.0,0.0,0.0,184.9,1
20250320,14,263.98,256.415,255.133,96.687,27.746,1.386,0.0,0.0,0.0,191.35,1
20250321,14,290.067,281.008,279.603,96.585,30.521,1.648,0.0,0.0,0.0,209.702,1
20250322,14,221.159,207.004,205.969,96.91,23.192,4.975,0.0,0.0,0.0,154.477,1
20250323,14,236.074,232.533,231.37,98.411,24.379,0.0,0.0,0.0,0.0,173.528,1
20250324,14,243.692,240.037,238.837,94.744,26.14,0.0,0.0,0.0,0.0,179.128,1
20250325,14,232.926,225.607,224.479,100.0,23.671,1.667,0.0,0.0,0.0,168.359,1
20250326,14,225.368,218.45,217.357,93.426,24.515,1.594,0.0,0.0,0.0,163.018,1
20250327,14,277.566,271.917,270.558,95.956,29.397,0.543,0.0,0.0,0.0,202.918,1
20250328,14,246.137,238.156,236.965,95.828,26.103,1.769,0.0,0.0,0.0,177.724,1
20250329,14,240.76,237.122,235.936,97.7,25.043,0.011,0.0,0.0,0.0,176.952,1
20250330,14,238.08,233.27,232.104,96.971,24.951,0.528,0.0,0.0,0.0,174.078,1
20250331,14,222.306,218.971,217.877,98.632,22.905,0.0,0.0,0.0,0.0,163.407,1
20250401,14,227.237,223.38,222.263,98.088,23.543,0.2,0.0,0.0,0.0,166.697,1
20250402,14,291.893,285.641,284.213,96.942,30.6,0.651,0.0,0.0,0.0,213.16,1
20250403,14,264.308,258.958,257.663,94.989,28.277,0.532,0.0,0.0,0.0,193.248,1
20250404,14,230.983,224.967,223.842,97.124,24.169,1.121,0.0,0.0,0.0,167.881,1
20250405,14,226.226,221.345,220.238,100.0,22.99,0.667,0.0,0.0,0.0,165.179,1
20250406,14,259.153,251.361,250.104,97.949,26.888,1.529,0.0,0.0,0.0,187.578,1
20250407,14,277.948,270.35,268.998,97.621,28.935,1.253,0.0,0.0,0.0,201.748,1
20250408,14,221.309,209.446,208.399,96.388,23.334,3.919,0.0,0.0,0.0,156.299,1
20250409,14,247.293,238.783,237.589,97.675,25.73,1.971,0.0,0.0,0.0,178.192,1
20250410,14,263.776,258.236,256.945,99.036,27.067,0.609,0.0,0.0,0.0,192.709,1
20250411,14,225.477,217.933,216.843,95.827,23.912,1.874,0.0,0.0,0.0,162.632,1
20250412,14,240.83,237.217,236.031,99.009,24.72,0.0,0.0,0.0,0.0,177.023,1
20250413,14,225.31,220.696,219.593,97.559,23.47,0.556,0.0,0.0,0.0,164.695,1
20250414,14,209.058,205.922,204.893,95.951,22.142,0.0,0.0,0.0,0.0,153.67,1
20250415,14,232.667,223.462,222.344,98.683,23.961,2.494,0.0,0.0,0.0,166.758,1
20250416,14,237.768,232.142,230.981,96.756,24.973,0.879,0.0,0.0,0.0,173.236,1
20250417,14,240.419,234.484,233.312,97.048,25.176,0.983,0.0,0.0,0.0,174.984,1
20250418,14,226.344,221.361,220.254,94.541,24.331,0.712,0.0,0.0,0.0,165.191,1
20250419,14,234.653,231.133,229.977,97.009,24.582,0.0,0.0,0.0,0.0,172.483,1
20250420,14,255.548,251.715,250.457,97.875,26.534,0.0,0.0,0.0,0.0,187.842,1
20250421,14,233.8,227.141,226.005,98.477,24.128,1.369,0.0,0.0,0.0,169.504,1
20250422,14,256.969,247.27,246.033,99.136,26.342,2.309,0.0,0.0,0.0,184.525,1
20250423,14,251.328,247.501,246.264,97.631,26.161,0.023,0.0,0.0,0.0,184.698,1
20250424,14,231.499,224.844,223.72,96.588,24.357,1.396,0.0,0.0,0.0,167.79,1
20250425,14,224.831,218.921,217.827,98.299,23.244,1.146,0.0,0.0,0.0,163.37,1
20250426,14,213.947,208.381,207.34,97.791,22.234,1.118,0.0,0.0,0.0,155.505,1
20250427,14,240.152,232.594,231.431,96.072,25.404,1.672,0.0,0.0,0.0,173.573,1
20250428,14,189.741,184.057,183.137,94.937,20.311,1.519,0.0,0.0,0.0,137.353,1
20250429,14,200.469,195.187,194.211,94.871,21.474,1.152,0.0,0.0,0.0,145.658,1
20250430,14,219.75,214.118,213.047,97.189,22.978,1.079,0.0,0.0,0.0,159.786,1
20250501,14,224.915,218.44,217.348,96.752,23.625,1.4,0.0,0.0,0.0,163.011,1
20250502,14,228.889,221.882,220.773,98.817,23.54,1.585,0.0,0.0,0.0,165.579,1
20250503,14,225.001,217.555,216.467,97.859,23.366,1.837,0.0,0.0,0.0,162.351,1
20250504,14,267.659,258.517,257.224,98.038,27.745,1.945,0.0,0.0,0.0,192.918,1
20250505,14,198.213,189.121,188.175,96.033,20.976,3.134,0.0,0.0,0.0,141.131,1
20250506,14,206.28,199.488,198.49,98.814,21.215,1.82,0.0,0.0,0.0,148.868,1
20250507,14,186.008,181.586,180.678,100.0,18.903,0.891,0.0,0.0,0.0,135.509,1
20250508,14,227.283,222.323,221.212,98.899,23.355,0.693,0.0,0.0,0.0,165.909,1
20250509,14,217.02,212.382,211.32,97.256,22.677,0.647,0.0,0.0,0.0,158.49,1
20250510,14,202.217,199.184,198.188,98.909,20.777,0.0,0.0,0.0,0.0,148.641,1
20250511,14,187.788,181.086,180.181,97.454,19.583,2.101,0.0,0.0,0.0,135.136,1
20250512,14,251.619,247.844,246.605,97.802,26.146,0.0,0.0,0.0,0.0,184.954,1
20250513,14,202.981,199.936,198.936,97.312,21.198,0.0,0.0,0.0,0.0,149.202,1
20250514,14,226.637,216.494,215.411,96.361,23.902,3.021,0.0,0.0,0.0,161.558,1
20250515,14,233.189,224.746,223.622,98.03,24.174,2.153,0.0,0.0,0.0,167.717,1
20250516,14,211.444,203.125,202.11,96.543,22.258,2.471,0.0,0.0,0.0,151.582,1
20250517,14,223.308,212.837,211.773,96.562,23.502,3.238,0.0,0.0,0.0,158.83,1
20250518,14,234.683,227.037,225.902,98.879,24.12,1.785,0.0,0.0,0.0,169.427,1
20250519,14,239.115,234.622,233.449,98.2,24.746,0.385,0.0,0.0,0.0,175.087,1
20250520,14,202.942,192.287,191.326,96.789,21.308,3.807,0.0,0.0,0.0,143.494,1
20250521,14,216.327,210.791,209.737,100.0,21.984,1.075,0.0,0.0,0.0,157.303,1
20250522,14,206.123,200.574,199.571,98.055,21.363,1.21,0.0,0.0,0.0,149.678,1
20250523,14,219.834,213.833,212.764,99.42,22.471,1.249,0.0,0.0,0.0,159.573,1
20250524,14,223.444,217.423,216.336,96.779,23.463,1.212,0.0,0.0,0.0,162.252,1
20250525,14,198.648,193.745,192.776,98.208,20.556,0.983,0.0,0.0,0.0,144.582,1
20250526,14,192.999,189.687,188.739,95.993,20.432,0.219,0.0,0.0,0.0,141.554,1
20250527,14,175.678,171.519,170.661,97.011,18.404,0.88,0.0,0.0,0.0,127.996,1
20250528,14,198.318,194.66,193.687,95.146,21.182,0.35,0.0,0.0,0.0,145.265,1
20250529,14,211.856,208.678,207.635,96.739,22.256,0.0,0.0,0.0,0.0,155.726,1
20250530,14,191.339,187.965,187.025,98.163,19.809,0.267,0.0,0.0,0.0,140.269,1
20250531,14,214.079,209.407,208.36,96.417,22.564,0.692,0.0,0.0,0.0,156.27,1
20250601,14,192.698,189.353,188.407,97.94,19.995,0.239,0.0,0.0,0.0,141.305,1
20250602,14,206.505,201.095,200.089,97.954,21.425,1.137,0.0,0.0,0.0,150.067,1
20250603,14,210.058,199.216,198.219,96.531,22.115,3.717,0.439,0.0,0.0,148.665,1
20250604,14,210.949,202.419,201.407,100.0,21.438,2.582,0.0,0.0,0.0,151.055,1
20250605,14,206.38,195.421,194.444,97.865,21.431,3.868,0.0,0.0,0.0,145.833,1
20250606,14,200.228,192.039,191.078,95.461,21.316,2.629,0.0,0.0,0.0,143.309,1
20250607,14,196.907,192.549,191.587,98.264,20.364,0.724,0.0,0.0,0.0,143.69,1
20250608,14,200.576,195.914,194.935,97.911,20.819,0.837,0.0,0.0,0.0,146.201,1
20250609,14,203.997,197.778,196.789,99.583,20.818,1.572,0.0,0.0,0.0,147.592,1
20250610,14,189.948,184.265,183.344,97.466,19.806,1.514,0.0,0.0,0.0,137.508,1
20250611,14,183.659,176.6,175.717,99.391,18.779,2.379,0.0,0.0,0.0,131.788,1
20250612,14,177.84,173.268,172.402,98.802,18.292,1.087,0.0,0.0,0.0,129.301,1
20250613,14,238.421,234.844,233.67,97.718,24.796,0.0,0.0,0.0,0.0,175.253,1
20250614,14,136.668,132.91,132.245,100.0,13.889,1.269,0.0,0.0,0.0,99.184,1
20250615,14,210.514,207.356,206.32,97.306,21.986,0.0,0.0,0.0,0.0,154.74,1
20250616,14,196.534,192.858,191.894,95.667,20.878,0.376,0.0,0.0,0.0,143.92,1
20250617,14,160.667,157.924,157.134,96.975,16.837,0.21,0.528,0.0,0.0,117.851,1
20250618,14,178.099,172.444,171.582,96.337,18.788,1.701,0.0,0.0,0.0,128.686,1
20250619,14,180.195,174.098,173.227,97.516,18.779,1.912,0.0,0.0,0.0,129.921,1
20250620,14,193.534,188.124,187.183,97.816,20.107,1.315,0.099,0.0,0.0,140.388,1
20250621,14,170.38,163.463,162.646,99.863,17.339,2.598,0.0,0.0,0.0,121.985,1
20250622,14,182.503,177.664,176.775,97.855,18.954,1.169,0.0,0.0,0.0,132.582,1
20250623,14,194.776,186.632,185.699,99.159,19.962,2.722,0.0,0.0,0.0,139.274,1
20250624,14,167.502,164.179,163.358,98.794,17.23,0.492,0.0,0.0,0.0,122.518,1
20250625,14,186.421,181.955,181.045,97.737,19.384,0.909,0.0,0.0,0.0,135.784,1
20250626,14,172.737,168.328,167.486,100.0,17.555,1.069,0.0,0.0,0.0,125.615,1
20250627,14,188.408,183.31,182.394,96.473,19.847,1.224,0.0,0.0,0.0,136.795,1
20250628,14,194.388,187.038,186.103,96.227,20.529,2.316,0.0,0.0,0.0,139.577,1
20250629,14,180.875,178.162,177.271,97.024,18.945,0.0,0.0,0.0,0.0,132.953,1
20250630,14,160.898,155.317,154.541,98.049,16.677,1.998,0.0,0.0,0.0,115.906,1
20250701,14,190.438,180.702,179.799,97.999,19.749,3.667,0.0,0.0,0.0,134.849,1
20250702,14,165.45,159.848,159.049,94.5,17.793,1.915,0.0,0.0,0.0,119.286,1
20250703,14,215.756,203.071,202.056,98.053,22.362,4.446,0.0,0.0,0.0,151.542,1
20250704,14,226.398,218.471,217.378,97.026,23.713,2.032,0.0,0.0,0.0,163.034,1
20250705,14,182.486,175.661,174.782,96.753,19.168,2.274,0.0,0.0,0.0,131.087,1
20250706,14,209.413,202.641,201.628,96.905,21.962,1.76,0.0,0.0,0.0,151.221,1
20250707,14,180.534,177.826,176.936,95.335,19.245,0.0,0.0,0.0,0.0,132.702,1
20250708,14,204.107,197.529,196.541,98.486,21.062,1.749,0.0,0.0,0.0,147.406,1
20250709,14,189.506,181.43,180.523,96.444,19.969,2.804,0.0,0.0,0.0,135.392,1
20250710,14,185.873,180.101,179.201,98.715,19.135,1.629,0.0,0.0,0.0,134.401,1
20250711,14,201.66,196.053,195.073,98.279,20.853,1.3,0.0,0.0,0.0,146.305,1
20250712,14,195.397,188.036,187.095,98.737,20.111,2.302,0.0,0.0,0.0,140.322,1
20250713,14,172.676,169.367,168.521,99.395,17.655,0.422,0.0,0.0,0.0,126.39,1
20250714,14,168.542,165.136,164.31,95.859,17.868,0.529,0.0,0.0,0.0,123.233,1
20250715,14,153.415,151.114,150.358,96.775,16.111,0.0,0.078,0.0,0.0,112.768,1
20250716,14,205.182,198.473,197.481,97.441,21.4,1.797,0.0,0.0,0.0,148.11,1
20250717,14,188.924,180.768,179.864,97.648,19.662,2.86,0.0,0.0,0.0,134.898,1
20250718,14,169.54,165.388,164.561,97.874,17.604,0.964,0.0,0.0,0.0,123.421,1
20250719,14,197.535,193.586,192.618,97.323,20.627,0.507,0.0,0.0,0.0,144.464,1
20250720,14,171.301,165.42,164.593,98.536,17.667,1.963,0.0,0.0,0.0,123.445,1
20250721,14,167.702,165.187,164.361,97.79,17.428,0.0,0.0,0.0,0.0,123.271,1
20250722,14,181.306,176.698,175.814,96.187,19.156,1.058,0.0,0.0,0.0,131.861,1
20250723,14,177.973,170.07,169.219,96.414,18.759,2.985,0.0,0.0,0.0,126.914,1
20250724,14,211.815,206.002,204.972,99.638,21.604,1.263,0.0,0.0,0.0,153.729,1
20250725,14,183.265,174.758,173.884,98.757,18.859,3.19,0.0,0.0,0.0,130.413,1
20250726,14,177.034,171.893,171.034,96.563,18.632,1.425,0.0,0.0,0.0,128.275,1
20250727,14,194.117,189.55,188.603,97.854,20.16,0.865,0.0,0.0,0.0,141.452,1
20250728,14,188.018,180.028,179.128,96.024,19.899,2.792,0.0,0.0,0.0,134.346,1
20250729,14,139.434,136.362,135.68,93.523,15.152,0.714,0.0,0.0,0.0,101.76,1
20250730,14,156.858,151.315,150.558,97.046,16.426,2.065,0.0,0.0,0.0,112.919,1
20250731,14,157.041,154.171,153.401,94.638,16.864,0.332,0.0,0.0,0.0,115.05,1
20250801,14,202.204,199.171,198.175,94.865,21.661,0.0,0.0,0.0,0.0,148.632,1
20250802,14,206.896,203.793,202.774,95.983,21.906,0.0,0.0,0.0,0.0,152.08,1
20250803,14,180.588,176.847,175.963,98.688,18.596,0.58,0.0,0.0,0.0,131.972,1
20250804,14,195.396,191.364,190.407,96.96,20.48,0.572,0.0,0.0,0.0,142.805,1
20250805,14,214.848,209.437,208.389,95.962,22.753,1.034,0.0,0.0,0.0,156.292,1
20250806,14,189.678,185.15,184.224,98.296,19.61,0.901,0.0,0.0,0.0,138.168,1
20250807,14,220.015,214.49,213.417,98.353,22.734,1.027,0.0,0.0,0.0,160.063,1
20250808,14,186.879,182.563,181.65,96.853,19.609,0.822,0.0,0.0,0.0,136.238,1
20250809,14,203.781,198.5,197.508,97.209,21.304,1.108,0.0,0.0,0.0,148.131,1
20250810,14,177.929,171.915,171.055,95.52,18.93,1.909,0.0,0.0,0.0,128.291,1
20250811,14,170.898,161.94,161.13,98.095,17.705,3.799,0.0,0.0,0.0,120.848,1
20250812,14,197.598,191.44,190.483,96.464,20.817,1.641,0.0,0.0,0.0,142.862,1
20250813,14,226.887,221.911,220.802,95.66,24.104,0.704,0.0,0.0,0.0,165.601,1
20250814,14,184.33,175.612,174.734,99.543,18.819,3.279,0.0,0.0,0.0,131.05,1
20250815,14,189.828,183.144,182.229,98.602,19.565,2.052,0.0,0.0,0.0,136.671,1
20250816,14,201.245,196.432,195.45,100.0,20.452,0.905,0.0,0.0,0.0,146.587,1
20250817,14,209.379,204.603,203.58,98.653,21.569,0.793,0.0,0.0,0.0,152.685,1
20250818,14,170.845,164.437,163.615,98.047,17.708,2.285,0.0,0.0,0.0,122.711,1
20250819,14,203.282,198.739,197.745,95.082,21.727,0.746,0.0,0.0,0.0,148.309,1
20250820,14,203.631,197.056,196.071,96.037,21.548,1.755,0.0,0.0,0.0,147.053,1
20250821,14,216.126,212.884,211.82,98.836,22.223,0.0,0.0,0.0,0.0,158.865,1
20250822,14,188.852,182.951,182.037,98.212,19.542,1.649,0.0,0.0,0.0,136.528,1
20250823,14,190.063,183.289,182.372,97.592,19.792,2.096,0.0,0.0,0.0,136.779,1
20250824,14,250.2,246.447,245.215,97.754,26.011,0.0,0.0,0.0,0.0,183.911,1
20250825,14,181.556,178.257,177.366,98.534,18.725,0.322,0.0,0.0,0.0,133.024,1
20250826,14,206.483,202.02,201.01,98.809,21.237,0.672,0.0,0.0,0.0,150.757,1
20250827,14,172.776,166.19,165.359,98.331,17.857,2.347,0.0,0.0,0.0,124.019,1
20250828,14,190.519,185.721,184.793,97.237,19.912,1.034,0.0,0.0,0.0,138.595,1
20250829,14,196.709,190.464,189.512,96.419,20.733,1.7,0.0,0.0,0.0,142.134,1
20250830,14,194.65,190.567,189.615,96.76,20.444,0.606,0.0,0.0,0.0,142.211,1
20250831,14,178.684,174.446,173.574,98.918,18.358,0.885,0.125,0.0,0.0,130.18,1
20250901,14,206.472,198.648,197.654,97.74,21.468,2.324,0.0,0.0,0.0,148.241,1
20250902,14,195.031,188.64,187.696,98.175,20.189,1.804,0.419,0.0,0.0,140.772,1
20250903,14,181.93,178.446,177.554,96.305,19.198,0.421,0.0,0.0,0.0,133.166,1
20250904,14,241.945,236.16,234.979,96.792,25.403,0.905,0.0,0.0,0.0,176.234,1
20250905,14,185.289,182.509,181.597,97.298,19.353,0.0,0.0,0.0,0.0,136.198,1
20250906,14,199.463,195.928,194.948,96.593,20.986,0.277,0.0,0.0,0.0,146.211,1
20250907,14,169.776,166.59,165.757,97.803,17.641,0.382,0.0,0.0,0.0,124.318,1
20250908,14,201.266,192.568,191.605,95.475,21.423,2.864,0.0,0.0,0.0,143.704,1
20250909,14,208.891,203.595,202.577,97.27,21.825,1.051,0.0,0.0,0.0,151.933,1
20250910,14,199.586,194.868,193.893,97.577,20.787,0.877,0.0,0.0,0.0,145.42,1
20250911,14,182.193,179.46,178.562,95.003,19.489,0.0,0.0,0.0,0.0,133.922,1
20250912,14,201.961,196.457,195.475,99.207,20.688,1.244,0.0,0.0,0.0,146.606,1
20250913,14,216.161,212.627,211.564,98.377,22.33,0.137,0.0,0.0,0.0,158.673,1
20250914,14,193.631,190.726,189.773,98.05,20.069,0.0,0.0,0.0,0.0,142.33,1
20250915,14,212.144,207.504,206.466,100.0,21.559,0.698,0.0,0.0,0.0,154.85,1
20250916,14,192.871,189.286,188.34,99.442,19.711,0.364,0.0,0.0,0.0,141.255,1
20250917,14,188.524,179.912,179.013,99.988,19.161,3.115,0.0,0.0,0.0,134.259,1
20250918,14,206.327,201.84,200.83,97.237,21.564,0.685,0.0,0.0,0.0,150.623,1
20250919,14,190.081,186.037,185.106,95.398,20.249,0.637,0.0,0.0,0.0,138.83,1
20250920,14,222.517,215.54,214.462,96.741,23.375,1.66,0.0,0.0,0.0,160.847,1
20250921,14,196.336,192.44,191.477,95.854,20.816,0.492,0.0,0.0,0.0,143.608,1
20250922,14,208.909,203.988,202.968,96.577,21.983,0.869,0.0,0.0,0.0,152.226,1
20250923,14,217.304,213.475,212.407,97.626,22.621,0.266,0.0,0.0,0.0,159.305,1
20250924,14,243.983,237.194,236.008,97.948,25.314,1.302,0.0,0.0,0.0,177.006,1
20250925,14,193.626,186.385,185.453,97.271,20.23,2.274,0.266,0.0,0.0,139.09,1
20250926,14,218.029,209.576,208.528,94.808,23.371,2.413,0.0,0.0,0.0,156.396,1
20250927,14,210.678,204.952,203.927,97.172,22.033,1.237,0.0,0.0,0.0,152.945,1
20250928,14,212.438,203.748,202.73,97.581,22.124,2.63,0.0,0.0,0.0,152.047,1
20250929,14,242.751,238.152,236.961,97.534,25.293,0.401,0.0,0.0,0.0,177.721,1
20250930,14,253.032,247.849,246.61,99.75,25.779,0.557,0.0,0.0,0.0,184.957,1
20251001,14,209.66,202.903,201.888,96.134,22.164,1.749,0.0,0.0,0.0,151.416,1
20251002,14,245.697,238.299,237.107,97.364,25.645,1.534,0.0,0.0,0.0,177.83,1
20251003,14,207.724,198.484,197.491,97.084,21.744,2.993,0.0,0.093,0.0,148.119,1
20251004,14,198.222,190.658,189.705,99.274,20.292,2.351,0.0,0.214,0.0,142.278,1
20251005,14,247.447,239.208,238.012,98.969,25.409,1.858,0.0,0.0,0.0,178.509,1
20251006,14,155.466,150.806,150.052,97.489,16.206,1.52,0.074,0.0,0.0,112.539,1
20251007,14,211.879,208.701,207.657,99.695,21.598,0.0,0.0,0.0,0.0,155.743,1
20251008,14,234.217,228.057,226.917,97.991,24.291,1.147,0.0,0.0,0.0,170.188,1
20251009,14,202.19,196.034,195.054,98.638,20.831,1.568,0.0,0.0,0.0,146.29,1
20251010,14,231.747,225.552,224.424,99.491,23.672,1.191,0.0,0.0,0.0,168.318,1
20251011,14,246.025,241.279,240.072,97.958,25.524,0.436,0.0,0.0,0.0,180.054,1
20251012,14,232.127,220.987,219.882,96.849,24.358,3.349,0.0,0.0,0.0,164.911,1
20251013,14,200.208,197.205,196.219,96.969,20.982,0.0,0.0,0.0,0.0,147.164,1
20251014,14,209.938,201.876,200.867,97.538,21.874,2.376,0.0,0.0,0.0,150.65,1
20251015,14,213.378,205.189,204.163,97.913,22.147,2.374,0.0,0.0,0.0,153.122,1
20251016,14,240.921,237.307,236.121,99.835,24.524,0.0,0.0,0.0,0.0,177.09,1
20251017,14,233.726,225.844,224.715,98.094,24.214,1.901,0.0,0.0,0.0,168.536,1
20251018,14,204.567,200.154,199.153,98.258,21.158,0.667,0.0,0.0,0.0,149.365,1
20251019,14,250.15,246.398,245.166,97.459,26.085,0.0,0.0,0.0,0.0,183.874,1
20251020,14,232.65,229.074,227.928,96.862,24.409,0.038,0.0,0.0,0.0,170.946,1
20251021,14,240.173,236.57,235.388,98.265,24.839,0.0,0.0,0.0,0.0,176.541,1
20251022,14,222.78,217.099,216.014,94.12,24.055,1.066,0.0,0.0,0.0,162.01,1
20251023,14,234.537,227.112,225.976,98.22,24.267,1.691,0.0,0.0,0.0,169.482,1
20251024,14,237.715,227.873,226.734,94.202,25.645,2.681,0.0,0.0,0.0,170.05,1
20251025,14,264.591,256.203,254.922,95.663,28.108,1.695,0.0,0.0,0.0,191.192,1
20251026,14,188.507,184.033,183.113,96.694,19.812,0.886,0.109,0.0,0.0,137.335,1
20251027,14,218.697,213.786,212.717,98.386,22.59,0.757,0.0,0.0,0.0,159.538,1
20251028,14,239.92,235.632,234.454,97.374,25.04,0.291,0.0,0.0,0.0,175.841,1
20251029,14,266.973,253.223,251.957,98.731,27.48,3.706,0.0,0.0,0.0,188.967,1
20251030,14,267.866,262.463,261.15,96.379,28.245,0.525,0.0,0.0,0.0,195.863,1
20251031,14,225.044,217.216,216.129,97.904,23.36,2.009,0.0,0.0,0.0,162.097,1
20251101,14,255.942,247.368,246.131,97.191,26.762,1.878,0.0,0.0,0.0,184.598,1
20251102,14,260.611,255.082,253.807,100.0,26.485,0.631,0.0,0.0,0.0,190.355,1
20251103,14,292.174,285.105,283.68,99.674,29.789,0.933,0.0,0.0,0.0,212.76,1
20251104,14,232.464,225.178,224.052,96.041,24.598,1.659,0.0,0.0,0.0,168.039,1
20251105,14,245.881,242.193,240.982,95.889,26.059,0.0,0.0,0.31,0.0,180.736,1
20251106,14,226.368,216.646,215.563,96.911,23.738,2.837,0.0,0.0,0.0,161.672,1
20251107,14,269.836,258.481,257.189,96.404,28.445,2.749,0.0,0.0,0.0,192.891,1
20251108,14,243.308,231.759,230.6,98.437,25.119,3.296,0.0,0.0,0.0,172.95,1
20251109,14,228.11,224.688,223.564,96.976,23.905,0.0,0.01,0.0,0.0,167.673,1
20251110,14,268.97,259.297,258.001,97.673,27.986,2.128,0.0,0.0,0.0,193.501,1
20251111,14,282.71,275.205,273.829,100.0,28.731,1.172,0.0,0.0,0.0,205.372,1
20251112,14,218.408,212.175,211.114,98.119,22.621,1.374,0.0,0.0,0.0,158.335,1
20251113,14,258.867,253.53,252.263,96.847,27.164,0.57,0.0,0.0,0.0,189.197,1
20251114,14,268.486,261.382,260.075,99.729,27.359,1.163,0.0,0.0,0.0,195.056,1
20251115,14,237.937,234.005,232.835,95.156,25.411,0.155,0.0,0.0,0.0,174.626,1
20251116,14,196.885,193.931,192.962,94.995,21.063,0.0,0.0,0.0,0.0,144.721,1
20251117,14,239.107,226.982,225.847,97.515,24.919,3.625,0.0,0.0,0.0,169.385,1
20251118,14,309.627,304.983,303.458,98.074,32.084,0.0,0.0,0.0,0.0,227.593,1
20251119,14,282.024,272.549,271.186,97.758,29.318,1.888,0.0,0.0,0.0,203.389,1
20251120,14,210.749,200.826,199.822,96.16,22.273,3.257,0.0,0.0,0.0,149.867,1
20251121,14,253.792,245.795,244.566,92.76,27.805,1.676,0.0,0.0,0.0,183.424,1
20251122,14,251.229,242.788,241.574,93.59,27.28,1.888,0.0,0.0,0.0,181.18,1
20251123,14,234.555,225.356,224.229,100.0,23.837,2.459,0.0,0.0,0.0,168.172,1
20251124,14,246.433,242.736,241.522,98.23,25.495,0.0,0.0,0.0,0.0,181.142,1
20251125,14,237.703,230.752,229.598,96.925,24.923,1.446,0.0,0.0,0.0,172.199,1
20251126,14,271.596,262.722,261.408,95.113,29.02,1.794,0.0,0.0,0.0,196.056,1
20251127,14,275.827,267.438,266.101,95.923,29.222,1.565,0.0,0.0,0.0,199.576,1
20251128,14,253.867,247.594,246.356,95.673,26.966,0.986,0.0,0.0,0.0,184.767,1
20251129,14,250.556,246.533,245.3,98.09,25.959,0.107,0.0,0.0,0.0,183.975,1
20251130,14,256.809,246.883,245.649,97.822,26.68,2.401,0.086,0.0,0.0,184.236,1
20251201,14,277.007,267.267,265.931,95.559,29.459,2.047,0.0,0.0,0.0,199.448,1
20251202,14,200.792,188.524,187.581,97.897,20.844,4.68,0.0,0.0,0.0,140.686,1
20251203,14,207.014,201.085,200.08,97.719,21.529,1.385,0.0,0.0,0.0,150.06,1
20251204,14,235.042,226.223,225.092,96.637,24.718,2.286,0.0,0.0,0.0,168.819,1
20251205,14,264.395,260.42,259.118,98.328,27.326,0.003,0.0,0.0,0.0,194.338,1
20251206,14,297.748,293.282,291.816,99.598,30.381,0.0,0.0,0.0,0.0,218.862,1
20251207,14,255.07,248.738,247.494,97.76,26.516,0.997,0.0,0.0,0.0,185.62,1
20251208,14,298.723,287.293,285.857,96.777,31.369,2.362,0.0,0.0,0.0,214.392,1
20251209,14,264.541,260.573,259.27,98.208,27.375,0.0,0.0,0.0,0.0,194.453,1
20251210,14,253.104,249.133,247.887,97.826,26.294,0.07,0.0,0.0,0.0,185.915,1
20251211,14,229.555,224.922,223.797,96.087,24.279,0.526,0.0,0.0,0.0,167.848,1
20251212,14,239.753,230.449,229.297,97.254,25.053,2.417,0.0,0.0,0.0,171.973,1
20251213,14,318.493,307.568,306.031,98.947,32.712,1.959,0.0,0.0,0.0,229.523,1
20251214,14,299.869,282.577,281.164,97.678,31.199,4.332,0.0,0.0,0.0,210.873,1
20251215,14,260.718,256.339,255.058,97.534,27.166,0.182,0.0,0.0,0.0,191.293,1
20251216,14,278.038,270.963,269.608,97.359,29.022,1.061,0.0,0.0,0.0,202.206,1
20251217,14,251.551,246.658,245.425,98.152,26.045,0.452,0.0,0.0,0.0,184.069,1
20251218,14,288.481,280.936,279.531,97.435,30.089,1.132,0.0,0.0,0.0,209.648,1
20251219,14,283.844,277.419,276.032,98.763,29.207,0.775,0.0,0.0,0.0,207.024,1
20251220,14,222.395,218.706,217.613,97.551,23.169,0.161,0.0,0.0,0.0,163.21,1
20251221,14,249.965,242.934,241.719,96.517,26.32,1.333,0.0,0.0,0.0,181.289,1
20251222,14,313.127,303.691,302.172,100.0,31.822,1.536,0.0,0.0,0.0,226.629,1
20251223,14,283.085,277.582,276.194,95.063,30.263,0.45,0.0,0.0,0.0,207.146,1
20251224,14,311.506,301.851,300.342,97.883,32.342,1.624,0.0,0.0,0.0,225.256,1
20251225,14,237.937,231.779,230.62,98.203,24.623,1.105,0.0,0.0,0.0,172.965,1
20251226,14,317.881,306.941,305.406,96.893,33.341,1.971,0.0,0.0,0.0,229.054,1
20251227,14,288.109,281.527,280.119,99.735,29.357,0.797,0.0,0.0,0.0,210.089,1
20251228,14,332.836,324.877,323.253,97.649,34.639,0.905,0.0,0.0,0.0,242.44,1
20251229,14,258.486,254.609,253.336,98.889,26.564,0.0,0.0,0.0,0.0,190.002,1
20251230,14,289.672,277.479,276.091,97.53,30.184,2.75,0.0,0.0,0.0,207.069,1
20251231,14,317.712,312.046,310.485,97.447,33.134,0.288,0.0,0.0,0.0,232.864,1
20240101,15,2755.832,2627.113,2613.978,93.928,64.342,0.699,0.0,0.0,1045.591,0.0,1
20240102,15,2901.677,2754.891,2741.117,92.4,68.867,1.103,0.0,0.0,1096.447,0.0,1
20240103,15,2872.924,2716.956,2703.371,93.797,67.169,1.488,0.0,0.0,1081.348,0.0,1
20240104,15,2896.584,2750.016,2736.266,94.577,67.164,1.104,0.0,0.0,1094.506,0.0,1
20240105,15,2389.988,2232.935,2221.77,94.283,55.59,2.678,0.0,0.0,888.708,0.0,1
20240106,15,3094.128,2970.363,2955.511,94.513,71.793,0.0,0.0,0.0,1182.205,0.0,1
20240107,15,3006.5,2845.178,2830.952,95.856,68.782,1.423,0.0,0.0,1132.381,0.0,1
20240108,15,2725.205,2573.56,2560.692,94.236,63.419,1.63,0.0,0.0,1024.277,0.0,1
20240109,15,2752.476,2620.879,2607.774,92.808,65.039,0.814,0.0,0.0,1043.11,0.0,1
20240110,15,2588.734,2476.752,2464.369,91.967,61.729,0.339,0.0,0.0,985.747,0.0,1
20240111,15,3142.57,3000.635,2985.632,96.424,71.472,0.538,0.0,0.0,1194.253,0.0,1
20240112,15,2924.604,2807.62,2793.582,94.011,68.222,0.0,0.0,0.0,1117.433,0.0,1
20240113,15,2737.717,2589.815,2576.866,93.272,64.368,1.461,0.0,0.0,1030.746,0.0,1
20240114,15,2906.206,2761.507,2747.7,93.396,68.239,1.02,0.0,0.0,1099.08,0.0,1
20240115,15,2961.148,2748.455,2734.713,95.116,68.271,3.315,0.0,0.0,1093.885,0.0,1
20240116,15,2940.476,2745.198,2731.472,92.272,69.885,2.751,0.0,0.0,1092.589,0.0,1
20240117,15,3023.069,2902.147,2887.636,94.919,69.844,0.0,0.0,0.0,1155.054,0.0,1
20240118,15,2827.936,2700.098,2686.597,95.192,65.149,0.542,0.0,0.0,1074.639,0.0,1
20240119,15,2929.032,2751.132,2737.376,93.485,68.709,2.16,0.22,0.0,1094.951,0.0,1
20240120,15,2908.403,2744.906,2731.181,94.731,67.328,1.689,0.643,0.0,1092.472,0.0,1
20240121,15,3078.773,2916.438,2901.856,97.126,69.515,1.326,0.0,0.0,1160.742,0.0,1
20240122,15,2574.746,2397.275,2385.289,94.14,59.979,3.013,0.0,0.0,954.115,0.0,1
20240123,15,3076.587,2922.636,2908.023,94.753,71.205,1.046,0.289,0.0,1163.209,0.0,1
20240124,15,2561.576,2377.751,2365.862,96.393,58.277,3.309,0.0,0.0,946.345,0.0,1
20240125,15,2939.32,2797.644,2783.656,94.385,68.293,0.854,0.0,0.0,1113.462,0.0,1
20240126,15,2644.167,2509.408,2496.861,94.959,61.065,1.142,0.0,0.0,998.744,0.0,1
20240127,15,3028.929,2873.513,2859.146,95.344,69.668,1.178,0.0,0.0,1143.658,0.0,1
20240128,15,2988.971,2869.413,2855.066,94.757,69.175,0.0,0.0,0.0,1142.026,0.0,1
20240129,15,2642.122,2509.484,2496.937,94.18,61.522,1.063,0.0,0.303,998.775,0.0,1
20240130,15,2833.225,2693.469,2680.002,91.843,67.651,0.972,0.456,0.0,1072.001,0.0,1
20240131,15,3135.612,2967.19,2952.354,96.122,71.538,1.428,0.0,0.0,1180.942,0.0,1
20240201,15,3061.409,2888.697,2874.254,92.747,72.386,1.71,0.0,0.0,1149.701,0.0,1
20240202,15,3202.102,3054.576,3039.303,96.216,72.983,0.632,0.0,0.0,1215.721,0.0,1
20240203,15,3120.579,2995.756,2980.777,94.907,72.106,0.0,0.0,0.0,1192.311,0.0,1
20240204,15,2623.107,2469.785,2457.436,93.542,61.496,1.922,0.0,0.0,982.974,0.0,1
20240205,15,3269.163,3037.589,3022.401,92.845,77.217,3.212,0.0,0.0,1208.96,0.0,1
20240206,15,2964.13,2845.565,2831.337,95.519,68.053,0.0,0.0,0.0,1132.535,0.0,1
20240207,15,2857.405,2644.781,2631.557,94.016,66.651,3.585,0.0,0.0,1052.623,0.0,1
20240208,15,2899.026,2735.987,2722.307,94.364,67.372,1.692,0.0,0.0,1088.923,0.0,1
20240209,15,2942.613,2824.908,2810.784,96.495,66.875,0.0,0.0,0.0,1124.314,0.0,1
20240210,15,2910.93,2786.61,2772.677,92.009,69.381,0.282,0.0,0.0,1109.071,0.0,1
20240211,15,3037.74,2904.335,2889.813,93.858,70.976,0.408,0.0,0.0,1155.925,0.0,1
20240212,15,2525.888,2379.496,2367.598,92.352,59.98,1.87,0.0,0.0,947.039,0.0,1
20240213,15,2936.239,2818.789,2804.695,95.525,67.407,0.0,0.0,0.0,1121.878,0.0,1
20240214,15,2744.594,2599.391,2586.394,94.207,63.89,1.344,0.0,0.0,1034.558,0.0,1
20240215,15,3146.401,3020.545,3005.442,94.021,73.388,0.0,0.0,0.0,1202.177,0.0,1
20240216,15,3082.51,2959.21,2944.414,90.161,74.976,0.0,0.0,0.0,1177.765,0.0,1
20240217,15,2883.563,2729.237,2715.591,93.923,67.327,1.408,0.0,0.0,1086.236,0.0,1
20240218,15,3142.356,3003.474,2988.457,94.967,72.563,0.437,0.0,0.0,1195.383,0.0,1
20240219,15,2718.873,2610.118,2597.067,94.642,63.0,0.0,0.0,0.0,1038.827,0.0,1
20240220,15,2893.208,2748.402,2734.66,92.91,68.29,1.047,0.0,0.0,1093.864,0.0,1
20240221,15,2895.35,2750.356,2736.605,93.083,68.213,1.05,0.0,0.0,1094.642,0.0,1
20240222,15,2837.601,2629.672,2616.523,94.676,65.728,3.466,0.0,0.0,1046.609,0.0,1
20240223,15,2792.86,2628.348,2615.207,92.478,66.229,1.969,0.0,0.0,1046.083,0.0,1
20240224,15,2761.128,2648.043,2634.803,93.231,64.947,0.1,0.0,0.13,1053.921,0.0,1
20240225,15,2813.683,2561.474,2548.667,93.602,65.921,5.17,0.0,0.0,1019.467,0.0,1
20240226,15,2790.648,2631.6,2618.442,91.475,66.902,1.77,0.0,0.0,1047.377,0.0,1
20240227,15,2931.28,2751.252,2737.496,93.43,68.802,2.231,0.0,0.0,1094.998,0.0,1
20240228,15,2900.551,2709.374,2695.827,95.72,66.453,2.699,0.0,0.0,1078.331,0.0,1
20240229,15,3190.645,3000.492,2985.489,95.262,73.45,2.041,0.0,0.0,1194.196,0.0,1
20240301,15,2795.895,2684.059,2670.639,94.111,65.15,0.0,0.0,0.0,1068.255,0.0,1
20240302,15,3067.744,2841.81,2827.601,93.213,72.173,3.505,0.0,0.0,1131.04,0.0,1
20240303,15,3275.835,3127.214,3111.578,97.197,73.91,0.559,0.0,0.0,1244.631,0.0,1
20240304,15,2727.722,2613.242,2600.176,94.399,63.367,0.205,0.0,0.0,1040.07,0.0,1
20240305,15,2959.737,2809.907,2795.857,93.427,69.473,1.107,0.0,0.0,1118.343,0.0,1
20240306,15,2631.831,2526.558,2513.925,92.818,62.181,0.0,0.0,0.0,1005.57,0.0,1
20240307,15,3034.566,2872.449,2858.087,93.926,70.851,1.398,0.0,0.0,1143.235,0.0,1
20240308,15,2545.463,2380.474,2368.572,94.631,58.989,2.585,0.0,0.0,947.429,0.0,1
20240309,15,2824.194,2663.505,2650.187,95.551,64.818,1.76,0.0,0.0,1060.075,0.0,1
20240310,15,3064.603,2894.687,2880.214,96.311,69.781,1.609,0.0,0.0,1152.086,0.0,1
20240311,15,2984.377,2852.045,2837.784,94.377,69.346,0.452,0.0,0.0,1135.114,0.0,1
20240312,15,3133.282,2991.473,2976.516,91.863,74.799,0.548,0.0,0.0,1190.606,0.0,1
20240313,15,2698.601,2513.603,2501.035,92.898,63.704,2.974,0.0,0.0,1000.414,0.0,1
20240314,15,3197.359,3022.047,3006.937,94.488,74.208,1.545,0.0,0.0,1202.775,0.0,1
20240315,15,2919.592,2802.808,2788.794,93.43,68.529,0.0,0.0,0.0,1115.518,0.0,1
20240316,15,2937.562,2768.687,2754.844,96.156,66.996,1.822,0.0,0.0,1101.938,0.0,1
20240317,15,2996.152,2784.728,2770.804,93.783,70.061,3.184,0.0,0.0,1108.322,0.0,1
20240318,15,2890.751,2775.121,2761.246,92.829,68.291,0.0,0.0,0.0,1104.498,0.0,1
20240319,15,2707.773,2545.453,2532.726,94.039,63.145,2.078,0.0,0.0,1013.09,0.0,1
20240320,15,2888.948,2687.777,2674.338,96.256,65.819,3.087,0.0,0.0,1069.735,0.0,1
20240321,15,2701.323,2572.66,2559.797,94.52,62.674,0.795,0.0,0.0,1023.919,0.0,1
20240322,15,3067.194,2898.122,2883.631,93.595,71.866,1.575,0.0,0.0,1153.452,0.0,1
20240323,15,2807.733,2678.141,2664.75,95.149,64.712,0.641,0.0,0.0,1065.9,0.0,1
20240324,15,2676.715,2521.857,2509.247,94.321,62.234,1.86,0.0,0.0,1003.699,0.0,1
20240325,15,2973.826,2854.873,2840.599,95.143,68.545,0.0,0.391,0.0,1136.24,0.0,1
20240326,15,2961.901,2798.73,2784.737,95.027,68.353,1.572,0.0,0.0,1113.895,0.0,1
20240327,15,2651.22,2479.519,2467.122,97.485,59.641,2.579,0.0,0.0,986.849,0.0,1
20240328,15,2882.451,2760.521,2746.719,92.848,68.081,0.24,0.0,0.0,1098.688,0.0,1
20240329,15,3028.523,2877.913,2863.524,93.253,71.22,1.014,0.0,0.0,1145.409,0.0,1
20240330,15,2770.067,2649.589,2636.341,93.538,64.944,0.364,0.036,0.0,1054.536,0.0,1
20240331,15,3267.827,3134.851,3119.177,97.262,73.68,0.072,0.0,0.0,1247.671,0.0,1
20240401,15,2831.729,2704.255,2690.734,94.675,65.592,0.523,0.0,0.0,1076.294,0.0,1
20240402,15,2743.134,2592.576,2579.613,94.582,63.602,1.551,0.0,0.0,1031.845,0.0,1
20240403,15,3005.561,2844.338,2830.116,94.36,69.851,1.421,0.0,0.0,1132.047,0.0,1
20240404,15,2470.723,2300.232,2288.731,95.286,56.863,3.021,0.0,0.0,915.492,0.0,1
20240405,15,2824.167,2711.2,2697.644,92.431,67.005,0.0,0.0,0.0,1079.058,0.0,1
20240406,15,2549.311,2447.338,2435.102,95.774,58.373,0.0,0.0,0.0,974.041,0.0,1
20240407,15,3069.073,2905.331,2890.805,95.55,70.439,1.391,0.0,0.0,1156.322,0.0,1
20240408,15,2577.505,2409.448,2397.401,95.453,59.217,2.625,0.0,0.0,958.96,0.0,1
20240409,15,2768.361,2589.964,2577.014,93.673,64.81,2.546,0.0,0.0,1030.806,0.0,1
20240410,15,2982.889,2782.419,2768.507,94.398,69.296,2.834,0.0,0.0,1107.403,0.0,1
20240411,15,2855.153,2711.331,2697.775,94.644,66.156,1.08,0.0,0.0,1079.11,0.0,1
20240412,15,3269.552,3112.677,3097.114,93.81,76.432,0.831,0.0,0.0,1238.846,0.0,1
20240413,15,2923.701,2770.064,2756.214,94.527,67.828,1.307,0.0,0.0,1102.486,0.0,1
20240414,15,2982.749,2811.884,2797.825,93.946,69.627,1.8,0.0,0.0,1119.13,0.0,1
20240415,15,3109.124,2960.468,2945.665,95.442,71.439,0.814,0.0,0.0,1178.266,0.0,1
20240416,15,2940.855,2808.165,2794.124,93.972,68.63,0.533,0.0,0.0,1117.65,0.0,1
20240417,15,2880.467,2728.362,2714.72,94.464,66.87,1.334,0.0,0.0,1085.888,0.0,1
20240418,15,3180.273,2950.186,2935.435,93.75,74.392,3.37,0.0,0.0,1174.174,0.0,1
20240419,15,3213.023,3056.333,3041.051,95.409,73.851,0.913,0.0,0.0,1216.421,0.0,1
20240420,15,3110.772,2962.142,2947.331,95.359,71.539,0.81,0.0,0.0,1178.932,0.0,1
20240421,15,2847.101,2681.541,2668.133,95.495,65.382,1.891,0.0,0.0,1067.253,0.0,1
20240422,15,2705.352,2592.018,2579.058,95.323,62.239,0.197,0.0,0.0,1031.623,0.0,1
20240423,15,2925.621,2781.718,2767.809,93.9,68.326,0.957,0.0,0.0,1107.124,0.0,1
20240424,15,3092.102,2945.396,2930.669,95.076,71.321,0.776,0.0,0.0,1172.267,0.0,1
20240425,15,2932.499,2790.396,2776.444,95.207,67.547,0.881,0.0,0.0,1110.578,0.0,1
20240426,15,2907.797,2784.473,2770.55,93.602,68.126,0.251,0.0,0.0,1108.22,0.0,1
20240427,15,3113.179,2962.972,2948.157,96.211,70.96,0.859,0.0,0.0,1179.263,0.0,1
20240428,15,3200.077,3069.28,3053.933,93.838,74.785,0.091,0.0,0.0,1221.573,0.0,1
20240429,15,3036.123,2910.229,2895.677,94.381,70.546,0.153,0.0,0.0,1158.271,0.0,1
20240430,15,3084.162,2913.669,2899.101,93.666,72.209,1.592,0.0,0.073,1159.64,0.0,1
20240501,15,3010.933,2866.427,2852.095,94.208,70.089,0.833,0.0,0.0,1140.838,0.0,1
20240502,15,2836.592,2720.393,2706.791,91.391,68.065,0.1,0.276,0.0,1082.716,0.0,1
20240503,15,2735.639,2579.751,2566.853,92.014,65.199,1.769,0.0,0.322,1026.741,0.0,1
20240504,15,3138.465,2988.289,2973.347,94.168,73.088,0.818,0.0,0.0,1189.339,0.0,1
20240505,15,2653.743,2501.013,2488.508,94.33,61.694,1.828,0.0,0.015,995.403,0.0,1
20240506,15,3065.541,2934.683,2920.01,93.513,71.89,0.28,0.0,0.0,1168.004,0.0,1
20240507,15,2951.31,2795.828,2781.849,94.812,68.263,1.321,0.0,0.0,1112.739,0.0,1
20240508,15,3086.73,2893.161,2878.696,92.186,73.429,2.366,0.0,0.0,1151.478,0.0,1
20240509,15,2863.297,2670.321,2656.97,93.893,66.876,2.854,0.0,0.0,1062.788,0.0,1
20240510,15,3043.97,2922.211,2907.6,91.927,72.616,0.0,0.0,0.0,1163.04,0.0,1
20240511,15,3069.222,2869.347,2855.0,91.756,73.355,2.617,0.0,0.0,1142.0,0.0,1
20240512,15,2899.521,2783.54,2769.622,96.861,65.647,0.0,0.0,0.0,1107.849,0.0,1
20240513,15,2959.408,2827.785,2813.646,97.429,66.612,0.466,0.0,0.0,1125.458,0.0,1
20240514,15,3088.02,2890.42,2875.968,94.555,71.62,2.499,0.0,0.0,1150.387,0.0,1
20240515,15,2915.474,2766.521,2752.688,91.62,69.784,1.155,0.0,0.0,1101.075,0.0,1
20240516,15,3280.964,3149.725,3133.977,97.079,74.116,0.0,0.0,0.0,1253.591,0.0,1
20240517,15,2815.74,2685.301,2671.874,93.17,66.275,0.659,0.0,0.0,1068.75,0.0,1
20240518,15,2618.055,2488.246,2475.805,95.264,60.268,0.998,0.0,0.0,990.322,0.0,1
20240519,15,2720.619,2517.373,2504.787,92.744,64.33,3.615,0.0,0.0,1001.915,0.0,1
20240520,15,3097.524,2953.298,2938.532,94.509,71.874,0.683,0.0,0.0,1175.413,0.0,1
20240521,15,2717.222,2608.533,2595.49,93.364,63.824,0.0,0.0,0.0,1038.196,0.0,1
20240522,15,2997.821,2822.566,2808.453,95.332,68.961,1.923,0.0,0.0,1123.381,0.0,1
20240523,15,2626.509,2492.496,2480.033,95.288,60.447,1.148,0.0,0.0,992.013,0.0,1
20240524,15,2804.444,2679.152,2665.757,91.774,67.013,0.487,0.0,0.0,1066.303,0.0,1
20240525,15,3103.973,2932.379,2917.717,93.471,72.824,1.592,0.0,0.0,1167.087,0.0,1
20240526,15,3322.933,3125.47,3109.842,95.517,76.292,2.023,0.0,0.0,1243.937,0.0,1
20240527,15,3194.821,3019.535,3004.437,93.702,74.771,1.549,0.0,0.0,1201.775,0.0,1
20240528,15,2670.378,2563.563,2550.745,91.938,63.696,0.0,0.0,0.0,1020.298,0.0,1
20240529,15,2923.741,2732.72,2719.056,89.897,71.323,2.639,0.0,0.0,1087.622,0.0,1
20240530,15,2842.504,2673.289,2659.923,94.118,66.231,2.034,0.0,0.0,1063.969,0.0,1
20240531,15,3041.935,2899.302,2884.805,93.602,71.269,0.718,0.0,0.0,1153.922,0.0,1
20240601,15,2716.775,2559.991,2547.191,96.515,61.73,1.845,0.0,0.0,1018.876,0.0,1
20240602,15,2966.875,2826.384,2812.252,94.55,68.813,0.766,0.0,0.0,1124.901,0.0,1
20240603,15,3065.09,2928.485,2913.842,93.185,72.133,0.476,0.0,0.0,1165.537,0.0,1
20240604,15,2850.791,2699.238,2685.742,89.458,69.884,1.371,0.0,0.0,1074.297,0.0,1
20240605,15,2887.853,2746.946,2733.212,93.683,67.6,0.916,0.0,0.0,1093.285,0.0,1
20240606,15,3090.758,2920.805,2906.201,91.776,73.854,1.561,0.0,0.0,1162.48,0.0,1
20240607,15,2876.535,2748.526,2734.783,92.584,68.135,0.469,0.0,0.0,1093.913,0.0,1
20240608,15,2812.512,2628.899,2615.754,93.028,66.3,2.634,0.0,0.0,1046.302,0.0,1
20240609,15,2658.953,2543.577,2530.859,95.812,60.859,0.353,0.0,0.0,1012.344,0.0,1
20240610,15,3031.184,2909.937,2895.387,92.624,71.767,0.0,0.0,0.0,1158.155,0.0,1
20240611,15,3238.572,3037.223,3022.037,95.095,74.685,2.31,0.0,0.0,1208.815,0.0,1
20240612,15,2819.202,2678.387,2664.995,95.252,64.906,1.036,0.0,0.0,1065.998,0.0,1
20240613,15,2766.125,2610.585,2597.532,94.945,63.89,1.691,0.0,0.0,1039.013,0.0,1
20240614,15,3149.649,2987.263,2972.327,93.346,73.995,1.204,0.0,0.0,1188.931,0.0,1
20240615,15,2835.714,2605.543,2592.515,94.543,65.776,4.288,0.0,0.0,1037.006,0.0,1
20240616,15,2679.041,2531.169,2518.513,91.843,63.969,1.583,0.0,0.0,1007.405,0.0,1
20240617,15,2941.865,2725.947,2712.318,91.375,70.604,3.479,0.0,0.0,1084.927,0.0,1
20240618,15,2844.845,2704.515,2690.992,96.349,64.751,0.972,0.0,0.0,1076.397,0.0,1
20240619,15,2929.18,2783.111,2769.196,96.279,66.719,1.028,0.0,0.0,1107.678,0.0,1
20240620,15,3023.009,2874.358,2859.986,94.806,69.926,0.956,0.0,0.0,1143.994,0.0,1
20240621,15,3032.569,2867.042,2852.706,92.107,72.202,1.519,0.0,0.0,1141.083,0.0,1
20240622,15,3067.89,2904.582,2890.059,92.939,72.39,1.378,0.0,0.0,1156.024,0.0,1
20240623,15,2773.039,2662.118,2648.807,93.897,64.765,0.0,0.0,0.0,1059.523,0.0,1
20240624,15,3202.47,3056.438,3041.156,96.099,73.081,0.583,0.587,0.0,1216.462,0.0,1
20240625,15,2857.824,2710.549,2696.996,95.071,65.921,1.201,0.0,0.0,1078.799,0.0,1
20240626,15,2795.743,2557.949,2545.159,95.003,64.535,4.693,0.0,0.0,1018.064,0.0,1
20240627,15,3067.392,2905.15,2890.625,96.543,69.676,1.343,0.0,0.0,1156.25,0.0,1
20240628,15,2938.042,2748.32,2734.578,93.815,68.679,2.56,0.0,0.0,1093.831,0.0,1
20240629,15,3147.502,3021.602,3006.494,96.668,71.403,0.0,0.0,0.0,1202.598,0.0,1
20240630,15,3055.298,2933.086,2918.42,92.662,72.308,0.0,0.0,0.0,1167.368,0.0,1
20240701,15,3099.797,2941.248,2926.542,95.515,71.17,1.161,0.0,0.0,1170.617,0.0,1
20240702,15,3162.317,2959.456,2944.659,94.08,73.713,2.516,0.0,0.0,1177.864,0.0,1
20240703,15,2873.538,2732.313,2718.651,92.687,67.988,0.953,0.0,0.0,1087.461,0.0,1
20240704,15,3110.978,2925.745,2911.116,94.552,72.154,2.036,0.0,0.0,1164.446,0.0,1
20240705,15,3049.551,2927.569,2912.931,93.095,71.836,0.0,0.0,0.0,1165.173,0.0,1
20240706,15,3111.8,2916.969,2902.384,94.943,71.876,2.355,0.0,0.0,1160.954,0.0,1
20240707,15,2792.236,2649.884,2636.634,93.72,65.336,1.144,0.0,0.0,1054.654,0.0,1
20240708,15,2975.731,2765.584,2751.756,94.65,68.946,3.19,0.0,0.0,1100.703,0.0,1
20240709,15,3001.222,2865.583,2851.255,91.415,71.997,0.541,0.0,0.393,1140.502,0.0,1
20240710,15,2769.237,2634.863,2621.689,95.253,63.755,0.888,0.0,0.0,1048.676,0.0,1
20240711,15,2675.216,2543.705,2530.986,94.255,62.243,0.954,0.0,0.0,1012.394,0.0,1
20240712,15,2899.738,2715.862,2702.283,93.317,68.145,2.439,0.0,0.0,1080.913,0.0,1
20240713,15,2815.175,2671.539,2658.182,91.016,67.83,1.148,0.0,0.0,1063.273,0.0,1
20240714,15,2911.144,2777.048,2763.163,93.996,67.919,0.632,0.0,0.0,1105.265,0.0,1
20240715,15,3205.033,3076.832,3061.447,94.668,74.245,0.0,0.0,0.0,1224.579,0.0,1
20240716,15,3024.291,2903.32,2888.803,94.833,69.936,0.0,0.0,0.0,1155.521,0.0,1
20240717,15,2837.309,2689.301,2675.854,95.002,65.495,1.267,0.613,0.56,1070.342,0.0,1
20240718,15,3076.527,2953.465,2938.698,90.39,74.641,0.0,0.0,0.0,1175.479,0.0,1
20240719,15,2854.556,2695.772,2682.293,92.143,67.938,1.628,0.0,0.093,1072.917,0.0,1
20240720,15,3052.778,2880.697,2866.293,97.532,68.641,1.705,0.0,0.0,1146.517,0.0,1
20240721,15,2836.605,2639.641,2626.443,91.624,67.893,3.066,0.0,0.0,1050.577,0.0,1
20240722,15,3022.29,2874.379,2860.007,93.597,70.813,0.931,0.0,0.0,1144.003,0.0,1
20240723,15,2801.428,2646.799,2633.565,97.314,63.131,1.583,0.0,0.0,1053.426,0.0,1
20240724,15,3008.068,2847.342,2833.105,94.687,69.668,1.399,0.0,0.0,1133.242,0.0,1
20240725,15,2862.571,2685.189,2671.763,93.14,67.399,2.288,0.0,0.0,1068.705,0.0,1
20240726,15,2702.897,2594.319,2581.348,92.131,64.337,0.018,0.0,0.0,1032.539,0.0,1
20240727,15,2649.385,2499.539,2487.041,96.111,60.451,1.725,0.0,0.0,994.816,0.0,1
20240728,15,2950.828,2832.795,2818.631,93.965,68.867,0.0,0.0,0.0,1127.452,0.0,1
20240729,15,3309.483,3098.963,3083.468,94.057,77.162,2.459,0.0,0.0,1233.387,0.0,1
20240730,15,2899.555,2763.084,2749.269,92.705,68.59,0.736,0.0,0.0,1099.708,0.0,1
20240731,15,3160.925,3003.664,2988.645,97.186,71.326,1.016,0.095,0.0,1195.458,0.0,1
20240801,15,2617.03,2479.673,2467.275,95.649,60.002,1.301,0.0,0.0,986.91,0.0,1
20240802,15,3112.628,2976.346,2961.464,92.719,73.62,0.394,0.0,0.0,1184.586,0.0,1
20240803,15,2820.238,2648.439,2635.197,91.614,67.508,2.179,0.0,0.0,1054.079,0.0,1
20240804,15,2791.279,2653.799,2640.53,92.48,66.189,0.964,0.0,0.0,1056.212,0.0,1
20240805,15,2822.781,2709.87,2696.321,93.33,66.327,0.0,0.0,0.0,1078.528,0.0,1
20240806,15,3137.576,2922.685,2908.072,95.688,71.907,2.968,0.0,0.0,1163.229,0.0,1
20240807,15,3094.894,2926.898,2912.264,94.286,71.984,1.488,0.0,0.0,1164.905,0.0,1
20240808,15,3265.454,3088.017,3072.577,95.11,75.292,1.494,0.0,0.0,1229.031,0.0,1
20240809,15,2601.157,2477.781,2465.392,94.832,60.152,0.774,0.0,0.0,986.157,0.0,1
20240810,15,2575.271,2472.261,2459.899,93.194,60.6,0.0,0.0,0.0,983.96,0.0,1
20240811,15,2848.514,2668.527,2655.185,92.444,67.573,2.415,0.0,0.0,1062.074,0.0,1
20240812,15,2792.559,2608.474,2595.431,90.93,67.349,2.7,0.0,0.0,1038.173,0.0,1
20240813,15,2899.627,2778.892,2764.998,92.993,68.38,0.171,0.344,0.0,1105.999,0.0,1
20240814,15,3010.354,2825.563,2811.436,94.293,70.012,2.228,0.0,0.0,1124.574,0.0,1
20240815,15,2712.67,2546.098,2533.367,93.981,63.299,2.23,0.0,0.0,1013.347,0.0,1
20240816,15,2881.87,2756.79,2743.006,93.264,67.763,0.354,0.0,0.182,1097.202,0.0,1
20240817,15,3295.022,3130.259,3114.607,94.374,76.567,1.042,0.0,0.0,1245.843,0.0,1
20240818,15,2702.185,2594.097,2581.127,94.448,62.742,0.0,0.0,0.0,1032.451,0.0,1
20240819,15,2562.822,2425.786,2413.657,94.92,59.21,1.403,0.0,0.0,965.463,0.0,1
20240820,15,2911.015,2729.355,2715.708,93.059,68.599,2.334,0.0,0.0,1086.283,0.0,1
20240821,15,2819.061,2706.299,2692.767,93.627,66.029,0.0,0.0,0.0,1077.107,0.0,1
20240822,15,3103.476,2879.651,2865.253,94.124,72.308,3.346,0.0,0.0,1146.101,0.0,1
20240823,15,2546.632,2391.23,2379.274,93.808,59.533,2.19,0.174,0.0,951.71,0.0,1
20240824,15,2799.385,2652.339,2639.078,91.466,67.118,1.305,0.0,0.0,1055.631,0.0,1
20240825,15,3115.83,2889.648,2875.2,93.41,73.15,3.395,0.0,0.0,1150.08,0.0,1
20240826,15,2962.106,2830.275,2816.124,92.987,69.858,0.469,0.0,0.0,1126.449,0.0,1
20240827,15,2698.371,2549.091,2536.346,95.046,62.259,1.596,0.0,0.0,1014.538,0.0,1
20240828,15,3217.763,3033.371,3018.204,94.898,74.359,1.803,0.0,0.0,1207.281,0.0,1
20240829,15,3123.283,2927.678,2913.04,94.553,72.439,2.357,0.0,0.0,1165.216,0.0,1
20240830,15,3032.636,2872.479,2858.117,93.612,71.043,1.334,0.0,0.0,1143.247,0.0,1
20240831,15,3155.227,3001.361,2986.354,94.318,73.362,0.913,0.0,0.0,1194.542,0.0,1
20240901,15,3005.788,2845.432,2831.205,92.912,70.945,1.391,0.0,0.0,1132.482,0.0,1
20240902,15,2932.748,2788.327,2774.386,92.285,69.691,0.963,0.0,0.0,1109.754,0.0,1
20240903,15,2939.96,2790.296,2776.344,94.38,68.312,1.136,0.0,0.0,1110.538,0.0,1
20240904,15,2659.717,2501.204,2488.698,94.679,61.605,2.041,0.0,0.0,995.479,0.0,1
20240905,15,2943.808,2812.147,2798.086,92.674,69.66,0.492,0.0,0.0,1119.234,0.0,1
20240906,15,3228.694,3048.114,3032.873,92.653,76.419,1.659,0.0,0.0,1213.149,0.0,1
20240907,15,2782.482,2647.164,2633.928,93.173,65.49,0.899,0.0,0.149,1053.571,0.0,1
20240908,15,3161.871,3035.396,3020.219,93.944,73.809,0.0,0.0,0.0,1208.088,0.0,1
20240909,15,3043.116,2921.392,2906.785,95.018,70.234,0.0,0.473,0.05,1162.714,0.0,1
20240910,15,2736.21,2514.568,2501.995,98.195,61.108,4.271,0.0,0.0,1000.798,0.0,1
20240911,15,2855.518,2717.197,2703.611,93.861,66.717,0.879,0.0,0.0,1081.444,0.0,1
20240912,15,2905.012,2788.812,2774.868,95.65,66.604,0.0,0.0,0.0,1109.947,0.0,1
20240913,15,2946.646,2798.74,2784.746,94.588,68.316,1.062,0.0,0.0,1113.899,0.0,1
20240914,15,3102.877,2965.992,2951.162,93.686,72.632,0.429,0.0,0.016,1180.465,0.0,1
20240915,15,2889.139,2721.307,2707.701,93.351,67.871,1.884,0.0,0.0,1083.08,0.0,1
20240916,15,2747.531,2573.669,2560.801,92.74,64.969,2.425,0.0,0.0,1024.32,0.0,1
20240917,15,3109.544,2942.331,2927.619,93.543,72.899,1.435,0.0,0.0,1171.048,0.0,1
20240918,15,2730.141,2590.412,2577.46,92.882,64.46,1.165,0.0,0.0,1030.984,0.0,1
20240919,15,2515.401,2373.748,2361.879,92.601,59.57,1.699,0.0,0.244,944.752,0.0,1
20240920,15,2855.016,2725.465,2711.837,92.676,67.558,0.56,0.0,0.0,1084.735,0.0,1
20240921,15,3194.534,3064.491,3049.169,93.377,75.024,0.074,0.0,0.081,1219.668,0.0,1
20240922,15,2843.852,2673.473,2660.105,91.792,67.942,2.074,0.0,0.0,1064.042,0.0,1
20240923,15,2861.177,2648.602,2635.359,95.107,65.973,3.573,0.0,0.0,1054.144,0.0,1
20240924,15,2974.906,2760.677,2746.873,93.304,69.921,3.335,0.0,0.0,1098.749,0.0,1
20240925,15,2577.92,2456.145,2443.864,93.549,60.432,0.754,0.0,0.0,977.546,0.0,1
20240926,15,2533.806,2424.04,2411.919,92.851,59.844,0.346,0.0,0.0,964.768,0.0,1
20240927,15,2823.443,2710.506,2696.953,95.291,64.977,0.0,0.0,0.0,1078.781,0.0,1
20240928,15,3235.552,3057.03,3041.744,94.988,74.699,1.581,0.0,0.0,1216.698,0.0,1
20240929,15,2565.49,2411.265,2399.209,93.935,59.893,2.095,0.0,0.0,959.683,0.0,1
20240930,15,2935.262,2817.851,2803.762,95.375,67.491,0.0,0.0,0.0,1121.505,0.0,1
20241001,15,2851.557,2737.495,2723.807,93.717,66.727,0.0,0.0,0.0,1089.523,0.0,1
20241002,15,2765.739,2599.343,2586.346,91.714,66.132,2.1,0.0,0.0,1034.538,0.0,1
20241003,15,2829.888,2700.691,2687.188,92.95,66.766,0.589,0.0,0.0,1074.875,0.0,1
20241004,15,3177.579,3040.549,3025.346,93.451,74.567,0.325,0.0,0.0,1210.138,0.0,1
20241005,15,2647.932,2521.848,2509.239,92.457,62.806,0.793,0.0,0.0,1003.695,0.0,1
20241006,15,2855.122,2692.396,2678.935,95.853,65.321,1.77,0.0,0.0,1071.574,0.0,1
20241007,15,2696.302,2560.627,2547.823,92.075,64.219,1.075,0.0,0.0,1019.129,0.0,1
20241008,15,2763.133,2652.608,2639.345,94.704,63.983,0.0,0.0,0.0,1055.738,0.0,1
20241009,15,2882.106,2754.537,2740.765,92.825,68.09,0.444,0.0,0.0,1096.306,0.0,1
20241010,15,3395.953,3230.717,3214.563,94.414,78.879,0.902,0.0,0.0,1285.825,0.0,1
20241011,15,3018.646,2826.485,2812.353,93.106,71.1,2.464,0.0,0.334,1124.941,0.0,1
20241012,15,3009.385,2844.711,2830.488,95.147,69.361,1.533,0.0,0.0,1132.195,0.0,1
20241013,15,3063.12,2852.345,2838.083,96.418,69.67,3.001,0.399,0.0,1135.233,0.0,1
20241014,15,2976.871,2823.332,2809.216,93.482,69.834,1.206,0.0,0.0,1123.686,0.0,1
20241015,15,2942.169,2781.563,2767.655,93.705,68.856,1.52,0.0,0.0,1107.062,0.0,1
20241016,15,2959.916,2818.023,2803.933,93.928,69.107,0.827,0.0,0.0,1121.573,0.0,1
20241017,15,2928.893,2792.689,2778.725,95.877,66.992,0.677,0.0,0.0,1111.49,0.0,1
20241018,15,2907.993,2734.501,2720.829,95.621,66.692,2.048,0.0,0.0,1088.332,0.0,1
20241019,15,2943.516,2825.775,2811.646,93.715,68.88,0.0,0.0,0.0,1124.659,0.0,1
20241020,15,2946.376,2826.659,2812.526,94.078,68.681,0.066,0.0,0.0,1125.01,0.0,1
20241021,15,3000.044,2783.005,2769.09,93.744,70.181,3.369,0.0,0.0,1107.636,0.0,1
20241022,15,2953.738,2835.588,2821.41,92.222,70.238,0.0,0.0,0.0,1128.564,0.0,1
20241023,15,2923.883,2780.493,2766.59,95.949,66.827,0.942,0.0,0.0,1106.636,0.0,1
20241024,15,2904.479,2788.3,2774.358,96.064,66.305,0.0,0.0,0.0,1109.743,0.0,1
20241025,15,3176.17,2988.571,2973.628,95.162,73.194,1.986,0.0,0.116,1189.451,0.0,1
20241026,15,2985.738,2866.308,2851.977,92.688,70.642,0.0,0.0,0.0,1140.791,0.0,1
20241027,15,2818.728,2659.563,2646.266,92.811,66.602,1.715,0.0,0.0,1058.506,0.0,1
20241028,15,2948.869,2805.025,2791.0,93.847,68.908,0.915,0.0,0.0,1116.4,0.0,1
20241029,15,2889.311,2747.186,2733.45,92.982,68.144,0.957,0.0,0.0,1093.38,0.0,1
20241030,15,2909.113,2774.242,2760.371,93.884,67.952,0.663,0.0,0.0,1104.148,0.0,1
20241031,15,3005.552,2885.33,2870.903,91.769,71.823,0.0,0.0,0.0,1148.361,0.0,1
20241101,15,2847.12,2682.656,2669.243,92.268,67.669,1.85,0.0,0.0,1067.697,0.0,1
20241102,15,3011.284,2868.466,2854.123,93.92,70.312,0.774,0.0,0.0,1141.649,0.0,1
20241103,15,2651.922,2545.846,2533.116,96.687,60.149,0.0,0.0,0.0,1013.247,0.0,1
20241104,15,2818.177,2669.624,2656.276,96.305,64.174,1.324,0.0,0.0,1062.51,0.0,1
20241105,15,2859.514,2741.638,2727.93,93.192,67.29,0.127,0.0,0.0,1091.172,0.0,1
20241106,15,2939.034,2783.247,2769.331,92.073,70.002,1.355,0.0,0.0,1107.732,0.0,1
20241107,15,2950.362,2780.806,2766.902,93.491,69.206,1.82,0.0,0.0,1106.761,0.0,1
20241108,15,2635.179,2529.772,2517.123,93.477,61.822,0.0,0.0,0.0,1006.849,0.0,1
20241109,15,2851.523,2649.624,2636.375,95.622,65.396,3.209,0.0,0.0,1054.55,0.0,1
20241110,15,3019.502,2860.756,2846.452,95.287,69.492,1.31,0.0,0.0,1138.581,0.0,1
20241111,15,3028.324,2836.613,2822.43,92.73,71.618,2.428,0.0,0.0,1128.972,0.0,1
20241112,15,2976.996,2822.824,2808.71,93.179,70.064,1.228,0.0,0.0,1123.484,0.0,1
20241113,15,2854.297,2690.557,2677.104,91.352,68.52,1.809,0.0,0.0,1070.842,0.0,1
20241114,15,2930.465,2813.247,2799.181,95.316,67.423,0.0,0.0,0.0,1119.672,0.0,1
20241115,15,3426.0,3288.96,3272.515,98.544,76.242,0.0,0.0,0.0,1309.006,0.0,1
20241116,15,2762.186,2613.834,2600.765,95.161,63.654,1.428,0.0,0.0,1040.306,0.0,1
20241117,15,2740.526,2586.669,2573.735,93.572,64.228,1.681,0.445,0.0,1029.494,0.0,1
20241118,15,2967.604,2817.992,2803.902,94.151,69.122,1.085,0.0,0.0,1121.561,0.0,1
20241119,15,2817.23,2647.461,2634.224,95.327,64.81,2.111,0.0,0.11,1053.69,0.0,1
20241120,15,3000.786,2786.261,2772.329,95.711,68.756,3.28,0.0,0.0,1108.932,0.0,1
20241121,15,3128.603,2974.66,2959.787,93.765,73.172,0.959,0.0,0.0,1183.915,0.0,1
20241122,15,3135.243,2973.606,2958.738,96.295,71.401,1.204,0.0,0.0,1183.495,0.0,1
20241123,15,2842.374,2658.679,2645.386,92.176,67.624,2.565,0.0,0.0,1058.154,0.0,1
20241124,15,3118.708,2976.712,2961.829,93.042,73.507,0.576,0.0,0.0,1184.731,0.0,1
20241125,15,2882.287,2755.081,2741.306,94.137,67.145,0.431,0.0,0.0,1096.522,0.0,1
20241126,15,3034.631,2895.522,2881.044,92.665,71.817,0.608,0.315,0.064,1152.418,0.0,1
20241127,15,2812.973,2656.406,2643.124,92.987,66.34,1.631,0.0,0.0,1057.25,0.0,1
20241128,15,3071.084,2912.758,2898.194,95.623,70.431,1.204,0.0,0.0,1159.278,0.0,1
20241129,15,3162.572,2990.127,2975.176,97.015,71.488,1.513,0.0,0.0,1190.07,0.0,1
20241130,15,2799.237,2615.589,2602.511,92.431,66.414,2.667,0.0,0.0,1041.004,0.0,1
20241201,15,2458.263,2319.818,2308.219,94.769,56.885,1.7,0.0,0.0,923.288,0.0,1
20241202,15,3213.486,3031.694,3016.536,92.923,75.838,1.726,0.0,0.0,1206.614,0.0,1
20241203,15,2864.351,2725.897,2712.267,96.364,65.185,0.868,0.0,0.0,1084.907,0.0,1
20241204,15,3011.385,2856.33,2842.049,95.037,69.488,1.197,0.0,0.0,1136.82,0.0,1
20241205,15,3013.284,2845.391,2831.164,95.959,68.864,1.637,0.0,0.0,1132.465,0.0,1
20241206,15,2864.076,2749.513,2735.765,95.209,65.969,0.0,0.0,0.0,1094.306,0.0,1
20241207,15,2678.556,2548.52,2535.777,93.184,63.037,0.89,0.0,0.0,1014.311,0.0,1
20241208,15,2651.945,2462.234,2449.923,93.429,62.247,3.285,0.0,0.0,979.969,0.0,1
20241209,15,2932.516,2780.723,2766.82,91.515,70.272,1.225,0.0,0.0,1106.728,0.0,1
20241210,15,2665.133,2552.583,2539.82,95.228,61.375,0.232,0.0,0.0,1015.928,0.0,1
20241211,15,3002.466,2837.325,2823.138,91.279,72.134,1.563,0.0,0.0,1129.255,0.0,1
20241212,15,2652.93,2524.711,2512.088,93.183,62.435,0.868,0.0,0.0,1004.835,0.0,1
20241213,15,2834.706,2668.291,2654.95,92.941,66.886,1.949,0.0,0.0,1061.98,0.0,1
20241214,15,2755.959,2643.387,2630.17,93.231,64.826,0.088,0.0,0.0,1052.068,0.0,1
20241215,15,2903.356,2748.916,2735.172,92.038,69.178,1.374,0.0,0.0,1094.069,0.0,1
20241216,15,2752.23,2594.292,2581.32,94.709,63.728,1.811,0.0,0.0,1032.528,0.0,1
20241217,15,2819.89,2707.095,2693.559,92.875,66.584,0.0,0.0,0.0,1077.424,0.0,1
20241218,15,2652.769,2489.003,2476.558,95.654,60.818,2.264,0.0,0.0,990.623,0.0,1
20241219,15,2883.119,2737.863,2724.174,91.012,69.47,1.081,0.0,0.0,1089.669,0.0,1
20241220,15,3010.046,2826.78,2812.647,94.76,69.66,2.175,0.0,0.0,1125.059,0.0,1
20241221,15,2725.806,2565.616,2552.788,93.28,64.083,1.955,0.0,0.0,1021.115,0.0,1
20241222,15,2509.052,2372.919,2361.055,91.024,60.449,1.485,0.0,0.0,944.422,0.0,1
20241223,15,3182.646,3049.077,3033.832,93.766,74.435,0.205,0.0,0.0,1213.533,0.0,1
20241224,15,2697.691,2558.03,2545.24,90.362,65.47,1.226,0.0,0.0,1018.096,0.0,1
20241225,15,2922.228,2740.504,2726.802,94.48,67.828,2.311,0.0,0.0,1090.721,0.0,1
20241226,15,2908.226,2740.681,2726.978,95.27,66.943,1.834,0.0,0.0,1090.791,0.0,1
20241227,15,2787.439,2625.392,2612.265,92.999,65.73,1.889,0.0,0.0,1044.906,0.0,1
20241228,15,2896.054,2776.158,2762.277,95.733,66.341,0.146,0.0,0.0,1104.911,0.0,1
20241229,15,3121.7,2917.028,2902.443,93.973,72.849,2.663,0.0,0.0,1160.977,0.0,1
20241230,15,2958.994,2826.031,2811.901,93.478,69.417,0.514,0.0,0.0,1124.76,0.0,1
20241231,15,3182.229,2983.389,2968.472,95.624,72.979,2.342,0.0,0.0,1187.389,0.0,1
20250101,15,2895.524,2689.586,2676.138,91.036,69.751,3.242,0.0,0.0,1070.455,0.0,1
20250102,15,2896.304,2751.288,2737.531,92.439,68.711,1.049,0.0,0.0,1095.013,0.0,1
20250103,15,2715.585,2595.85,2582.87,93.693,63.561,0.426,0.0,0.0,1033.148,0.0,1
20250104,15,2594.764,2419.057,2406.962,94.931,59.941,2.887,0.0,0.0,962.785,0.0,1
20250105,15,2991.316,2864.4,2850.078,93.842,69.904,0.253,0.0,0.0,1140.031,0.0,1
20250106,15,3133.725,2975.539,2960.661,94.412,72.79,1.092,0.0,0.0,1184.264,0.0,1
20250107,15,2840.847,2694.48,2681.008,96.963,64.25,1.2,0.0,0.0,1072.403,0.0,1
20250108,15,2935.41,2817.994,2803.904,92.871,69.315,0.0,0.0,0.0,1121.562,0.0,1
20250109,15,2815.084,2690.55,2677.097,92.785,66.535,0.441,0.0,0.0,1070.839,0.0,1
20250110,15,2810.487,2666.905,2653.57,95.448,64.573,1.155,0.0,0.0,1061.428,0.0,1
20250111,15,2572.376,2463.203,2450.887,92.323,61.102,0.254,0.0,0.0,980.355,0.0,1
20250112,15,2922.63,2731.349,2717.692,94.402,67.894,2.651,0.0,0.0,1087.077,0.0,1
20250113,15,2868.556,2692.843,2679.379,91.917,68.439,2.214,0.0,0.0,1071.752,0.0,1
20250114,15,3154.581,2981.022,2966.117,93.991,73.602,1.564,0.0,0.0,1186.447,0.0,1
20250115,15,3052.38,2875.637,2861.259,95.423,70.149,1.865,0.0,0.0,1144.504,0.0,1
20250116,15,2745.166,2590.804,2577.85,96.868,62.147,1.691,0.0,0.0,1031.14,0.0,1
20250117,15,2693.218,2537.632,2524.944,92.097,64.13,1.851,0.0,0.0,1009.978,0.0,1
20250118,15,3197.911,2977.825,2962.936,93.534,74.978,3.002,0.0,0.0,1185.174,0.0,1
20250119,15,2882.624,2724.9,2711.276,94.38,66.98,1.533,0.0,0.0,1084.51,0.0,1
20250120,15,2958.757,2838.172,2823.981,95.463,67.969,0.079,0.0,0.0,1129.593,0.0,1
20250121,15,2734.04,2624.679,2611.555,96.891,61.881,0.0,0.0,0.0,1044.622,0.0,1
20250122,15,2681.778,2574.507,2561.635,94.325,62.349,0.0,0.0,0.0,1024.654,0.0,1
20250123,15,2909.885,2676.777,2663.394,91.481,69.756,4.178,0.0,0.0,1065.357,0.0,1
20250124,15,3095.854,2949.632,2934.884,96.335,70.474,0.753,0.0,0.0,1173.954,0.0,1
20250125,15,3043.867,2898.712,2884.218,95.728,69.73,0.801,0.0,0.0,1153.687,0.0,1
20250126,15,2775.879,2664.844,2651.519,91.793,66.317,0.0,0.0,0.0,1060.608,0.0,1
20250127,15,2823.857,2643.623,2630.404,94.428,65.581,2.482,0.0,0.0,1052.162,0.0,1
20250128,15,3160.845,3034.411,3019.239,93.57,74.08,0.0,0.0,0.0,1207.696,0.0,1
20250129,15,2711.592,2588.247,2575.306,92.703,64.145,0.572,0.0,0.0,1030.122,0.0,1
20250130,15,2855.901,2687.159,2673.723,94.23,66.464,1.988,0.0,0.0,1069.489,0.0,1
20250131,15,3240.582,3079.807,3064.408,95.971,74.049,1.001,0.0,0.0,1225.763,0.0,1
20250201,15,2983.799,2807.021,2792.985,93.93,69.663,2.005,0.0,0.0,1117.194,0.0,1
20250202,15,2931.02,2813.779,2799.71,92.866,69.215,0.0,0.0,0.0,1119.884,0.0,1
20250203,15,3046.939,2859.662,2845.363,92.991,71.855,2.236,0.0,0.0,1138.145,0.0,1
20250204,15,2933.316,2781.112,2767.206,94.928,67.764,1.238,0.0,0.0,1106.882,0.0,1
20250205,15,2778.84,2659.214,2645.918,93.693,65.041,0.318,0.0,0.0,1058.367,0.0,1
20250206,15,2834.39,2686.499,2673.067,90.811,68.448,1.268,0.219,0.0,1069.227,0.0,1
20250207,15,2851.446,2737.388,2723.701,95.034,65.8,0.0,0.0,0.0,1089.48,0.0,1
20250208,15,2927.795,2810.683,2796.63,94.064,68.258,0.0,0.0,0.0,1118.652,0.0,1
20250209,15,2655.815,2490.43,2477.977,93.47,62.31,2.32,0.0,0.0,991.191,0.0,1
20250210,15,3042.756,2898.648,2884.154,95.174,70.11,0.767,0.0,0.0,1153.662,0.0,1
20250211,15,2950.676,2785.682,2771.754,93.244,69.396,1.658,0.0,0.0,1108.701,0.0,1
20250212,15,3011.812,2891.34,2876.883,92.094,71.719,0.0,0.0,0.0,1150.753,0.0,1
20250213,15,2988.133,2815.759,2801.68,93.839,69.831,1.842,0.0,0.0,1120.672,0.0,1
20250214,15,3102.488,2978.389,2963.497,94.509,71.99,0.0,0.0,0.0,1185.399,0.0,1
20250215,15,3137.177,3003.327,2988.311,94.827,72.551,0.278,0.0,0.0,1195.324,0.0,1
20250216,15,2926.586,2785.459,2771.532,90.334,71.047,0.857,0.0,0.0,1108.613,0.0,1
20250217,15,2646.781,2520.177,2507.576,94.043,61.72,0.816,0.0,0.0,1003.03,0.0,1
20250218,15,2950.917,2780.623,2766.719,93.929,68.895,1.845,0.0,0.0,1106.688,0.0,1
20250219,15,2885.212,2752.932,2739.168,91.617,69.062,0.609,0.0,0.0,1095.667,0.0,1
20250220,15,3291.187,3093.422,3077.955,95.928,75.239,2.093,0.0,0.0,1231.182,0.0,1
20250221,15,2888.742,2723.047,2709.432,92.353,68.595,1.808,0.0,0.0,1083.773,0.0,1
20250222,15,2924.997,2724.233,2710.612,95.974,66.836,2.983,0.0,0.0,1084.245,0.0,1
20250223,15,2849.955,2723.801,2710.182,91.998,67.935,0.444,0.0,0.0,1084.073,0.0,1
20250224,15,2795.637,2574.892,2562.017,92.267,66.446,4.058,0.0,0.0,1024.807,0.0,1
20250225,15,2950.064,2752.391,2738.629,93.743,69.013,2.813,0.0,0.0,1095.452,0.0,1
20250226,15,2927.843,2719.558,2705.96,95.805,67.018,3.244,0.0,0.0,1082.384,0.0,1
20250227,15,3016.374,2871.741,2857.382,93.24,70.945,0.828,0.0,0.0,1142.953,0.0,1
20250228,15,2734.808,2599.509,2586.511,92.333,64.954,0.987,0.0,0.0,1034.605,0.0,1
20250301,15,3176.372,3001.921,2986.911,95.236,73.141,1.554,0.0,0.0,1194.765,0.0,1
20250302,15,2663.593,2501.3,2488.793,95.31,61.287,2.18,0.0,0.0,995.517,0.0,1
20250303,15,3097.528,2950.613,2935.86,94.164,72.138,0.774,0.0,0.0,1174.344,0.0,1
20250304,15,2696.441,2527.099,2514.463,92.49,63.934,2.375,0.0,0.0,1005.785,0.0,1
20250305,15,3007.756,2825.277,2811.151,95.741,68.894,2.153,0.0,0.0,1124.46,0.0,1
20250306,15,3002.377,2857.351,2843.065,95.958,68.615,0.865,0.0,0.0,1137.226,0.0,1
20250307,15,3234.56,3064.179,3048.858,93.052,76.23,1.32,0.0,0.0,1219.543,0.0,1
20250308,15,2836.028,2721.45,2707.842,92.469,67.259,0.042,0.0,0.046,1083.137,0.0,1
20250309,15,3070.721,2947.892,2933.153,93.968,71.663,0.0,0.508,0.0,1173.261,0.0,1
20250310,15,2818.47,2641.665,2628.456,91.485,67.562,2.368,0.0,0.0,1051.383,0.0,1
20250311,15,2789.171,2591.565,2578.607,93.467,65.441,3.213,0.0,0.0,1031.443,0.0,1
20250312,15,2759.196,2648.828,2635.584,93.673,64.596,0.0,0.0,0.212,1054.234,0.0,1
20250313,15,2764.889,2621.253,2608.147,94.512,64.154,1.245,0.0,0.0,1043.259,0.0,1
20250314,15,2789.193,2670.058,2656.708,94.344,64.834,0.283,0.0,0.0,1062.683,0.0,1
20250315,15,3157.472,3015.328,3000.251,94.576,73.214,0.523,0.0,0.0,1200.1,0.0,1
20250316,15,2469.561,2359.487,2347.69,93.045,58.205,0.476,0.0,0.0,939.076,0.0,1
20250317,15,3039.543,2858.443,2844.15,93.61,71.206,2.04,0.0,0.0,1137.66,0.0,1
20250318,15,3076.47,2924.5,2909.878,92.519,72.921,0.979,0.0,0.0,1163.951,0.0,1
20250319,15,2890.151,2774.545,2760.673,96.262,65.842,0.0,0.0,0.0,1104.269,0.0,1
20250320,15,3047.749,2893.067,2878.602,93.713,71.32,1.12,0.0,0.0,1151.441,0.0,1
20250321,15,2784.807,2654.251,2640.98,91.764,66.552,0.717,0.0,0.0,1056.392,0.0,1
20250322,15,2778.551,2596.702,2583.719,94.07,64.774,2.651,0.375,0.0,1033.488,0.0,1
20250323,15,2912.338,2775.854,2761.975,93.646,68.201,0.715,0.0,0.0,1104.79,0.0,1
20250324,15,2712.448,2548.847,2536.102,96.721,61.5,2.116,0.0,0.0,1014.441,0.0,1
20250325,15,3046.273,2895.816,2881.337,94.284,70.854,0.978,0.0,0.0,1152.535,0.0,1
20250326,15,2508.654,2393.725,2381.756,92.483,59.486,0.606,0.0,0.0,952.703,0.0,1
20250327,15,2946.945,2790.352,2776.401,93.002,69.489,1.368,0.0,0.0,1110.56,0.0,1
20250328,15,2763.911,2653.355,2640.088,92.49,65.534,0.0,0.0,0.0,1056.035,0.0,1
20250329,15,2962.359,2807.002,2792.967,91.474,71.019,1.296,0.0,0.0,1117.187,0.0,1
20250330,15,2741.38,2631.725,2618.566,94.019,63.942,0.0,0.0,0.0,1047.427,0.0,1
20250331,15,2841.559,2718.607,2705.014,94.713,65.794,0.341,0.0,0.0,1082.006,0.0,1
20250401,15,2884.328,2745.272,2731.546,94.002,67.289,0.855,0.0,0.04,1092.618,0.0,1
20250402,15,2476.243,2315.107,2303.532,93.392,58.146,2.612,0.0,0.0,921.413,0.0,1
20250403,15,2874.91,2759.913,2746.114,92.217,68.368,0.0,0.0,0.0,1098.445,0.0,1
20250404,15,2718.011,2558.908,2546.114,92.907,64.156,1.931,0.0,0.0,1018.445,0.0,1
20250405,15,2923.85,2712.62,2699.057,94.573,67.799,3.359,0.0,0.0,1079.623,0.0,1
20250406,15,2706.325,2528.09,2515.449,91.498,64.864,2.694,0.349,0.0,1006.18,0.0,1
20250407,15,2907.758,2755.254,2741.478,92.769,68.737,1.297,0.0,0.0,1096.591,0.0,1
20250408,15,3168.618,3041.873,3026.664,95.252,72.951,0.0,0.0,0.0,1210.666,0.0,1
20250409,15,3120.597,2995.773,2980.794,92.54,73.951,0.0,0.0,0.0,1192.318,0.0,1
20250410,15,2684.489,2577.109,2564.223,93.626,62.878,0.0,0.0,0.0,1025.689,0.0,1
20250411,15,3014.551,2857.571,2843.283,95.425,69.278,1.258,0.0,0.0,1137.313,0.0,1
20250412,15,3006.984,2850.213,2835.962,96.096,68.622,1.264,0.0,0.0,1134.385,0.0,1
20250413,15,2912.69,2696.589,2683.106,94.109,67.873,3.562,0.0,0.0,1073.242,0.0,1
20250414,15,2833.649,2698.72,2685.226,95.943,64.769,0.793,0.0,0.0,1074.091,0.0,1
20250415,15,2937.573,2820.07,2805.97,93.454,68.933,0.0,0.0,0.0,1122.388,0.0,1
20250416,15,2725.096,2616.092,2603.012,93.291,64.059,0.0,0.0,0.0,1041.205,0.0,1
20250417,15,2727.642,2581.728,2568.819,92.402,64.736,1.406,0.0,0.0,1027.528,0.0,1
20250418,15,3046.849,2910.492,2895.939,95.12,70.245,0.495,0.0,0.0,1158.376,0.0,1
20250419,15,3087.819,2940.539,2925.836,94.904,71.351,0.802,0.465,0.0,1170.334,0.0,1
20250420,15,2693.957,2586.199,2573.268,95.907,61.599,0.0,0.0,0.0,1029.307,0.0,1
20250421,15,2966.077,2797.214,2783.228,96.248,67.581,1.764,0.0,0.0,1113.291,0.0,1
20250422,15,3146.701,2939.424,2924.727,94.521,73.007,2.695,0.0,0.0,1169.891,0.0,1
20250423,15,2653.272,2501.722,2489.213,91.194,63.804,1.783,0.0,0.0,995.685,0.0,1
20250424,15,3134.727,2981.607,2966.699,94.512,72.735,0.922,0.0,0.0,1186.68,0.0,1
20250425,15,2564.501,2413.762,2401.694,93.136,60.384,1.956,0.0,0.0,960.677,0.0,1
20250426,15,2553.315,2422.175,2410.064,91.618,61.117,1.183,0.0,0.0,964.026,0.0,1
20250427,15,3197.554,2987.512,2972.574,93.888,74.687,2.676,0.0,0.0,1189.03,0.0,1
20250428,15,2819.307,2702.805,2689.291,95.001,65.08,0.138,0.0,0.0,1075.716,0.0,1
20250429,15,2857.76,2692.73,2679.266,91.226,68.698,1.849,0.0,0.0,1071.707,0.0,1
20250430,15,2695.734,2559.338,2546.542,94.665,62.449,1.104,0.0,0.0,1018.617,0.0,1
20250501,15,3134.876,2958.115,2943.325,92.825,74.061,1.707,0.0,0.0,1177.33,0.0,1
20250502,15,2816.595,2597.563,2584.575,92.177,67.009,3.934,0.0,0.0,1033.83,0.0,1
20250503,15,2657.951,2469.192,2456.846,92.342,63.122,3.231,0.345,0.0,982.738,0.0,1
20250504,15,2960.658,2753.239,2739.473,93.628,69.345,3.131,0.0,0.0,1095.789,0.0,1
20250505,15,2888.535,2761.098,2747.292,92.089,68.787,0.429,0.0,0.0,1098.917,0.0,1
20250506,15,2931.334,2780.675,2766.771,94.321,68.154,1.187,0.0,0.0,1106.708,0.0,1
20250507,15,2861.124,2688.229,2674.788,89.788,69.88,2.128,0.0,0.0,1069.915,0.0,1
20250508,15,2955.636,2815.168,2801.092,93.59,69.256,0.784,0.0,0.0,1120.437,0.0,1
20250509,15,3146.624,2977.64,2962.752,94.696,72.87,1.427,0.0,0.0,1185.101,0.0,1
20250510,15,2921.944,2738.521,2724.829,93.53,68.51,2.372,0.0,0.0,1089.932,0.0,1
20250511,15,2816.636,2664.372,2651.05,94.171,65.592,1.464,0.0,0.0,1060.42,0.0,1
20250512,15,2629.054,2488.972,2476.527,93.328,61.777,1.384,0.0,0.0,990.611,0.0,1
20250513,15,2809.78,2622.978,2609.863,95.573,64.472,2.759,0.0,0.0,1043.945,0.0,1
20250514,15,2629.912,2523.002,2510.387,93.39,61.755,0.068,0.0,0.0,1004.155,0.0,1
20250515,15,2708.62,2541.216,2528.51,93.92,63.245,2.271,0.0,0.0,1011.404,0.0,1
20250516,15,2627.115,2522.03,2509.42,93.829,61.401,0.0,0.0,0.0,1003.768,0.0,1
20250517,15,3115.437,2981.1,2966.194,98.157,69.604,0.325,0.0,0.0,1186.478,0.0,1
20250518,15,3035.143,2872.047,2857.687,92.685,71.814,1.431,0.0,0.0,1143.075,0.0,1
20250519,15,3067.637,2944.612,2929.889,95.144,70.706,0.011,0.0,0.374,1171.956,0.0,1
20250520,15,2784.081,2618.773,2605.68,93.395,65.372,2.018,0.0,0.0,1042.272,0.0,1
20250521,15,2921.014,2786.484,2772.552,95.225,67.269,0.631,0.0,0.072,1109.021,0.0,1
20250522,15,2883.512,2768.172,2754.331,94.82,66.689,0.0,0.0,0.0,1101.732,0.0,1
20250523,15,3142.106,2966.849,2952.015,93.025,74.072,1.643,0.0,0.0,1180.806,0.0,1
20250524,15,2673.523,2566.582,2553.749,92.176,63.607,0.0,0.0,0.0,1021.5,0.0,1
20250525,15,3028.674,2807.239,2793.203,93.378,71.128,3.449,0.0,0.0,1117.281,0.0,1
20250526,15,2974.071,2838.396,2824.204,95.911,68.002,0.585,0.0,0.0,1129.681,0.0,1
20250527,15,2862.256,2712.93,2699.365,91.818,68.362,1.268,0.0,0.0,1079.746,0.0,1
20250528,15,2882.579,2750.087,2736.336,92.729,68.171,0.621,0.0,0.0,1094.535,0.0,1
20250529,15,2681.998,2528.82,2516.176,92.685,63.458,1.783,0.0,0.0,1006.47,0.0,1
20250530,15,2996.798,2810.74,2796.686,95.626,68.725,2.301,0.0,0.0,1118.675,0.0,1
20250531,15,2908.168,2774.559,2760.687,94.277,67.647,0.619,0.0,0.0,1104.275,0.0,1
20250601,15,2728.445,2542.847,2530.133,93.566,63.949,2.919,0.0,0.0,1012.053,0.0,1
20250602,15,2871.376,2723.386,2709.769,90.639,69.472,1.202,0.0,0.0,1083.908,0.0,1
20250603,15,3114.108,2975.151,2960.276,93.588,72.97,0.481,0.0,0.0,1184.11,0.0,1
20250604,15,2884.904,2768.365,2754.523,94.822,66.72,0.041,0.0,0.0,1101.809,0.0,1
20250605,15,2899.877,2770.608,2756.755,94.017,67.64,0.477,0.0,0.618,1102.702,0.0,1
20250606,15,2965.486,2805.197,2791.171,93.875,69.276,1.464,0.0,0.0,1116.468,0.0,1
20250607,15,2634.319,2523.662,2511.044,93.32,61.905,0.209,0.0,0.0,1004.418,0.0,1
20250608,15,2805.608,2691.058,2677.603,93.384,65.886,0.086,0.0,0.0,1071.041,0.0,1
20250609,15,2879.186,2648.21,2634.969,92.647,68.151,4.19,0.165,0.0,1053.988,0.0,1
20250610,15,3021.87,2900.995,2886.49,94.48,70.141,0.0,0.0,0.0,1154.596,0.0,1
20250611,15,2919.866,2718.646,2705.052,91.474,70.0,3.012,0.0,0.0,1082.021,0.0,1
20250612,15,2736.546,2540.857,2528.153,94.501,63.504,3.282,0.0,0.0,1011.261,0.0,1
20250613,15,2902.921,2712.351,2698.789,90.89,70.041,2.672,0.0,0.0,1079.516,0.0,1
20250614,15,2830.653,2717.427,2703.84,91.84,67.591,0.0,0.0,0.0,1081.536,0.0,1
20250615,15,2884.484,2745.205,2731.479,94.007,67.289,0.863,0.0,0.0,1092.591,0.0,1
20250616,15,2616.791,2481.855,2469.446,92.745,61.875,1.205,0.0,0.0,987.778,0.0,1
20250617,15,2880.724,2735.109,2721.434,93.645,67.461,1.099,0.0,0.0,1088.573,0.0,1
20250618,15,2870.407,2755.591,2741.813,94.057,66.925,0.0,0.0,0.0,1096.725,0.0,1
20250619,15,2840.194,2699.042,2685.547,95.772,65.035,1.01,0.0,0.0,1074.219,0.0,1
20250620,15,2903.771,2742.097,2728.387,92.913,68.537,1.633,0.0,0.0,1091.355,0.0,1
20250621,15,2853.736,2693.257,2679.791,91.655,68.28,1.691,0.0,0.0,1071.916,0.0,1
20250622,15,2756.747,2559.943,2547.143,93.023,64.989,3.27,0.0,0.0,1018.857,0.0,1
20250623,15,2779.084,2619.117,2606.022,93.762,65.0,1.829,0.0,0.0,1042.409,0.0,1
20250624,15,2678.442,2528.603,2515.96,91.04,64.519,1.661,0.0,0.0,1006.384,0.0,1
20250625,15,2680.279,2541.03,2528.325,95.855,61.32,1.245,0.0,0.0,1011.33,0.0,1
20250626,15,2869.182,2727.95,2714.31,92.595,67.953,0.961,0.0,0.0,1085.724,0.0,1
20250627,15,2983.96,2837.459,2823.272,95.653,68.412,0.948,0.0,0.0,1129.309,0.0,1
20250628,15,3092.899,2858.309,2844.018,91.891,73.812,3.734,0.0,0.0,1137.607,0.0,1
20250629,15,3031.455,2851.517,2837.259,95.275,69.776,2.016,0.0,0.0,1134.904,0.0,1
20250630,15,2925.091,2773.669,2759.801,95.146,67.419,1.226,0.0,0.0,1103.92,0.0,1
20250701,15,3049.097,2861.395,2847.088,95.458,70.048,2.246,0.0,0.0,1138.835,0.0,1
20250702,15,3152.931,2982.63,2967.717,95.11,72.698,1.46,0.945,0.0,1187.087,0.0,1
20250703,15,3278.365,3105.209,3089.683,96.292,74.662,1.335,0.0,0.0,1235.873,0.0,1
20250704,15,3098.858,2908.766,2894.222,96.928,70.111,2.223,0.0,0.0,1157.689,0.0,1
20250705,15,2766.699,2616.578,2603.495,93.813,64.675,1.485,0.0,0.0,1041.398,0.0,1
20250706,15,2968.402,2838.901,2824.707,94.074,69.197,0.378,0.0,0.0,1129.883,0.0,1
20250707,15,2564.09,2403.038,2391.022,92.009,61.114,2.376,0.0,0.0,956.409,0.0,1
20250708,15,2870.239,2755.429,2741.652,91.247,68.982,0.0,0.0,0.0,1096.661,0.0,1
20250709,15,2786.334,2653.305,2640.038,92.582,66.0,0.807,0.0,0.0,1056.015,0.0,1
20250710,15,3115.088,2990.484,2975.532,92.538,73.822,0.0,0.0,0.0,1190.213,0.0,1
20250711,15,3048.732,2875.662,2861.284,94.439,70.795,1.747,0.0,0.0,1144.514,0.0,1
20250712,15,2866.623,2723.001,2709.386,91.754,68.514,1.052,0.0,0.0,1083.754,0.0,1
20250713,15,2854.167,2740.001,2726.301,94.737,66.068,0.0,0.0,0.0,1090.52,0.0,1
20250714,15,2586.0,2448.701,2436.457,93.487,60.661,1.364,0.0,0.0,974.583,0.0,1
20250715,15,2804.161,2647.589,2634.351,92.447,66.519,1.65,0.0,0.0,1053.741,0.0,1
20250716,15,2665.193,2500.478,2487.976,94.205,62.042,2.271,0.0,0.0,995.19,0.0,1
20250717,15,3042.095,2867.099,2852.763,94.449,70.634,1.826,0.0,0.0,1141.105,0.0,1
20250718,15,3004.749,2841.186,2826.98,96.776,68.089,1.504,0.0,0.0,1130.792,0.0,1
20250719,15,2780.348,2669.134,2655.788,95.093,64.119,0.0,0.0,0.0,1062.315,0.0,1
20250720,15,2895.591,2725.585,2711.957,92.644,68.542,1.949,0.0,0.0,1084.783,0.0,1
20250721,15,2623.265,2451.555,2439.297,92.868,61.946,2.652,0.0,0.0,975.719,0.0,1
20250722,15,2957.479,2824.537,2810.414,95.128,68.179,0.516,0.0,0.0,1124.166,0.0,1
20250723,15,2833.136,2686.135,2672.705,94.042,66.066,1.238,0.0,0.0,1069.082,0.0,1
20250724,15,2730.687,2615.279,2602.202,93.706,63.906,0.236,0.0,0.0,1040.881,0.0,1
20250725,15,2951.665,2826.295,2812.164,92.286,70.14,0.258,0.0,0.0,1124.865,0.0,1
20250726,15,2853.82,2695.979,2682.499,94.024,66.562,1.595,0.0,0.0,1073.0,0.0,1
20250727,15,2826.833,2657.32,2644.033,96.476,64.256,2.08,0.0,0.0,1057.613,0.0,1
20250728,15,2808.667,2696.32,2682.838,92.549,66.552,0.0,0.0,0.0,1073.135,0.0,1
20250729,15,3011.225,2883.682,2869.264,93.699,70.476,0.245,0.0,0.0,1147.705,0.0,1
20250730,15,3349.768,3208.998,3192.953,95.528,76.899,0.211,0.0,0.0,1277.181,0.0,1
20250731,15,2887.313,2748.474,2734.732,94.895,66.724,0.842,0.0,0.0,1093.893,0.0,1
20250801,15,2808.91,2660.42,2647.118,95.645,64.404,1.34,0.0,0.0,1058.847,0.0,1
20250802,15,3187.749,2989.108,2974.163,93.871,74.471,2.324,0.0,0.071,1189.665,0.0,1
20250803,15,3236.825,3098.432,3082.94,93.603,75.834,0.287,0.0,0.0,1233.176,0.0,1
20250804,15,2909.697,2757.107,2743.322,93.939,67.926,1.296,0.0,0.0,1097.329,0.0,1
20250805,15,2983.608,2822.436,2808.324,94.105,69.529,1.46,0.0,0.0,1123.329,0.0,1
20250806,15,3164.05,3004.279,2989.258,94.657,73.304,1.093,0.0,0.0,1195.703,0.0,1
20250807,15,2810.503,2675.508,2662.13,93.142,66.172,0.837,0.0,0.0,1064.852,0.0,1
20250808,15,2887.263,2763.47,2749.652,95.321,66.425,0.3,0.0,0.0,1099.861,0.0,1
20250809,15,3018.53,2845.984,2831.754,93.182,71.039,1.788,0.0,0.0,1132.702,0.0,1
20250810,15,3048.5,2884.492,2870.069,92.197,72.511,1.437,0.0,0.0,1148.028,0.0,1
20250811,15,2717.802,2584.711,2571.788,95.045,62.708,0.934,0.0,0.0,1028.715,0.0,1
20250812,15,2378.831,2283.678,2272.259,94.818,55.018,0.0,0.0,0.0,908.904,0.0,1
20250813,15,2865.909,2707.844,2694.305,95.492,65.816,1.578,0.187,0.0,1077.722,0.0,1
20250814,15,2675.791,2546.406,2533.674,93.697,62.627,0.87,0.0,0.0,1013.469,0.0,1
20250815,15,3135.818,2960.786,2945.982,95.12,72.296,1.648,0.0,0.0,1178.393,0.0,1
20250816,15,2925.0,2808.0,2793.96,95.653,67.06,0.0,0.0,0.0,1117.584,0.0,1
20250817,15,2778.721,2623.588,2610.471,93.056,65.484,1.649,0.0,0.0,1044.188,0.0,1
20250818,15,2773.287,2644.931,2631.707,94.823,64.138,0.654,0.0,0.0,1052.683,0.0,1
20250819,15,2852.446,2730.988,2717.333,92.881,67.349,0.269,0.0,0.0,1086.933,0.0,1
20250820,15,2717.908,2551.085,2538.33,94.355,63.169,2.227,0.0,0.0,1015.332,0.0,1
20250821,15,2825.198,2712.19,2698.629,96.098,64.472,0.0,0.0,0.0,1079.452,0.0,1
20250822,15,3256.958,3037.581,3022.393,95.979,74.416,2.85,0.0,0.0,1208.957,0.0,1
20250823,15,2982.851,2803.554,2789.536,94.84,68.973,2.095,0.0,0.0,1115.814,0.0,1
20250824,15,3042.406,2920.71,2906.107,93.812,71.12,0.0,0.0,0.0,1162.443,0.0,1
20250825,15,2670.237,2563.428,2550.611,94.714,61.826,0.0,0.0,0.0,1020.244,0.0,1
20250826,15,3105.7,2924.108,2909.487,92.594,73.555,1.924,0.0,0.0,1163.795,0.0,1
20250827,15,2751.462,2635.797,2622.618,93.987,64.2,0.212,0.0,0.0,1049.047,0.0,1
20250828,15,2737.159,2623.092,2609.976,91.641,65.501,0.174,0.0,0.0,1043.991,0.0,1
20250829,15,2642.637,2530.812,2518.158,93.692,61.854,0.241,0.0,0.0,1007.263,0.0,1
20250830,15,2799.258,2687.288,2673.851,93.525,65.637,0.0,0.0,0.0,1069.541,0.0,1
20250831,15,2838.688,2694.986,2681.511,93.346,66.69,1.107,0.0,0.0,1072.604,0.0,1
20250901,15,2962.584,2820.503,2806.4,93.195,69.713,0.829,0.088,0.0,1122.56,0.0,1
20250902,15,2817.558,2665.53,2652.203,91.935,67.209,1.454,0.0,0.0,1060.881,0.0,1
20250903,15,2867.699,2721.242,2707.636,95.595,65.786,1.153,0.0,0.0,1083.054,0.0,1
20250904,15,2952.567,2802.295,2788.283,91.555,70.722,1.135,0.0,0.0,1115.313,0.0,1
20250905,15,2720.301,2611.489,2598.432,91.539,65.17,0.0,0.0,0.0,1039.373,0.0,1
20250906,15,2732.751,2562.21,2549.399,93.492,64.101,2.334,0.0,0.0,1019.76,0.0,1
20250907,15,2944.835,2780.787,2766.883,94.023,68.685,1.636,0.0,0.0,1106.753,0.0,1
20250908,15,2940.563,2780.179,2766.278,92.464,69.741,1.515,0.0,0.0,1106.511,0.0,1
20250909,15,3212.412,3046.418,3031.185,94.184,74.798,1.216,0.0,0.0,1212.474,0.0,1
20250910,15,2632.974,2468.431,2456.089,90.964,63.476,2.343,0.0,0.0,982.436,0.0,1
20250911,15,3038.424,2874.741,2860.367,96.355,69.153,1.445,0.0,0.0,1144.147,0.0,1
20250912,15,2730.205,2562.302,2549.49,92.099,65.009,2.239,0.0,0.0,1019.796,0.0,1
20250913,15,2620.31,2491.329,2478.872,92.539,62.096,0.961,0.0,0.0,991.549,0.0,1
20250914,15,2937.076,2779.077,2765.182,96.899,66.471,1.437,0.0,0.0,1106.073,0.0,1
20250915,15,3074.439,2915.012,2900.437,96.772,69.671,1.235,0.0,0.0,1160.175,0.0,1
20250916,15,3156.341,2987.319,2972.383,96.557,71.686,1.411,0.0,0.0,1188.953,0.0,1
20250917,15,2712.538,2592.54,2579.577,95.455,62.318,0.441,0.0,0.0,1031.831,0.0,1
20250918,15,2704.869,2558.992,2546.197,94.962,62.464,1.451,0.0,0.0,1018.479,0.0,1
20250919,15,3027.114,2903.102,2888.587,93.496,71.002,0.101,0.0,0.0,1155.435,0.0,1
20250920,15,2774.758,2629.882,2616.733,91.574,66.449,1.272,0.0,0.0,1046.693,0.0,1
20250921,15,3110.011,2980.081,2965.181,93.608,72.86,0.185,0.0,0.0,1186.072,0.0,1
20250922,15,3091.002,2955.422,2940.645,94.324,71.864,0.402,0.0,0.0,1176.258,0.0,1
20250923,15,3343.09,3143.363,3127.646,94.48,77.597,2.057,0.0,0.0,1251.058,0.0,1
20250924,15,2691.493,2574.233,2561.362,94.045,62.762,0.372,0.0,0.0,1024.545,0.0,1
20250925,15,3065.081,2904.739,2890.216,94.172,71.377,1.283,0.0,0.0,1156.086,0.0,1
20250926,15,2919.178,2802.41,2788.398,92.386,69.293,0.0,0.0,0.0,1115.359,0.0,1
20250927,15,2839.692,2724.334,2710.712,92.049,67.653,0.065,0.0,0.0,1084.285,0.0,1
20250928,15,2958.85,2820.993,2806.888,91.63,70.814,0.687,0.0,0.0,1122.755,0.0,1
20250929,15,3257.991,3127.671,3112.033,97.533,73.254,0.0,0.0,0.0,1244.813,0.0,1
20250930,15,2983.733,2864.384,2850.062,94.569,69.191,0.0,0.0,0.0,1140.025,0.0,1
20251001,15,3227.403,3089.806,3074.357,93.577,75.634,0.274,0.0,0.0,1229.743,0.0,1
20251002,15,2714.173,2587.225,2574.289,94.315,63.109,0.705,0.0,0.0,1029.716,0.0,1
20251003,15,2769.528,2590.933,2577.978,91.301,66.522,2.551,0.0,0.0,1031.191,0.0,1
20251004,15,2483.212,2329.592,2317.944,94.627,57.548,2.277,0.0,0.0,927.178,0.0,1
20251005,15,3166.444,3033.638,3018.47,95.589,72.644,0.202,0.0,0.0,1207.388,0.0,1
20251006,15,2935.736,2818.307,2804.215,94.578,68.071,0.0,0.0,0.0,1121.686,0.0,1
20251007,15,3077.682,2931.18,2916.524,94.314,71.562,0.792,0.0,0.0,1166.61,0.0,1
20251008,15,2740.053,2602.384,2589.372,95.996,62.595,1.067,0.0,0.0,1035.749,0.0,1
20251009,15,2641.805,2475.143,2462.768,94.488,61.314,2.405,0.0,0.0,985.107,0.0,1
20251010,15,2835.997,2681.393,2667.986,90.262,68.902,1.512,0.0,0.0,1067.194,0.0,1
20251011,15,3135.305,2914.877,2900.302,94.267,72.938,3.157,0.0,0.0,1160.121,0.0,1
20251012,15,3197.507,3033.986,3018.816,94.819,73.952,1.16,0.0,0.0,1207.527,0.0,1
20251013,15,3024.558,2855.282,2841.005,93.148,71.207,1.663,0.0,0.0,1136.402,0.0,1
20251014,15,2693.729,2585.98,2573.05,93.59,63.119,0.0,0.125,0.0,1029.22,0.0,1
20251015,15,3045.932,2852.083,2837.823,96.256,69.395,2.463,0.0,0.0,1135.129,0.0,1
20251016,15,2951.243,2771.249,2757.393,95.115,68.044,2.186,0.0,0.0,1102.957,0.0,1
20251017,15,3016.837,2896.164,2881.683,93.519,70.744,0.0,0.0,0.0,1152.673,0.0,1
20251018,15,2818.174,2660.724,2647.421,94.475,65.416,1.653,0.0,0.0,1058.968,0.0,1
20251019,15,3244.507,3041.626,3026.418,95.633,74.4,2.347,0.0,0.0,1210.567,0.0,1
20251020,15,2817.448,2660.053,2646.753,93.645,65.979,1.653,0.0,0.0,1058.701,0.0,1
20251021,15,3051.884,2922.045,2907.435,94.323,70.955,0.265,0.0,0.0,1162.974,0.0,1
20251022,15,2859.524,2744.758,2731.034,94.843,66.119,0.014,0.0,0.0,1092.414,0.0,1
20251023,15,2989.646,2831.03,2816.874,95.254,68.829,1.36,0.0,0.0,1126.75,0.0,1
20251024,15,2726.946,2540.715,2528.011,92.017,64.99,2.947,0.0,0.0,1011.204,0.0,1
20251025,15,2956.584,2814.67,2800.596,93.651,69.233,0.833,0.0,0.0,1120.238,0.0,1
20251026,15,2791.26,2663.08,2649.765,92.603,66.101,0.617,0.0,0.0,1059.906,0.0,1
20251027,15,3042.42,2865.442,2851.115,94.954,70.265,1.893,0.0,0.0,1140.446,0.0,1
20251028,15,2930.928,2781.241,2767.335,93.732,68.573,1.153,0.0,0.0,1106.934,0.0,1
20251029,15,2820.531,2675.155,2661.779,94.176,65.679,1.202,0.0,0.0,1064.712,0.0,1
20251030,15,2754.166,2640.037,2626.837,93.393,64.671,0.15,0.0,0.0,1050.735,0.0,1
20251031,15,2756.66,2606.32,2593.289,93.44,64.697,1.514,0.0,0.0,1037.316,0.0,1
20251101,15,3096.143,2939.391,2924.694,95.743,70.917,1.107,0.0,0.0,1169.878,0.0,1
20251102,15,2693.471,2557.338,2544.552,94.592,62.444,1.098,0.0,0.0,1017.821,0.0,1
20251103,15,2858.012,2743.691,2729.973,94.338,66.437,0.0,0.0,0.0,1091.989,0.0,1
20251104,15,2919.694,2802.907,2788.892,92.19,69.452,0.0,0.0,0.0,1115.557,0.0,1
20251105,15,3079.433,2925.221,2910.595,95.707,70.56,1.05,0.0,0.0,1164.238,0.0,1
20251106,15,3012.386,2868.192,2853.851,93.33,70.782,0.82,0.0,0.0,1141.54,0.0,1
20251107,15,3071.684,2901.341,2886.834,95.351,70.646,1.61,0.0,0.0,1154.734,0.0,1
20251108,15,2739.975,2630.376,2617.224,92.018,65.299,0.0,0.0,0.0,1046.89,0.0,1
20251109,15,3032.343,2911.049,2896.494,92.858,71.613,0.0,0.0,0.0,1158.598,0.0,1
20251110,15,2609.977,2470.442,2458.089,92.913,61.602,1.402,0.0,0.0,983.236,0.0,1
20251111,15,2804.655,2692.468,2679.006,94.944,64.781,0.0,0.0,0.0,1071.602,0.0,1
20251112,15,3034.377,2913.002,2898.437,97.378,68.335,0.0,0.0,0.0,1159.375,0.0,1
20251113,15,3191.96,2951.284,2936.527,93.759,74.659,3.688,0.0,0.0,1174.611,0.0,1
20251114,15,2914.894,2778.987,2765.092,94.676,67.518,0.69,0.0,0.0,1106.037,0.0,1
20251115,15,3165.719,3006.806,2991.772,94.066,73.803,1.062,0.0,0.0,1196.709,0.0,1
20251116,15,2965.63,2749.325,2735.578,93.503,69.555,3.431,0.0,0.0,1094.231,0.0,1
20251117,15,2593.05,2489.328,2476.882,94.123,60.416,0.0,0.0,0.0,990.753,0.0,1
20251118,15,2954.875,2817.598,2803.51,93.275,69.472,0.673,0.0,0.0,1121.404,0.0,1
20251119,15,2770.146,2607.911,2594.871,91.996,66.034,1.934,0.0,0.0,1037.949,0.0,1
20251120,15,3097.819,2917.545,2902.957,92.739,73.253,1.895,0.0,0.0,1161.183,0.0,1
20251121,15,3211.599,3030.717,3015.563,94.603,74.448,1.7,0.0,0.0,1206.225,0.0,1
20251122,15,3074.559,2951.577,2936.819,95.721,70.438,0.0,0.0,0.0,1174.728,0.0,1
20251123,15,2654.177,2504.028,2491.508,94.769,61.418,1.726,0.0,0.0,996.603,0.0,1
20251124,15,3252.064,3121.981,3106.371,93.411,76.348,0.0,0.0,0.0,1242.548,0.0,1
20251125,15,2825.12,2667.809,2654.469,93.819,66.036,1.634,0.0,0.0,1061.788,0.0,1
20251126,15,3257.009,3126.729,3111.095,95.107,75.1,0.0,0.0,0.0,1244.438,0.0,1
20251127,15,3124.314,2965.353,2950.526,93.245,73.479,1.133,0.0,0.0,1180.21,0.0,1
20251128,15,2868.835,2683.987,2670.567,93.004,67.646,2.545,0.0,0.0,1068.227,0.0,1
20251129,15,3090.081,2966.477,2951.645,94.923,71.39,0.0,0.0,0.0,1180.658,0.0,1
20251130,15,2795.654,2643.258,2630.042,94.555,64.839,1.512,0.0,0.0,1052.017,0.0,1
20251201,15,2993.772,2807.613,2793.575,90.865,72.253,2.311,0.0,0.0,1117.43,0.0,1
20251202,15,2562.944,2435.084,2422.908,93.985,59.802,1.03,0.0,0.0,969.163,0.0,1
20251203,15,2939.686,2745.403,2731.676,93.401,69.021,2.718,0.0,0.0,1092.67,0.0,1
20251204,15,2812.013,2668.861,2655.517,92.702,66.521,1.136,0.0,0.0,1062.207,0.0,1
20251205,15,3099.725,2975.736,2960.858,95.176,71.422,0.0,0.0,0.0,1184.343,0.0,1
20251206,15,2748.382,2608.242,2595.201,94.071,64.07,1.145,0.0,0.0,1038.08,0.0,1
20251207,15,3068.535,2915.295,2900.719,93.368,72.073,1.035,0.0,0.0,1160.288,0.0,1
20251208,15,2899.837,2764.44,2750.617,95.505,66.586,0.697,0.0,0.133,1100.247,0.0,1
20251209,15,2554.48,2452.301,2440.039,92.226,60.741,0.0,0.0,0.0,976.016,0.0,1
20251210,15,3239.296,3061.728,3046.419,96.547,73.578,1.543,0.0,0.0,1218.568,0.0,1
20251211,15,2918.043,2752.44,2738.677,94.245,67.9,1.745,0.0,0.0,1095.471,0.0,1
20251212,15,2384.672,2253.504,2242.236,95.727,54.63,1.563,0.0,0.0,896.894,0.0,1
20251213,15,2612.97,2461.181,2448.875,93.036,61.591,1.884,0.0,0.0,979.55,0.0,1
20251214,15,2810.117,2641.461,2628.254,94.14,65.461,2.085,0.0,0.0,1051.302,0.0,1
20251215,15,2874.094,2706.158,2692.627,95.166,66.23,1.92,0.0,0.0,1077.051,0.0,1
20251216,15,3083.497,2927.281,2912.645,94.592,71.486,1.111,0.0,0.0,1165.058,0.0,1
20251217,15,2979.763,2860.572,2846.27,93.888,69.6,0.0,0.0,0.0,1138.508,0.0,1
20251218,15,2963.044,2812.887,2798.823,95.242,68.225,1.112,0.0,0.0,1119.529,0.0,1
20251219,15,2876.604,2756.222,2742.44,93.103,67.757,0.193,0.0,0.0,1096.976,0.0,1
20251220,15,2667.435,2518.755,2506.161,93.344,62.668,1.639,0.0,0.0,1002.464,0.0,1
20251221,15,2833.627,2713.622,2700.054,96.676,64.278,0.245,0.0,0.0,1080.021,0.0,1
20251222,15,2758.563,2648.221,2634.98,93.995,64.36,0.0,0.0,0.0,1053.992,0.0,1
20251223,15,2718.303,2581.244,2568.338,92.969,64.12,1.085,0.0,0.0,1027.335,0.0,1
20251224,15,2796.117,2642.879,2629.664,93.797,65.374,1.542,0.0,0.0,1051.866,0.0,1
20251225,15,3149.757,2993.307,2978.341,95.22,72.541,1.007,0.0,0.0,1191.336,0.0,1
20251226,15,3281.064,3106.32,3090.789,95.134,75.633,1.381,0.0,0.0,1236.315,0.0,1
20251227,15,3057.538,2935.236,2920.56,93.657,71.593,0.0,0.0,0.0,1168.224,0.0,1
20251228,15,2969.941,2816.357,2802.275,94.065,69.24,1.22,0.0,0.0,1120.91,0.0,1
20251229,15,2709.441,2542.973,2530.258,94.073,63.161,2.233,0.0,0.0,1012.103,0.0,1
20251230,15,3392.561,3161.484,3145.677,94.147,79.024,2.928,0.0,0.0,1258.271,0.0,1
20251231,15,3042.247,2920.557,2905.954,95.249,70.044,0.0,0.0,0.0,1162.382,0.0,1
20240101,16,173.316,164.858,164.034,95.131,24.487,3.432,0.0,0.0,0.0,123.025,1
20240102,16,193.639,190.735,189.781,97.65,26.653,0.0,0.238,0.0,0.0,142.336,1
20240103,16,218.312,210.369,209.318,96.48,30.413,2.171,0.0,0.0,0.0,156.988,1
20240104,16,195.56,189.848,188.899,97.638,26.921,1.442,0.0,0.0,0.0,141.674,1
20240105,16,179.5,175.668,174.789,97.69,24.697,0.645,0.0,0.0,0.0,131.092,1
20240106,16,202.75,198.289,197.298,100.0,27.251,0.711,0.0,0.0,0.0,147.973,1
20240107,16,209.971,199.77,198.771,100.0,28.222,3.41,0.0,0.0,0.0,149.078,1
20240108,16,194.008,187.028,186.093,97.725,26.684,2.13,0.0,0.0,0.0,139.57,1
20240109,16,187.663,183.061,182.146,98.664,25.565,0.967,0.0,0.0,0.0,136.609,1
20240110,16,220.342,212.918,211.853,99.039,29.903,1.898,0.0,0.0,0.0,158.89,1
20240111,16,226.491,221.386,220.279,97.703,31.158,0.765,0.0,0.0,0.0,165.209,1
20240112,16,235.073,226.47,225.338,97.391,32.442,2.192,0.0,0.0,0.0,169.004,1
20240113,16,198.168,192.102,191.142,96.855,27.5,1.585,0.0,0.0,0.0,143.356,1
20240114,16,206.064,199.919,198.92,97.822,28.313,1.504,0.0,0.0,0.0,149.19,1
20240115,16,230.44,225.482,224.354,97.303,31.832,0.662,0.0,0.0,0.0,168.266,1
20240116,16,214.55,209.423,208.376,97.406,29.605,0.903,0.0,0.0,0.0,156.282,1
20240117,16,220.709,217.303,216.217,96.694,30.679,0.044,0.0,0.0,0.0,162.163,1
20240118,16,231.739,220.111,219.011,94.737,32.878,3.571,0.0,0.0,0.0,164.258,1
20240119,16,210.442,203.636,202.617,99.156,28.526,1.761,0.0,0.0,0.0,151.963,1
20240120,16,186.213,183.419,182.502,95.157,26.302,0.0,0.0,0.0,0.0,136.877,1
20240121,16,201.996,194.81,193.836,95.721,28.364,2.089,0.0,0.0,0.0,145.377,1
20240122,16,194.38,187.108,186.172,95.607,27.327,2.275,0.0,0.0,0.0,139.629,1
20240123,16,224.476,218.117,217.027,98.912,30.503,1.353,0.0,0.0,0.0,162.77,1
20240124,16,202.063,195.558,194.58,98.83,27.48,1.745,0.215,0.0,0.0,145.935,1
20240125,16,187.842,181.073,180.167,97.802,25.815,2.136,0.0,0.0,0.0,135.125,1
20240126,16,247.968,239.74,238.542,98.367,33.883,1.846,0.0,0.0,0.0,178.906,1
20240127,16,188.377,181.644,180.736,99.304,25.497,2.106,0.0,0.0,0.0,135.552,1
20240128,16,246.95,239.96,238.76,99.087,33.498,1.351,0.0,0.0,0.0,179.07,1
20240129,16,203.036,193.067,192.101,95.957,28.44,3.462,0.0,0.0,0.0,144.076,1
20240130,16,171.108,167.429,166.591,96.287,23.885,0.661,0.0,0.0,0.0,124.944,1
20240131,16,186.916,184.112,183.192,96.003,26.169,0.0,0.0,0.0,0.0,137.394,1
20240201,16,183.33,179.944,179.045,97.788,25.198,0.352,0.0,0.0,0.0,134.284,1
20240202,16,209.357,204.116,203.095,97.627,28.823,1.019,0.0,0.0,0.0,152.322,1
20240203,16,225.337,217.333,216.246,97.744,30.986,2.083,0.0,0.0,0.0,162.185,1
20240204,16,225.989,220.288,219.186,98.137,30.952,1.038,0.0,0.0,0.0,164.39,1
20240205,16,190.105,186.385,185.453,95.169,26.849,0.463,0.388,0.0,0.0,139.09,1
20240206,16,221.465,215.809,214.73,97.284,30.598,1.07,0.0,0.0,0.0,161.047,1
20240207,16,210.589,207.43,206.393,95.879,29.522,0.0,0.0,0.0,0.0,154.795,1
20240208,16,197.271,189.934,188.985,98.323,26.967,2.253,0.0,0.0,0.0,141.738,1
20240209,16,215.716,205.897,204.868,99.068,29.267,3.098,0.0,0.0,0.0,153.651,1
20240210,16,225.906,222.518,221.405,98.232,30.91,0.0,0.0,0.0,0.0,166.054,1
20240211,16,192.632,186.326,185.394,97.344,26.598,1.8,0.0,0.0,0.0,139.046,1
20240212,16,244.419,239.166,237.97,98.685,33.29,0.659,0.0,0.0,0.0,178.477,1
20240213,16,237.996,230.394,229.242,99.762,32.065,1.72,0.0,0.0,0.0,171.932,1
20240214,16,209.405,202.695,201.681,100.0,28.146,1.73,0.0,0.0,0.0,151.261,1
20240215,16,231.418,223.326,222.209,99.168,31.366,2.027,0.0,0.0,0.0,166.657,1
20240216,16,194.237,185.423,184.496,96.263,27.12,3.084,0.0,0.0,0.0,138.372,1
20240217,16,176.273,169.863,169.014,97.186,24.379,2.169,0.0,0.0,0.0,126.76,1
20240218,16,199.076,189.782,188.833,97.743,27.375,3.217,0.0,0.0,0.0,141.625,1
20240219,16,236.787,233.209,232.043,99.371,32.028,0.011,0.0,0.0,0.0,174.032,1
20240220,16,209.491,203.263,202.246,96.796,29.09,1.496,0.0,0.0,0.0,151.685,1
20240221,16,218.34,210.245,209.193,96.576,30.387,2.241,0.0,0.0,0.0,156.895,1
20240222,16,245.042,238.954,237.759,99.766,33.013,1.0,0.0,0.0,0.0,178.319,1
20240223,16,216.786,208.844,207.8,95.471,30.52,2.196,0.0,0.0,0.0,155.85,1
20240224,16,164.641,160.313,159.511,98.257,22.522,1.146,0.0,0.0,0.0,119.633,1
20240225,16,194.4,188.038,187.097,96.491,27.079,1.8,0.0,0.0,0.0,140.323,1
20240226,16,222.127,215.531,214.453,96.93,30.801,1.492,0.0,0.0,0.0,160.84,1
20240227,16,200.904,193.354,192.387,98.167,27.507,2.292,0.0,0.0,0.0,144.29,1
20240228,16,213.772,206.165,205.134,98.87,29.061,2.09,0.0,0.0,0.0,153.85,1
20240229,16,200.075,194.373,193.402,98.25,27.371,1.37,0.0,0.0,0.0,145.051,1
20240301,16,188.4,184.827,183.903,100.0,25.323,0.402,0.0,0.0,0.0,137.928,1
20240302,16,195.288,190.866,189.912,95.891,27.373,0.776,0.0,0.0,0.0,142.434,1
20240303,16,217.486,214.125,213.054,99.437,29.397,0.046,0.0,0.0,0.0,159.791,1
20240304,16,186.578,182.466,181.554,95.397,26.288,0.715,0.0,0.0,0.0,136.165,1
20240305,16,196.884,191.58,190.622,96.943,27.297,1.212,0.0,0.0,0.0,142.966,1
20240306,16,212.653,207.003,205.968,97.872,29.204,1.175,0.0,0.189,0.0,154.476,1
20240307,16,180.123,174.531,173.659,97.254,24.894,1.629,0.0,0.0,0.0,130.244,1
20240308,16,227.932,223.745,222.627,98.186,31.202,0.342,0.0,0.0,0.0,166.97,1
20240309,16,219.442,215.079,214.004,96.039,30.711,0.496,0.0,0.0,0.0,160.503,1
20240310,16,159.362,155.621,154.842,97.877,21.884,0.861,0.0,0.0,0.0,116.132,1
20240311,16,189.043,180.465,179.563,97.177,26.147,3.084,0.0,0.0,0.0,134.672,1
20240312,16,184.435,180.319,179.418,97.845,25.336,0.743,0.061,0.0,0.0,134.563,1
20240313,16,200.816,197.804,196.815,97.394,27.714,0.0,0.0,0.0,0.0,147.611,1
20240314,16,186.934,183.365,182.448,98.746,25.445,0.415,0.0,0.0,0.0,136.836,1
20240315,16,180.441,177.51,176.622,100.0,24.253,0.126,0.0,0.0,0.0,132.467,1
20240316,16,191.17,187.372,186.435,96.64,26.588,0.494,0.0,0.0,0.0,139.826,1
20240317,16,177.165,169.466,168.618,97.363,24.457,2.889,0.0,0.0,0.0,126.464,1
20240318,16,162.756,160.315,159.514,95.94,22.802,0.0,0.0,0.0,0.0,119.635,1
20240319,16,178.639,173.171,172.305,98.527,24.37,1.585,0.0,0.0,0.0,129.229,1
20240320,16,176.837,170.245,169.394,97.532,24.37,2.262,0.0,0.0,0.0,127.045,1
20240321,16,205.687,198.723,197.729,97.008,28.499,1.914,0.0,0.0,0.0,148.297,1
20240322,16,216.381,207.028,205.993,99.831,29.133,2.865,0.0,0.0,0.0,154.495,1
20240323,16,175.275,171.509,170.651,99.669,23.637,0.659,0.0,0.0,0.0,127.988,1
20240324,16,168.92,165.061,164.236,99.707,22.771,0.796,0.0,0.197,0.0,123.177,1
20240325,16,154.346,147.313,146.576,97.233,21.336,3.103,0.0,0.0,0.0,109.932,1
20240326,16,176.205,173.308,172.441,98.686,23.999,0.146,0.0,0.0,0.0,129.331,1
20240327,16,201.017,194.358,193.386,99.52,27.149,1.84,0.0,0.0,0.0,145.04,1
20240328,16,183.915,180.985,180.08,99.461,24.854,0.094,0.0,0.0,0.0,135.06,1
20240329,16,194.497,186.767,185.833,96.92,26.973,2.512,0.108,0.0,0.0,139.375,1
20240330,16,208.611,205.482,204.454,96.046,29.193,0.0,0.0,0.0,0.0,153.341,1
20240331,16,197.143,194.186,193.215,100.0,26.498,0.0,0.0,0.0,0.0,144.911,1
20240401,16,180.895,173.983,173.113,97.74,24.876,2.357,0.0,0.0,0.0,129.834,1
20240402,16,192.28,185.198,184.273,100.0,25.844,2.216,0.0,0.0,0.0,138.204,1
20240403,16,193.024,186.656,185.723,98.904,26.232,1.827,0.0,0.0,0.0,139.292,1
20240404,16,187.69,182.089,181.179,96.39,26.172,1.506,0.0,0.0,0.0,135.884,1
20240405,16,195.426,192.494,191.532,98.939,26.548,0.0,0.0,0.0,0.0,143.649,1
20240406,16,197.783,194.816,193.842,98.107,27.097,0.0,0.0,0.0,0.0,145.382,1
20240407,16,209.516,204.752,203.729,96.657,29.135,0.785,0.0,0.0,0.0,152.796,1
20240408,16,149.968,144.258,143.537,96.491,20.89,2.342,0.0,0.0,0.0,107.653,1
20240409,16,167.47,161.963,161.153,98.62,22.824,1.816,0.0,0.0,0.0,120.865,1
20240410,16,169.571,162.006,161.196,97.878,23.286,3.006,0.0,0.0,0.0,120.897,1
20240411,16,162.499,156.156,155.375,95.75,22.811,2.44,0.0,0.0,0.0,116.531,1
20240412,16,158.52,156.086,155.305,96.556,22.066,0.036,0.0,0.0,0.0,116.479,1
20240413,16,147.624,143.771,143.052,98.504,20.143,1.127,0.0,0.0,0.0,107.289,1
20240414,16,173.278,170.679,169.826,96.777,24.066,0.0,0.0,0.0,0.0,127.369,1
20240415,16,198.768,195.787,194.808,97.901,27.289,0.0,0.0,0.0,0.0,146.106,1
20240416,16,199.048,196.062,195.082,98.88,27.057,0.0,0.0,0.0,0.0,146.312,1
20240417,16,162.425,158.079,157.289,96.723,22.571,1.194,0.0,0.0,0.0,117.967,1
20240418,16,153.766,148.316,147.574,96.731,21.366,2.076,0.0,0.0,0.0,110.68,1
20240419,16,182.085,179.353,178.457,97.103,25.204,0.0,0.0,0.0,0.0,133.843,1
20240420,16,150.449,146.502,145.77,97.69,20.7,1.14,0.0,0.0,0.0,109.327,1
20240421,16,164.069,161.376,160.569,96.59,22.831,0.144,0.0,0.0,0.0,120.427,1
20240422,16,160.713,155.057,154.282,97.218,22.219,2.05,0.0,0.098,0.0,115.711,1
20240423,16,163.611,161.157,160.351,95.405,23.05,0.0,0.0,0.0,0.0,120.263,1
20240424,16,175.367,170.108,169.257,99.451,23.701,1.522,0.411,0.0,0.0,126.943,1
20240425,16,206.436,201.014,200.009,98.475,28.176,1.143,0.0,0.0,0.0,150.007,1
20240426,16,155.552,149.903,149.153,95.83,21.817,2.164,0.0,0.0,0.0,111.865,1
20240427,16,173.049,170.274,169.423,97.754,23.794,0.105,0.0,0.0,0.0,127.067,1
20240428,16,175.033,171.594,170.736,95.719,24.578,0.472,0.0,0.0,0.0,128.052,1
20240429,16,175.095,172.352,171.491,96.818,24.308,0.067,0.0,0.0,0.0,128.618,1
20240430,16,175.4,171.884,171.024,99.304,23.74,0.512,0.0,0.0,0.0,128.268,1
20240501,16,167.329,164.266,163.444,100.0,22.491,0.336,0.0,0.0,0.0,122.583,1
20240502,16,161.742,155.958,155.178,96.213,22.595,2.108,0.0,0.0,0.0,116.384,1
20240503,16,153.789,151.482,150.725,97.249,21.255,0.0,0.0,0.0,0.0,113.043,1
20240504,16,153.868,149.611,148.863,98.415,21.014,1.286,0.0,0.0,0.0,111.647,1
20240505,16,152.797,149.201,148.455,95.152,21.584,0.867,0.0,0.0,0.0,111.341,1
20240506,16,140.984,135.811,135.132,100.0,18.949,2.202,0.0,0.0,0.0,101.349,1
20240507,16,167.611,165.096,164.271,97.151,23.189,0.0,0.0,0.0,0.0,123.203,1
20240508,16,179.502,175.522,174.644,99.166,24.329,0.728,0.0,0.0,0.0,130.983,1
20240509,16,173.429,167.167,166.331,96.603,24.13,2.143,0.0,0.0,0.0,124.748,1
20240510,16,147.948,142.119,141.408,96.419,20.624,2.477,0.0,0.0,0.0,106.056,1
20240511,16,151.263,148.674,147.931,96.074,21.162,0.215,0.0,0.0,0.0,110.948,1
20240512,16,140.933,137.663,136.975,96.339,19.662,0.833,0.0,0.0,0.0,102.731,1
20240513,16,170.67,166.271,165.439,96.67,23.73,1.094,0.0,0.0,0.0,124.08,1
20240514,16,156.091,153.75,152.981,98.282,21.347,0.0,0.0,0.0,0.0,114.736,1
20240515,16,147.58,140.583,139.88,100.0,19.836,3.29,0.0,0.0,0.0,104.91,1
20240516,16,168.057,164.163,163.343,97.936,23.064,0.829,0.0,0.0,0.0,122.507,1
20240517,16,164.461,160.238,159.436,99.409,22.236,1.084,0.0,0.0,0.0,119.577,1
20240518,16,164.479,157.973,157.183,98.005,22.557,2.492,0.0,0.0,0.0,117.888,1
20240519,16,151.539,146.584,145.851,97.868,20.812,1.797,0.0,0.0,0.0,109.388,1
20240520,16,132.544,128.337,127.695,95.755,18.605,1.7,0.0,0.0,0.0,95.771,1
20240521,16,137.984,134.429,133.757,97.831,18.957,1.092,0.0,0.0,0.0,100.318,1
20240522,16,127.39,123.595,122.977,94.396,18.139,1.502,0.0,0.0,0.0,92.232,1
20240523,16,166.148,161.577,160.769,98.267,22.726,1.27,0.0,0.0,0.0,120.577,1
20240524,16,155.546,150.298,149.547,97.837,21.369,1.902,0.0,0.0,0.0,112.16,1
20240525,16,129.938,126.673,126.04,99.824,17.496,1.028,0.0,0.0,0.0,94.53,1
20240526,16,152.882,150.315,149.563,100.0,20.549,0.182,0.0,0.124,0.0,112.173,1
20240527,16,153.659,150.604,149.851,96.268,21.454,0.495,0.0,0.0,0.0,112.389,1
20240528,16,134.503,131.408,130.751,96.702,18.695,0.814,0.0,0.0,0.0,98.063,1
20240529,16,130.496,128.538,127.896,100.0,17.54,0.0,0.0,0.188,0.0,95.922,1
20240530,16,145.22,142.452,141.74,98.611,19.794,0.412,0.0,0.0,0.0,106.305,1
20240531,16,156.72,154.369,153.598,96.593,21.808,0.0,0.0,0.0,0.0,115.198,1
20240601,16,150.574,145.962,145.232,95.857,21.113,1.587,0.0,0.0,0.0,108.924,1
20240602,16,159.775,152.531,151.768,97.601,22.003,3.08,0.0,0.0,0.0,113.826,1
20240603,16,131.117,129.15,128.504,96.924,18.183,0.0,0.0,0.0,0.0,96.378,1
20240604,16,124.28,120.244,119.643,95.167,17.553,1.774,0.0,0.0,0.0,89.732,1
20240605,16,164.568,159.779,158.98,98.916,22.362,1.431,0.0,0.0,0.0,119.235,1
20240606,16,153.312,149.459,148.711,99.57,20.695,1.029,0.0,0.0,0.0,111.534,1
20240607,16,152.839,148.24,147.499,98.083,20.945,1.532,0.0,0.0,0.0,110.624,1
20240608,16,155.987,150.552,149.799,97.661,21.468,2.014,0.0,0.0,0.0,112.349,1
20240609,16,133.82,129.905,129.255,99.099,18.15,1.447,0.0,0.0,0.0,96.941,1
20240610,16,134.053,130.751,130.097,98.868,18.224,0.977,0.0,0.0,0.0,97.573,1
20240611,16,175.7,173.064,172.199,99.149,23.818,0.0,0.0,0.0,0.0,129.149,1
20240612,16,151.822,146.699,145.965,96.215,21.209,1.903,0.0,0.149,0.0,109.474,1
20240613,16,136.179,133.443,132.776,96.602,18.948,0.517,0.0,0.0,0.0,99.582,1
20240614,16,141.157,138.823,138.129,97.103,19.539,0.156,0.0,0.0,0.0,103.596,1
20240615,16,166.468,163.834,163.015,97.836,22.87,0.084,0.0,0.0,0.0,122.261,1
20240616,16,142.97,138.761,138.067,97.271,19.755,1.466,0.0,0.0,0.0,103.551,1
20240617,16,168.895,163.692,162.874,96.413,23.546,1.605,0.0,0.0,0.0,122.155,1
20240618,16,151.891,148.633,147.889,98.926,20.637,0.655,0.0,0.0,0.0,110.917,1
20240619,16,145.982,143.764,143.046,96.796,20.271,0.019,0.0,0.0,0.0,107.284,1
20240620,16,132.216,127.901,127.262,96.575,18.401,1.79,0.0,0.0,0.0,95.446,1
20240621,16,173.642,171.037,170.182,99.374,23.486,0.0,0.0,0.0,0.0,127.636,1
20240622,16,145.449,139.905,139.205,97.88,19.973,2.347,0.0,0.0,0.0,104.404,1
20240623,16,145.542,141.849,141.14,96.198,20.335,1.053,0.0,0.0,0.0,105.855,1
20240624,16,122.852,120.179,119.578,97.038,17.017,0.686,0.0,0.0,0.0,89.683,1
20240625,16,145.526,140.238,139.537,97.634,20.034,2.166,0.0,0.0,0.0,104.653,1
20240626,16,122.835,119.171,118.575,97.728,16.894,1.505,0.0,0.0,0.0,88.932,1
20240627,16,160.925,156.856,156.071,96.102,22.507,1.044,0.0,0.0,0.0,117.053,1
20240628,16,128.306,126.382,125.75,98.06,17.587,0.0,0.0,0.0,0.0,94.312,1
20240629,16,136.893,133.617,132.949,97.735,18.826,0.907,0.0,0.0,0.0,99.712,1
20240630,16,146.661,144.461,143.739,97.396,20.24,0.0,0.0,0.0,0.0,107.804,1
20240701,16,156.589,153.349,152.583,96.647,21.777,0.578,0.0,0.0,0.0,114.437,1
20240702,16,146.505,144.308,143.586,98.238,20.045,0.0,0.0,0.0,0.0,107.69,1
20240703,16,107.409,103.754,103.236,97.721,14.773,1.931,0.0,0.0,0.0,77.427,1
20240704,16,115.998,112.612,112.049,97.331,16.019,1.441,0.0,0.0,0.0,84.036,1
20240705,16,133.57,131.567,130.909,97.753,18.366,0.0,0.0,0.0,0.0,98.182,1
20240706,16,154.636,148.201,147.46,100.0,20.784,2.702,0.0,0.0,0.0,110.595,1
20240707,16,134.154,130.636,129.983,100.0,18.032,1.14,0.0,0.0,0.0,97.487,1
20240708,16,133.244,131.157,130.501,96.972,18.468,0.067,0.0,0.0,0.0,97.876,1
20240709,16,159.311,154.342,153.571,95.654,22.386,1.644,0.0,0.0,0.0,115.178,1
20240710,16,130.807,125.319,124.692,97.896,17.959,2.737,0.0,0.0,0.0,93.519,1
20240711,16,126.046,122.602,121.989,96.519,17.553,1.251,0.0,0.0,0.0,91.492,1
20240712,16,125.079,122.656,122.042,97.936,17.166,0.444,0.0,0.0,0.0,91.532,1
20240713,16,131.755,126.696,126.062,97.171,18.225,2.376,0.0,0.0,0.0,94.547,1
20240714,16,129.392,125.609,124.981,98.538,17.65,1.446,0.0,0.0,0.0,93.735,1
20240715,16,135.531,130.069,129.419,95.395,19.096,2.568,0.0,0.0,0.0,97.064,1
20240716,16,135.424,130.651,129.998,97.37,18.694,2.055,0.0,0.0,0.0,97.498,1
20240717,16,148.38,144.621,143.898,98.9,20.165,1.049,0.0,0.0,0.0,107.923,1
20240718,16,144.047,140.56,139.857,93.547,20.697,0.935,0.0,0.0,0.0,104.893,1
20240719,16,136.701,132.991,132.326,96.606,19.019,1.232,0.0,0.0,0.0,99.245,1
20240720,16,160.338,152.128,151.367,99.16,21.733,3.676,0.0,0.0,0.0,113.525,1
20240721,16,150.281,148.027,147.287,98.392,20.529,0.0,0.0,0.0,0.0,110.465,1
20240722,16,166.342,162.608,161.795,96.239,23.232,0.756,0.0,0.0,0.0,121.346,1
20240723,16,148.92,146.686,145.952,97.505,20.528,0.0,0.0,0.0,0.0,109.464,1
20240724,16,150.395,148.139,147.399,97.702,20.69,0.0,0.0,0.145,0.0,110.549,1
20240725,16,161.894,154.962,154.187,99.313,21.91,2.824,0.0,0.0,0.0,115.64,1
20240726,16,150.013,147.763,147.024,98.083,20.557,0.0,0.0,0.0,0.0,110.268,1
20240727,16,134.066,131.497,130.839,98.996,18.202,0.422,0.0,0.0,0.0,98.13,1
20240728,16,151.629,149.125,148.379,96.05,21.218,0.154,0.0,0.0,0.0,111.284,1
20240729,16,141.078,136.591,135.908,97.819,19.385,1.706,0.0,0.0,0.0,101.931,1
20240730,16,153.888,151.579,150.821,97.378,21.241,0.0,0.0,0.0,0.0,113.116,1
20240731,16,112.394,109.742,109.193,96.678,15.626,0.872,0.0,0.0,0.0,81.895,1
20240801,16,152.052,147.618,146.88,98.417,20.766,1.437,0.0,0.0,0.0,110.16,1
20240802,16,152.182,145.994,145.264,96.607,21.173,2.605,0.0,0.0,0.0,108.948,1
20240803,16,121.071,118.541,117.948,97.54,16.683,0.599,0.0,0.0,0.0,88.461,1
20240804,16,113.369,110.429,109.877,95.239,15.999,1.109,0.0,0.0,0.0,82.408,1
20240805,16,128.014,124.666,124.043,95.561,18.006,1.132,0.0,0.0,0.0,93.032,1
20240806,16,131.264,126.739,126.106,97.539,18.088,1.977,0.0,0.0,0.0,94.579,1
20240807,16,122.143,120.034,119.434,98.479,16.671,0.23,0.0,0.0,0.0,89.575,1
20240808,16,143.6,136.797,136.113,98.173,19.66,3.287,0.0,0.0,0.0,102.085,1
20240809,16,144.203,141.53,140.822,99.455,19.488,0.359,0.0,0.0,0.0,105.617,1
20240810,16,135.603,129.142,128.496,96.029,18.98,3.314,0.0,0.0,0.0,96.372,1
20240811,16,149.963,146.331,145.6,98.091,20.549,0.936,0.0,0.0,0.0,109.2,1
20240812,16,133.634,130.314,129.662,96.516,18.61,1.0,0.0,0.0,0.0,97.247,1
20240813,16,125.5,122.302,121.69,98.272,17.165,1.064,0.0,0.0,0.0,91.268,1
20240814,16,165.444,157.423,156.636,96.334,23.083,3.399,0.0,0.265,0.0,117.477,1
20240815,16,118.51,115.268,114.692,97.786,16.289,1.254,0.0,0.0,0.0,86.019,1
20240816,16,137.643,135.578,134.9,95.869,19.298,0.0,0.0,0.0,0.0,101.175,1
20240817,16,159.684,157.289,156.503,95.947,22.369,0.0,0.77,0.0,0.0,117.377,1
20240818,16,139.922,136.432,135.75,97.461,19.297,1.009,0.0,0.0,0.0,101.812,1
20240819,16,174.298,171.684,170.825,99.871,23.458,0.0,0.0,0.0,0.0,128.119,1
20240820,16,123.899,117.683,117.094,95.184,17.496,3.571,0.0,0.0,0.0,87.821,1
20240821,16,162.657,160.217,159.416,96.435,22.671,0.0,0.0,0.0,0.0,119.562,1
20240822,16,132.57,130.581,129.928,96.854,18.397,0.0,0.0,0.0,0.0,97.446,1
20240823,16,141.334,136.32,135.639,98.173,19.35,2.078,0.0,0.0,0.0,101.729,1
20240824,16,170.695,166.741,165.907,99.324,23.099,0.829,0.0,0.0,0.0,124.43,1
20240825,16,161.928,156.572,155.789,96.917,22.457,1.835,0.0,0.0,0.0,116.842,1
20240826,16,145.377,143.196,142.48,100.0,19.54,0.0,0.0,0.0,0.0,106.86,1
20240827,16,150.325,147.306,146.569,96.287,20.984,0.516,0.0,0.0,0.0,109.927,1
20240828,16,137.689,133.04,132.374,97.166,19.046,1.905,0.0,0.0,0.0,99.281,1
20240829,16,152.285,146.544,145.811,97.715,20.947,2.305,0.0,0.0,0.0,109.358,1
20240830,16,155.59,153.256,152.49,94.824,22.054,0.0,0.0,0.0,0.0,114.368,1
20240831,16,152.319,148.643,147.9,96.137,21.296,0.927,0.0,0.0,0.0,110.925,1
20240901,16,125.042,120.731,120.128,96.33,17.447,1.977,0.0,0.0,0.0,90.096,1
20240902,16,152.706,150.415,149.663,97.451,21.062,0.0,0.0,0.0,0.0,112.247,1
20240903,16,126.832,124.161,123.54,98.816,17.252,0.615,0.0,0.0,0.0,92.655,1
20240904,16,139.675,137.142,136.456,99.33,18.9,0.318,0.0,0.0,0.0,102.342,1
20240905,16,154.306,150.243,149.492,97.261,21.324,1.15,0.0,0.0,0.0,112.119,1
20240906,16,146.217,142.453,141.74,100.0,19.653,1.091,0.0,0.0,0.0,106.305,1
20240907,16,150.585,145.567,144.839,98.849,20.476,1.86,0.0,0.0,0.0,108.63,1
20240908,16,129.533,120.761,120.157,98.161,17.737,5.352,0.0,0.0,0.0,90.118,1
20240909,16,131.051,127.188,126.552,97.364,18.091,1.47,0.155,0.0,0.0,94.914,1
20240910,16,137.653,134.079,133.409,97.925,18.894,1.113,0.0,0.0,0.0,100.057,1
20240911,16,181.038,176.097,175.216,98.367,24.737,1.248,0.0,0.0,0.0,131.412,1
20240912,16,162.458,153.845,153.075,96.591,22.606,3.86,0.0,0.742,0.0,114.806,1
20240913,16,148.605,144.389,143.667,97.859,20.411,1.358,0.0,0.0,0.0,107.75,1
20240914,16,170.563,168.004,167.164,94.861,24.167,0.0,0.0,0.0,0.0,125.373,1
20240915,16,167.909,164.528,163.706,95.84,23.548,0.521,0.406,0.0,0.0,122.779,1
20240916,16,139.379,135.086,134.411,96.28,19.458,1.604,0.0,0.0,0.0,100.808,1
20240917,16,158.617,154.053,153.283,95.522,22.319,1.399,0.0,0.0,0.0,114.962,1
20240918,16,159.166,154.928,154.153,95.952,22.296,1.18,0.0,0.0,0.0,115.615,1
20240919,16,169.269,165.333,164.507,99.212,22.932,0.837,0.0,0.0,0.0,123.38,1
20240920,16,199.998,192.836,191.872,99.132,27.117,2.113,0.0,0.0,0.0,143.904,1
20240921,16,149.673,147.201,146.465,95.584,21.047,0.154,0.0,0.0,0.0,109.848,1
20240922,16,168.104,161.902,161.093,98.457,22.949,2.222,0.0,0.0,0.0,120.819,1
20240923,16,144.932,139.082,138.386,97.566,19.966,2.576,0.0,0.0,0.0,103.79,1
20240924,16,170.047,166.461,165.628,96.424,23.703,0.618,0.0,0.0,0.0,124.221,1
20240925,16,192.186,186.613,185.68,100.0,25.831,1.421,0.0,0.0,0.0,139.26,1
20240926,16,179.844,177.147,176.261,97.652,24.754,0.0,0.0,0.0,0.0,132.196,1
20240927,16,185.415,181.73,180.821,98.64,25.265,0.495,0.0,0.0,0.0,135.616,1
20240928,16,180.887,176.3,175.418,96.955,25.076,1.052,0.0,0.0,0.0,131.564,1
20240929,16,139.887,136.693,136.01,99.655,18.867,0.795,0.0,0.0,0.0,102.007,1
20240930,16,165.842,162.668,161.855,96.199,23.171,0.42,0.0,0.116,0.0,121.391,1
20241001,16,178.703,174.199,173.328,99.596,24.117,1.036,0.0,0.0,0.0,129.996,1
20241002,16,136.083,130.447,129.795,98.52,18.566,2.682,0.0,0.0,0.0,97.346,1
20241003,16,157.82,155.453,154.676,96.102,22.073,0.0,0.0,0.0,0.0,116.007,1
20241004,16,167.693,160.168,159.367,96.219,23.425,3.033,0.0,0.0,0.0,119.525,1
20241005,16,153.039,149.959,149.209,97.841,21.024,0.52,0.0,0.0,0.0,111.907,1
20241006,16,132.141,130.159,129.508,98.519,18.028,0.0,0.0,0.0,0.0,97.131,1
20241007,16,188.592,185.763,184.834,98.357,25.772,0.0,0.0,0.0,0.0,138.626,1
20241008,16,182.105,177.618,176.73,97.506,25.103,0.979,0.0,0.0,0.0,132.548,1
20241009,16,162.923,158.968,158.173,99.479,22.013,0.942,0.0,0.0,0.0,118.63,1
20241010,16,177.096,174.439,173.567,97.46,24.424,0.0,0.0,0.0,0.0,130.175,1
20241011,16,194.985,190.271,189.32,97.478,26.886,0.931,0.0,0.0,0.0,141.99,1
20241012,16,199.649,195.871,194.892,98.046,27.369,0.398,0.0,0.0,0.0,146.169,1
20241013,16,185.203,177.143,176.258,100.0,24.893,2.895,0.0,0.0,0.0,132.193,1
20241014,16,134.266,129.006,128.361,98.552,18.312,2.454,0.0,0.0,0.0,96.271,1
20241015,16,169.512,165.115,164.289,94.962,23.993,1.111,0.0,0.0,0.0,123.217,1
20241016,16,183.306,175.111,174.236,96.076,25.644,3.015,0.0,0.0,0.0,130.677,1
20241017,16,199.923,196.264,195.283,99.807,26.923,0.335,0.0,0.0,0.0,146.462,1
20241018,16,161.766,158.968,158.173,97.241,22.36,0.234,0.0,0.0,0.0,118.63,1
20241019,16,164.574,159.024,158.229,96.929,22.821,1.901,0.0,0.0,0.0,118.672,1
20241020,16,158.478,151.724,150.965,95.694,22.259,2.804,0.0,0.0,0.0,113.224,1
20241021,16,165.426,162.641,161.828,97.572,22.788,0.186,0.0,0.0,0.0,121.371,1
20241022,16,169.093,162.013,161.203,98.674,23.033,2.728,0.0,0.0,0.0,120.902,1
20241023,16,154.612,149.011,148.266,96.185,21.605,2.155,0.0,0.0,0.0,111.199,1
20241024,16,192.686,189.796,188.847,96.856,26.739,0.0,0.0,0.0,0.0,141.635,1
20241025,16,192.78,189.888,188.939,96.626,26.816,0.0,0.0,0.0,0.0,141.704,1
20241026,16,187.593,180.181,179.28,96.83,26.04,2.489,0.0,0.0,0.0,134.46,1
20241027,16,157.401,153.047,152.282,94.959,22.279,1.286,0.0,0.0,0.0,114.211,1
20241028,16,204.486,198.586,197.593,98.32,27.954,1.406,0.0,0.0,0.0,148.195,1
20241029,16,202.692,193.869,192.9,96.111,28.346,2.897,0.0,0.0,0.0,144.675,1
20241030,16,181.015,173.696,172.827,98.395,24.727,2.582,0.0,0.0,0.0,129.621,1
20241031,16,184.348,180.912,180.007,96.836,25.588,0.37,0.0,0.0,0.0,135.006,1
20241101,16,179.951,176.019,175.139,97.588,24.785,0.695,0.0,0.0,0.0,131.354,1
20241102,16,175.787,168.238,167.397,96.355,24.521,2.837,0.0,0.0,0.0,125.548,1
20241103,16,177.546,171.332,170.475,96.433,24.746,2.03,0.0,0.0,0.0,127.857,1
20241104,16,177.02,170.386,169.534,96.687,24.608,2.281,0.0,0.0,0.0,127.151,1
20241105,16,213.375,207.59,206.552,97.119,29.53,1.23,0.0,0.0,0.0,154.914,1
20241106,16,209.065,201.434,200.427,97.681,28.767,2.183,0.0,0.0,0.0,150.32,1
20241107,16,198.329,192.997,192.032,96.284,27.686,1.207,0.0,0.0,0.0,144.024,1
20241108,16,202.832,199.79,198.791,97.687,27.908,0.0,0.0,0.0,0.0,149.093,1
20241109,16,151.745,149.469,148.721,96.172,21.208,0.0,0.0,0.0,0.0,111.541,1
20241110,16,184.806,179.386,178.489,100.0,24.839,1.454,0.0,0.123,0.0,133.867,1
20241111,16,179.282,171.988,171.128,97.252,24.778,2.608,0.0,0.0,0.0,128.346,1
20241112,16,177.747,168.913,168.068,99.901,23.914,3.523,0.0,0.0,0.0,126.051,1
20241113,16,156.894,153.575,152.807,94.103,22.409,0.625,0.0,0.0,0.0,114.605,1
20241114,16,184.79,177.459,176.571,95.493,26.01,2.505,0.0,0.0,0.0,132.429,1
20241115,16,195.99,189.228,188.282,95.601,27.555,1.98,0.0,0.0,0.0,141.211,1
20241116,16,212.279,205.822,204.793,97.147,29.37,1.565,0.0,0.0,0.0,153.595,1
20241117,16,209.387,200.073,199.072,97.285,28.929,2.993,0.0,0.0,0.0,149.304,1
20241118,16,188.055,185.07,184.145,97.627,25.89,0.088,0.0,0.0,0.0,138.109,1
20241119,16,224.428,212.917,211.852,98.829,30.522,3.684,0.0,0.0,0.0,158.889,1
20241120,16,198.68,193.273,192.307,97.299,27.446,1.24,0.0,0.0,0.0,144.23,1
20241121,16,193.007,188.699,187.756,98.126,26.437,0.743,0.0,0.0,0.0,140.817,1
20241122,16,189.856,183.045,182.129,97.618,26.141,2.12,0.0,0.0,0.0,136.597,1
20241123,16,186.014,181.886,180.976,97.232,25.714,0.73,0.0,0.0,0.0,135.732,1
20241124,16,193.544,189.708,188.76,98.375,26.444,0.489,0.0,0.0,0.0,141.57,1
20241125,16,212.166,208.076,207.036,98.45,28.966,0.434,0.0,0.0,0.0,155.277,1
20241126,16,201.063,195.924,194.944,97.957,27.588,1.072,0.0,0.0,0.0,146.208,1
20241127,16,211.247,205.415,204.388,99.87,28.43,1.28,0.0,0.0,0.0,153.291,1
20241128,16,177.089,169.454,168.606,96.929,24.556,2.854,0.0,0.0,0.0,126.455,1
20241129,16,214.943,211.719,210.66,96.619,29.901,0.0,0.0,0.0,0.0,157.995,1
20241130,16,190.458,186.467,185.535,95.541,26.794,0.605,0.0,0.0,0.0,139.151,1
20241201,16,196.081,190.064,189.113,96.267,27.377,1.593,0.0,0.0,0.0,141.835,1
20241202,16,195.155,186.3,185.368,95.957,27.336,3.084,0.0,0.0,0.0,139.026,1
20241203,16,203.454,197.913,196.924,98.873,27.658,1.242,0.0,0.0,0.0,147.693,1
20241204,16,223.962,206.876,205.841,98.351,30.607,6.222,0.0,0.0,0.0,154.381,1
20241205,16,177.841,172.596,171.733,97.319,24.562,1.471,0.0,0.0,0.0,128.8,1
20241206,16,239.427,232.576,231.413,97.115,33.137,1.382,0.0,0.0,0.0,173.56,1
20241207,16,185.784,179.614,178.716,98.388,25.38,1.849,0.0,0.0,0.0,134.037,1
20241208,16,194.94,192.013,191.053,97.571,26.854,0.001,0.0,0.0,0.0,143.29,1
20241209,16,217.62,209.378,208.331,96.484,30.316,2.322,0.0,0.0,0.0,156.248,1
20241210,16,202.582,194.462,193.49,97.36,27.967,2.546,0.0,0.0,0.0,145.118,1
20241211,16,191.814,188.627,187.684,96.249,26.786,0.164,0.0,0.0,0.0,140.763,1
20241212,16,220.797,212.382,211.32,97.895,30.315,2.346,0.0,0.0,0.0,158.49,1
20241213,16,242.638,235.04,233.865,96.363,33.843,1.656,0.0,0.0,0.0,175.399,1
20241214,16,210.569,204.435,203.413,99.394,28.475,1.435,0.0,0.0,0.0,152.56,1
20241215,16,200.652,195.811,194.832,98.052,27.505,0.927,0.0,0.0,0.0,146.124,1
20241216,16,217.904,212.512,211.45,98.426,29.757,0.989,0.0,0.0,0.0,158.587,1
20241217,16,178.401,172.902,172.038,96.771,24.779,1.606,0.0,0.0,0.0,129.028,1
20241218,16,187.148,182.135,181.224,98.968,25.417,1.197,0.0,0.0,0.0,135.918,1
20241219,16,187.638,179.746,178.847,97.479,25.872,2.747,0.0,0.0,0.0,134.135,1
20241220,16,222.665,219.325,218.229,96.986,30.858,0.0,0.0,0.025,0.0,163.672,1
20241221,16,227.035,218.51,217.418,99.273,30.739,2.289,0.0,0.0,0.0,163.063,1
20241222,16,188.332,184.446,183.524,95.42,26.529,0.572,0.0,0.0,0.0,137.643,1
20241223,16,191.616,187.071,186.136,96.794,26.608,0.885,0.0,0.0,0.0,139.602,1
20241224,16,176.543,172.101,171.241,96.902,24.487,1.031,0.0,0.0,0.0,128.431,1
20241225,16,180.888,176.62,175.737,96.883,25.095,0.872,0.0,0.0,0.0,131.803,1
20241226,16,192.697,186.83,185.896,97.625,26.53,1.568,0.0,0.0,0.0,139.422,1
20241227,16,204.058,200.997,199.992,95.839,28.618,0.0,0.0,0.0,0.0,149.994,1
20241228,16,194.187,186.494,185.561,98.448,26.512,2.499,0.0,0.0,0.0,139.171,1
20241229,16,217.117,210.711,209.658,98.543,29.614,1.472,0.0,0.118,0.0,157.243,1
20241230,16,255.535,243.498,242.281,97.626,35.181,3.259,0.0,0.0,0.0,181.711,1
20241231,16,214.874,206.975,205.94,99.221,29.108,2.209,0.0,0.0,0.0,154.455,1
20250101,16,228.047,224.626,223.503,98.261,31.194,0.0,0.0,0.0,0.0,167.627,1
20250102,16,212.194,206.242,205.211,97.855,29.146,1.325,0.0,0.0,0.0,153.908,1
20250103,16,203.78,195.868,194.889,97.414,28.117,2.419,0.0,0.0,0.0,146.167,1
20250104,16,209.634,200.05,199.05,97.216,28.984,3.119,0.0,0.0,0.0,149.287,1
20250105,16,218.73,213.898,212.829,97.56,30.135,0.72,0.0,0.0,0.0,159.622,1
20250106,16,209.732,205.382,204.355,100.0,28.19,0.583,0.0,0.0,0.0,153.267,1
20250107,16,203.071,196.428,195.446,96.117,28.397,1.798,0.0,0.0,0.0,146.585,1
20250108,16,247.164,243.377,242.16,97.539,34.059,0.033,0.0,0.0,0.0,181.62,1
20250109,16,220.456,216.04,214.96,97.246,30.47,0.511,0.0,0.0,0.0,161.22,1
20250110,16,216.904,207.507,206.469,98.049,29.734,2.875,0.0,0.0,0.0,154.852,1
20250111,16,186.3,183.505,182.588,93.816,26.691,0.0,0.0,0.0,0.0,136.941,1
20250112,16,212.22,204.454,203.432,99.12,28.777,2.192,0.0,0.0,0.0,152.574,1
20250113,16,223.397,214.437,213.365,97.294,30.862,2.549,0.0,0.0,0.0,160.024,1
20250114,16,232.926,224.924,223.8,97.805,32.01,1.965,0.7,0.0,0.0,167.85,1
20250115,16,183.55,178.712,177.818,97.416,25.325,1.154,0.0,0.0,0.0,133.363,1
20250116,16,222.232,214.087,213.016,99.643,29.977,2.198,0.0,0.0,0.0,159.762,1
20250117,16,224.135,219.325,218.228,96.067,31.359,0.656,0.0,0.0,0.0,163.671,1
20250118,16,190.538,187.275,186.339,94.039,27.233,0.216,0.0,0.0,0.0,139.754,1
20250119,16,223.813,218.199,217.108,94.187,31.939,1.024,0.0,0.0,0.0,162.831,1
20250120,16,188.647,185.818,184.889,95.505,26.549,0.0,0.0,0.0,0.0,138.666,1
20250121,16,237.333,229.745,228.597,96.046,33.213,1.723,0.0,0.0,0.0,171.447,1
20250122,16,172.007,166.735,165.901,97.233,23.777,1.589,0.0,0.0,0.0,124.426,1
20250123,16,197.497,188.332,187.39,97.48,27.232,3.189,0.0,0.0,0.0,140.543,1
20250124,16,197.176,192.676,191.713,96.318,27.515,0.794,0.0,0.0,0.0,143.785,1
20250125,16,215.639,212.08,211.02,98.267,29.495,0.153,0.0,0.0,0.0,158.265,1
20250126,16,163.028,159.63,158.831,97.726,22.422,0.594,0.034,0.0,0.0,119.124,1
20250127,16,196.891,190.377,189.425,97.326,27.191,1.836,0.0,0.0,0.0,142.069,1
20250128,16,208.009,198.898,197.903,97.507,28.673,2.924,0.0,0.0,0.0,148.428,1
20250129,16,254.931,245.96,244.73,99.358,34.486,2.05,0.0,0.0,0.0,183.548,1
20250130,16,190.105,186.853,185.918,96.448,26.493,0.214,0.0,0.0,0.0,139.439,1
20250131,16,160.765,154.804,154.03,99.227,21.776,2.242,0.0,0.0,0.0,115.522,1
20250201,16,213.816,206.391,205.359,99.239,28.959,2.003,0.0,0.0,0.0,154.019,1
20250202,16,225.605,217.014,215.929,99.083,30.604,2.343,0.0,0.0,0.0,161.947,1
20250203,16,191.347,188.152,187.211,97.766,26.306,0.172,0.0,0.0,0.0,140.408,1
20250204,16,251.893,247.272,246.036,97.061,34.882,0.34,0.0,0.0,0.0,184.527,1
20250205,16,196.405,190.426,189.474,97.848,26.979,1.568,0.0,0.0,0.0,142.105,1
20250206,16,195.229,190.693,189.74,97.493,26.915,0.836,0.0,0.0,0.0,142.305,1
20250207,16,181.46,178.738,177.845,96.992,25.146,0.0,0.0,0.0,0.0,133.383,1
20250208,16,214.97,205.722,204.694,98.201,29.423,2.845,0.0,0.0,0.0,153.52,1
20250209,16,192.673,188.223,187.282,95.988,26.979,0.822,0.0,0.0,0.0,140.462,1
20250210,16,189.66,186.816,185.881,98.163,25.969,0.0,0.0,0.0,0.0,139.411,1
20250211,16,212.01,203.498,202.481,97.259,29.299,2.553,0.0,0.0,0.0,151.86,1
20250212,16,210.205,202.378,201.366,96.456,29.292,2.257,0.0,0.0,0.0,151.025,1
20250213,16,225.362,221.982,220.872,98.291,30.817,0.0,0.0,0.0,0.0,165.654,1
20250214,16,213.456,209.336,208.289,99.103,28.95,0.437,0.0,0.0,0.0,156.217,1
20250215,16,190.911,188.047,187.107,96.715,26.532,0.0,0.0,0.0,0.0,140.33,1
20250216,16,221.795,214.486,213.413,98.283,30.332,1.823,0.0,0.0,0.0,160.06,1
20250217,16,201.801,198.774,197.78,96.453,28.121,0.0,0.0,0.0,0.0,148.335,1
20250218,16,205.311,201.156,200.15,97.695,28.247,0.532,0.0,0.0,0.0,150.113,1
20250219,16,218.902,210.426,209.374,95.451,30.825,2.408,0.0,0.0,0.0,157.03,1
20250220,16,186.568,183.174,182.258,97.606,25.691,0.324,0.0,0.0,0.0,136.693,1
20250221,16,209.58,203.671,202.653,97.543,28.879,1.339,0.0,0.0,0.0,151.99,1
20250222,16,186.321,181.726,180.817,100.0,25.043,0.981,0.0,0.0,0.0,135.613,1
20250223,16,209.419,204.24,203.219,94.414,29.813,0.988,0.0,0.0,0.0,152.414,1
20250224,16,220.578,213.684,212.616,98.428,30.121,1.65,0.0,0.0,0.0,159.462,1
20250225,16,197.255,187.587,186.649,97.171,27.285,3.453,0.0,0.0,0.0,139.987,1
20250226,16,188.316,185.492,184.564,98.114,25.798,0.0,0.0,0.0,0.0,138.423,1
20250227,16,209.309,201.357,200.35,99.271,28.339,2.334,0.0,0.0,0.0,150.262,1
20250228,16,206.32,195.296,194.319,97.372,28.48,3.902,0.0,0.0,0.0,145.739,1
20250301,16,184.722,178.68,177.786,96.011,25.86,1.798,0.0,0.0,0.0,133.34,1
20250302,16,221.731,218.405,217.313,95.913,31.072,0.0,0.0,0.0,0.0,162.985,1
20250303,16,179.769,175.549,174.671,97.325,24.827,0.861,0.0,0.0,0.0,131.003,1
20250304,16,249.745,241.32,240.113,98.693,34.013,1.902,0.0,0.0,0.0,180.085,1
20250305,16,230.637,227.177,226.041,99.589,31.127,0.0,0.0,0.0,0.0,169.531,1
20250306,16,179.524,174.484,173.611,95.554,25.252,1.328,0.0,0.0,0.0,130.208,1
20250307,16,228.537,220.101,219.001,98.307,31.246,2.225,0.0,0.0,0.0,164.251,1
20250308,16,178.094,171.877,171.018,98.961,24.189,2.021,0.0,0.0,0.0,128.263,1
20250309,16,220.213,216.91,215.825,97.353,30.403,0.0,0.0,0.0,0.0,161.869,1
20250310,16,193.395,187.387,186.45,98.385,26.421,1.631,0.0,0.0,0.0,139.838,1
20250311,16,194.874,185.467,184.54,97.487,26.868,3.378,0.0,0.0,0.0,138.405,1
20250312,16,214.476,209.86,208.811,97.924,29.439,0.662,0.0,0.0,0.0,156.608,1
20250313,16,183.841,180.353,179.451,96.576,25.586,0.403,0.0,0.0,0.0,134.588,1
20250314,16,201.64,195.955,194.976,96.971,27.949,1.339,0.0,0.24,0.0,146.232,1
20250315,16,162.486,158.366,157.574,99.048,22.049,1.051,0.282,0.0,0.0,118.181,1
20250316,16,159.294,152.582,151.819,100.0,21.41,2.755,0.0,0.0,0.0,113.864,1
20250317,16,176.344,173.407,172.54,96.543,24.551,0.168,0.0,0.0,0.0,129.405,1
20250318,16,181.735,178.822,177.928,99.112,24.646,0.105,0.0,0.0,0.0,133.446,1
20250319,16,219.877,210.025,208.975,98.906,29.88,3.026,0.0,0.0,0.0,156.731,1
20250320,16,168.064,165.543,164.716,95.916,23.551,0.0,0.0,0.0,0.0,123.537,1
20250321,16,159.334,154.236,153.465,97.723,21.915,1.725,0.0,0.0,0.0,115.099,1
20250322,16,197.666,194.214,193.243,97.181,27.339,0.25,0.0,0.0,0.0,144.932,1
20250323,16,174.055,171.445,170.587,98.825,23.673,0.0,0.0,0.0,0.0,127.941,1
20250324,16,205.34,198.54,197.547,97.6,28.278,1.839,0.0,0.0,0.0,148.16,1
20250325,16,184.447,180.333,179.432,96.69,25.64,0.741,0.0,0.223,0.0,134.574,1
20250326,16,193.52,189.255,188.309,95.772,27.159,0.715,0.0,0.0,0.0,141.232,1
20250327,16,218.881,210.981,209.926,97.915,30.046,2.141,0.0,0.0,0.0,157.444,1
20250328,16,176.649,172.612,171.749,98.875,24.013,0.797,0.0,0.0,0.0,128.812,1
20250329,16,191.735,188.859,187.915,98.594,26.138,0.0,0.0,0.0,0.0,140.936,1
20250330,16,192.042,189.161,188.215,97.535,26.465,0.0,0.0,0.0,0.0,141.161,1
20250331,16,188.938,186.104,185.174,98.03,25.905,0.0,0.0,0.0,0.0,138.88,1
20250401,16,159.0,154.908,154.134,94.336,22.654,1.09,0.0,0.0,0.0,115.6,1
20250402,16,168.768,164.459,163.636,97.538,23.256,1.07,0.0,0.0,0.0,122.727,1
20250403,16,183.483,178.111,177.22,100.0,24.662,1.45,0.0,0.0,0.0,132.915,1
20250404,16,211.751,203.135,202.12,96.259,29.567,2.608,0.0,0.0,0.0,151.59,1
20250405,16,163.446,160.359,159.558,95.361,23.037,0.394,0.065,0.0,0.0,119.668,1
20250406,16,167.775,162.36,161.548,99.989,22.553,1.754,0.0,0.0,0.0,121.161,1
20250407,16,131.05,129.084,128.438,98.599,17.864,0.0,0.0,0.0,0.0,96.329,1
20250408,16,166.271,158.729,157.935,97.597,22.899,3.083,0.0,0.0,0.0,118.451,1
20250409,16,173.196,166.34,165.508,96.703,24.073,2.496,0.0,0.0,0.0,124.131,1
20250410,16,179.081,176.394,175.512,97.498,24.688,0.0,0.0,0.0,0.0,131.634,1
20250411,16,177.214,173.152,172.286,97.802,24.354,0.804,0.0,0.0,0.0,129.214,1
20250412,16,157.54,154.232,153.461,96.435,21.958,0.608,0.0,0.0,0.0,115.096,1
20250413,16,186.999,183.963,183.043,95.459,26.33,0.125,0.0,0.0,0.0,137.283,1
20250414,16,165.706,159.343,158.546,97.144,22.927,2.376,0.0,0.0,0.0,118.909,1
20250415,16,185.356,180.047,179.146,100.0,24.913,1.385,0.0,0.0,0.0,134.36,1
20250416,16,165.249,157.099,156.313,97.46,22.79,3.484,0.0,0.313,0.0,117.235,1
20250417,16,199.232,195.194,194.218,97.689,27.412,0.535,0.0,0.0,0.0,145.664,1
20250418,16,157.082,154.725,153.952,97.872,21.572,0.0,0.0,0.0,0.0,115.464,1
20250419,16,172.647,168.836,167.992,99.314,23.366,0.718,0.0,0.0,0.0,125.994,1
20250420,16,151.87,146.87,146.136,95.536,21.366,1.82,0.0,0.0,0.0,109.602,1
20250421,16,174.981,168.349,167.507,98.463,23.886,2.325,0.0,0.0,0.0,125.63,1
20250422,16,160.878,158.465,157.673,96.171,22.484,0.0,0.0,0.0,0.0,118.255,1
20250423,16,195.139,187.974,187.034,97.881,26.796,2.205,0.0,0.0,0.0,140.276,1
20250424,16,147.762,145.545,144.818,97.505,20.369,0.0,0.0,0.0,0.0,108.613,1
20250425,16,177.79,168.33,167.488,96.872,24.668,3.879,0.0,0.0,0.0,125.616,1
20250426,16,166.791,160.712,159.908,97.868,22.906,2.178,0.0,0.0,0.0,119.931,1
20250427,16,147.997,144.835,144.11,99.455,20.001,0.647,0.0,0.0,0.0,108.083,1
20250428,16,121.293,119.161,118.565,94.885,17.182,0.262,0.0,0.0,0.0,88.924,1
20250429,16,152.259,147.618,146.88,95.128,21.513,1.572,0.0,0.0,0.0,110.16,1
20250430,16,137.366,132.737,132.073,98.35,18.773,1.898,0.0,0.0,0.0,99.055,1
20250501,16,184.338,181.573,180.665,98.732,25.095,0.0,0.0,0.0,0.0,135.499,1
20250502,16,145.347,141.859,141.15,98.041,19.926,0.914,0.0,0.0,0.0,105.862,1
20250503,16,165.301,160.901,160.097,97.529,22.781,1.179,0.0,0.0,0.0,120.073,1
20250504,16,160.233,157.0,156.215,97.446,22.101,0.526,0.0,0.0,0.0,117.161,1
20250505,16,160.922,156.866,156.082,97.764,22.124,1.036,0.0,0.0,0.0,117.062,1
20250506,16,189.48,186.14,185.209,97.613,26.091,0.267,0.0,0.0,0.0,138.907,1
20250507,16,185.17,182.393,181.481,94.507,26.335,0.0,0.0,0.0,0.0,136.111,1
20250508,16,169.455,162.638,161.825,97.928,23.258,2.561,0.0,0.0,0.0,121.369,1
20250509,16,155.567,150.857,150.103,94.787,22.059,1.551,0.0,0.0,0.0,112.577,1
20250510,16,172.016,166.307,165.475,96.898,23.861,1.847,0.0,0.0,0.0,124.106,1
20250511,16,174.225,171.611,170.753,98.868,23.685,0.0,0.0,0.0,0.0,128.065,1
20250512,16,158.04,155.478,154.701,100.0,21.242,0.123,0.0,0.0,0.0,116.026,1
20250513,16,153.114,147.772,147.033,97.477,21.112,2.019,0.0,0.0,0.0,110.275,1
20250514,16,181.595,177.507,176.619,100.0,24.408,0.763,0.0,0.0,0.0,132.464,1
20250515,16,154.109,151.267,150.511,98.053,21.125,0.349,0.0,0.0,0.0,112.883,1
20250516,16,160.606,156.558,155.775,96.239,22.43,1.036,0.0,0.0,0.0,116.831,1
20250517,16,192.442,186.883,185.948,96.245,26.875,1.41,0.0,0.0,0.0,139.461,1
20250518,16,155.443,147.793,147.054,98.646,21.18,3.473,0.0,0.0,0.0,110.291,1
20250519,16,132.906,130.677,130.024,96.965,18.423,0.18,0.0,0.0,0.0,97.518,1
20250520,16,164.011,157.944,157.154,98.754,22.323,2.233,0.0,0.0,0.0,117.866,1
20250521,16,172.202,169.584,168.736,98.055,23.604,0.02,0.0,0.0,0.0,126.552,1
20250522,16,153.482,148.531,147.789,99.318,20.771,1.752,0.0,0.0,0.0,110.842,1
20250523,16,150.498,147.334,146.597,100.0,20.228,0.611,0.0,0.0,0.0,109.948,1
20250524,16,163.089,159.724,158.925,98.057,22.355,0.572,0.0,0.0,0.0,119.194,1
20250525,16,166.594,162.769,161.955,96.429,23.221,0.809,0.0,0.0,0.0,121.466,1
20250526,16,150.817,145.291,144.565,96.498,21.007,2.197,0.0,0.0,0.0,108.424,1
20250527,16,158.139,151.392,150.635,94.728,22.438,2.809,0.0,0.0,0.0,112.976,1
20250528,16,151.1,147.224,146.488,99.455,20.42,1.081,0.0,0.0,0.0,109.866,1
20250529,16,136.797,133.966,133.297,96.582,19.037,0.578,0.0,0.0,0.0,99.972,1
20250530,16,141.096,138.69,137.997,98.157,19.321,0.208,0.0,0.0,0.0,103.497,1
20250531,16,141.701,139.134,138.438,95.821,19.877,0.316,0.0,0.0,0.0,103.829,1
20250601,16,140.581,134.786,134.112,96.264,19.629,2.662,0.0,0.0,0.0,100.584,1
20250602,16,143.247,137.567,136.879,97.671,19.713,2.503,0.0,0.0,0.0,102.659,1
20250603,16,137.515,131.04,130.384,98.651,18.736,3.258,0.0,0.0,0.0,97.788,1
20250604,16,154.486,146.934,146.2,94.572,21.956,3.44,0.0,0.0,0.0,109.65,1
20250605,16,138.562,135.743,135.065,95.657,19.469,0.542,0.0,0.0,0.0,101.298,1
20250606,16,149.411,145.267,144.54,98.217,20.447,1.293,0.0,0.0,0.0,108.405,1
20250607,16,135.843,128.104,127.463,97.08,18.808,4.261,0.0,0.0,0.0,95.597,1
20250608,16,150.829,142.793,142.079,97.883,20.711,3.886,0.0,0.0,0.0,106.559,1
20250609,16,131.934,125.051,124.426,96.175,18.438,3.773,0.0,0.0,0.0,93.32,1
20250610,16,168.633,165.385,164.559,96.777,23.421,0.433,0.0,0.0,0.0,123.419,1
20250611,16,122.753,118.399,117.807,98.374,16.772,2.078,0.0,0.0,0.0,88.355,1
20250612,16,155.066,152.078,151.317,97.403,21.398,0.434,0.0,0.0,0.0,113.488,1
20250613,16,142.754,139.464,138.767,98.307,19.518,0.817,0.0,0.0,0.0,104.075,1
20250614,16,160.198,156.289,155.507,95.539,22.538,0.955,0.0,0.0,0.0,116.63,1
20250615,16,150.864,148.483,147.741,98.298,20.629,0.08,0.0,0.0,0.0,110.806,1
20250616,16,132.032,130.052,129.401,95.093,18.662,0.0,0.0,0.0,0.0,97.051,1
20250617,16,133.856,130.742,130.089,97.457,18.461,0.839,0.0,0.0,0.0,97.567,1
20250618,16,129.06,126.145,125.514,98.588,17.595,0.77,0.0,0.0,0.0,94.136,1
20250619,16,118.619,112.888,112.324,97.395,16.37,3.382,0.0,0.0,0.0,84.243,1
20250620,16,150.478,144.513,143.791,96.539,20.951,2.502,0.0,0.0,0.0,107.843,1
20250621,16,140.798,138.454,137.761,98.112,19.289,0.168,0.0,0.0,0.0,103.321,1
20250622,16,140.681,137.295,136.609,95.943,19.708,0.92,0.0,0.0,0.0,102.456,1
20250623,16,130.952,126.827,126.193,98.361,17.894,1.675,0.0,0.0,0.0,94.645,1
20250624,16,142.878,137.033,136.348,95.527,20.103,2.63,0.0,0.0,0.0,102.261,1
20250625,16,136.721,133.78,133.111,93.852,19.58,0.662,0.0,0.0,0.0,99.833,1
20250626,16,137.588,133.243,132.577,97.472,18.973,1.683,0.0,0.0,0.0,99.432,1
20250627,16,139.198,132.401,131.739,99.88,18.732,3.434,0.0,0.0,0.0,98.804,1
20250628,16,151.089,143.946,143.226,97.281,20.875,3.277,0.0,0.0,0.0,107.42,1
20250629,16,152.269,147.635,146.897,96.739,21.156,1.567,0.0,0.0,0.0,110.173,1
20250630,16,136.467,134.143,133.472,99.659,18.405,0.206,0.0,0.0,0.0,100.104,1
20250701,16,132.263,128.466,127.824,95.767,18.563,1.392,0.0,0.0,0.0,95.868,1
20250702,16,116.381,110.493,109.941,95.652,16.354,3.613,0.087,0.0,0.0,82.456,1
20250703,16,113.626,111.161,110.605,98.968,15.432,0.68,0.0,0.0,0.0,82.954,1
20250704,16,155.637,153.001,152.236,97.407,21.476,0.197,0.0,0.0,0.0,114.177,1
20250705,16,124.619,121.019,120.414,98.827,16.949,1.41,0.0,0.0,0.0,90.311,1
20250706,16,131.498,127.648,127.01,99.82,17.706,1.449,0.0,0.0,0.0,95.257,1
20250707,16,149.346,145.612,144.884,98.566,20.366,1.016,0.0,0.0,0.0,108.663,1
20250708,16,136.96,134.906,134.231,95.052,19.367,0.0,0.0,0.0,0.0,100.674,1
20250709,16,131.207,127.239,126.603,96.341,18.305,1.547,0.0,0.0,0.0,94.952,1
20250710,16,147.682,145.466,144.739,98.919,20.067,0.0,0.0,0.0,0.0,108.554,1
20250711,16,146.831,142.512,141.8,97.794,20.18,1.463,0.0,0.0,0.0,106.35,1
20250712,16,138.791,135.35,134.673,98.019,19.032,0.994,0.0,0.0,0.0,101.005,1
20250713,16,158.784,156.403,155.621,95.099,22.442,0.0,0.0,0.0,0.0,116.715,1
20250714,16,147.264,143.998,143.278,97.024,20.401,0.729,0.0,0.0,0.0,107.458,1
20250715,16,163.874,160.345,159.543,95.474,23.07,0.664,0.0,0.0,0.0,119.657,1
20250716,16,149.839,146.157,145.426,98.115,20.527,0.972,0.0,0.0,0.0,109.07,1
20250717,16,133.729,130.105,129.454,97.492,18.437,1.229,0.0,0.0,0.0,97.091,1
20250718,16,136.492,132.539,131.876,96.488,19.014,1.418,0.0,0.0,0.0,98.907,1
20250719,16,123.784,118.953,118.358,97.462,17.071,2.439,0.0,0.0,0.0,88.768,1
20250720,16,162.61,160.17,159.37,96.525,22.643,0.0,0.0,0.0,0.0,119.527,1
20250721,16,139.191,134.714,134.041,97.047,19.278,1.742,0.0,0.0,0.0,100.53,1
20250722,16,129.822,126.223,125.592,98.927,17.638,1.291,0.0,0.0,0.0,94.194,1
20250723,16,106.748,104.954,104.429,97.595,14.702,0.184,0.0,0.0,0.0,78.322,1
20250724,16,139.688,137.593,136.905,96.733,19.409,0.0,0.0,0.0,0.0,102.679,1
20250725,16,171.25,164.911,164.086,96.99,23.732,2.235,0.0,0.0,0.0,123.065,1
20250726,16,149.777,144.756,144.032,99.087,20.317,1.881,0.0,0.0,0.0,108.024,1
20250727,16,139.743,134.59,133.917,99.112,18.951,2.221,0.0,0.0,0.0,100.438,1
20250728,16,129.319,126.408,125.776,97.864,17.761,0.763,0.0,0.0,0.0,94.332,1
20250729,16,146.245,142.981,142.266,96.618,20.345,0.743,0.0,0.0,0.0,106.699,1
20250730,16,149.409,142.164,141.453,97.722,20.55,3.4,0.0,0.0,0.0,106.09,1
20250731,16,152.155,145.223,144.497,94.636,21.61,3.102,0.0,0.0,0.0,108.373,1
20250801,16,118.376,114.463,113.89,96.879,16.423,1.833,0.0,0.0,0.0,85.418,1
20250802,16,162.782,160.34,159.539,97.0,22.556,0.0,0.0,0.0,0.0,119.654,1
20250803,16,130.777,126.324,125.693,99.162,17.726,1.934,0.0,0.0,0.0,94.269,1
20250804,16,144.116,140.916,140.211,96.634,20.045,0.732,0.0,0.0,0.0,105.158,1
20250805,16,153.649,150.439,149.686,100.0,20.652,0.598,0.0,0.0,0.0,112.265,1
20250806,16,109.845,107.452,106.915,95.683,15.43,0.689,0.0,0.0,0.0,80.186,1
20250807,16,157.29,154.93,154.156,98.841,21.389,0.0,0.0,0.0,0.0,115.617,1
20250808,16,152.384,146.893,146.158,97.506,21.006,2.136,0.0,0.0,0.0,109.619,1
20250809,16,113.315,107.932,107.393,96.994,15.702,3.3,0.0,0.0,0.0,80.545,1
20250810,16,146.994,144.789,144.065,96.632,20.446,0.0,0.0,0.0,0.0,108.049,1
20250811,16,114.397,112.114,111.553,97.654,15.745,0.503,0.0,0.0,0.0,83.665,1
20250812,16,126.566,124.667,124.044,99.173,17.153,0.0,0.0,0.0,0.0,93.033,1
20250813,16,118.518,115.262,114.686,99.841,15.955,1.266,0.0,0.0,0.0,86.014,1
20250814,16,124.69,120.288,119.687,97.817,17.134,2.061,0.0,0.0,0.0,89.765,1
20250815,16,146.774,144.572,143.849,96.968,20.345,0.0,0.0,0.0,0.0,107.887,1
20250816,16,172.355,167.826,166.987,97.979,23.644,1.145,0.0,0.0,0.0,125.24,1
20250817,16,167.861,164.511,163.689,99.553,22.663,0.503,0.0,0.0,0.0,122.766,1
20250818,16,194.749,191.689,190.731,96.673,27.077,0.072,0.0,0.0,0.0,143.048,1
20250819,16,151.863,148.24,147.499,95.492,21.375,0.899,0.0,0.0,0.0,110.624,1
20250820,16,147.487,141.538,140.831,97.453,20.341,2.572,0.0,0.0,0.0,105.623,1
20250821,16,132.586,127.684,127.046,98.215,18.145,2.231,0.0,0.0,0.0,95.284,1
20250822,16,161.804,152.348,151.586,96.079,22.635,4.41,0.0,0.0,0.0,113.69,1
20250823,16,162.534,160.096,159.295,99.367,21.985,0.0,0.0,0.0,0.0,119.471,1
20250824,16,153.312,147.07,146.334,97.531,21.128,2.611,0.0,0.0,0.0,109.751,1
20250825,16,142.178,137.981,137.291,99.53,19.2,1.474,0.292,0.221,0.0,102.968,1
20250826,16,182.17,174.084,173.213,99.193,24.684,2.983,0.0,0.0,0.0,129.91,1
20250827,16,135.728,133.692,133.023,97.507,18.709,0.0,0.0,0.0,0.0,99.768,1
20250828,16,135.794,131.634,130.976,98.258,18.575,1.587,0.0,0.0,0.0,98.232,1
20250829,16,148.033,145.007,144.282,98.34,20.233,0.552,0.0,0.106,0.0,108.212,1
20250830,16,139.582,136.274,135.592,98.336,19.078,0.883,0.0,0.0,0.0,101.694,1
20250831,16,147.412,140.316,139.615,97.234,20.377,3.364,0.0,0.0,0.0,104.711,1
20250901,16,165.673,160.039,159.239,97.618,22.811,1.929,0.0,0.0,0.0,119.429,1
20250902,16,152.358,147.585,146.847,95.183,21.515,1.658,0.0,0.0,0.0,110.135,1
20250903,16,169.306,163.121,162.305,100.0,22.756,2.186,0.0,0.0,0.0,121.729,1
20250904,16,173.885,169.784,168.935,99.401,23.512,0.871,0.0,0.0,0.0,126.701,1
20250905,16,172.653,169.195,168.349,95.76,24.234,0.511,0.0,0.0,0.0,126.262,1
20250906,16,149.842,145.198,144.472,96.101,20.957,1.623,0.0,0.0,0.0,108.354,1
20250907,16,153.16,150.048,149.298,99.304,20.73,0.54,0.0,0.0,0.0,111.974,1
20250908,16,161.869,158.498,157.705,96.862,22.462,0.592,0.0,0.0,0.0,118.279,1
20250909,16,128.46,126.533,125.901,97.162,17.77,0.0,0.0,0.0,0.0,94.426,1
20250910,16,130.562,128.165,127.524,98.7,17.78,0.341,0.0,0.0,0.0,95.643,1
20250911,16,161.285,156.553,155.77,97.12,22.321,1.456,0.0,0.0,0.0,116.827,1
20250912,16,175.23,170.756,169.902,98.207,23.983,1.069,0.0,0.0,0.0,127.427,1
20250913,16,162.477,156.852,156.068,97.731,22.345,1.992,0.0,0.0,0.0,117.051,1
20250914,16,177.024,171.924,171.064,97.161,24.489,1.402,0.0,0.0,0.0,128.298,1
20250915,16,163.95,161.491,160.684,99.583,22.129,0.0,0.0,0.0,0.0,120.513,1
20250916,16,150.918,144.434,143.711,96.21,21.084,2.839,0.0,0.0,0.0,107.784,1
20250917,16,174.992,168.025,167.185,96.81,24.295,2.519,0.0,0.0,0.0,125.389,1
20250918,16,135.859,132.498,131.835,96.995,18.826,0.989,0.0,0.0,0.0,98.877,1
20250919,16,157.679,153.274,152.507,98.06,21.613,1.313,0.647,0.0,0.0,114.38,1
20250920,16,167.01,159.564,158.766,95.634,23.472,3.003,0.0,0.0,0.0,119.075,1
20250921,16,163.677,159.131,158.336,98.637,22.304,1.296,0.0,0.0,0.0,118.752,1
20250922,16,156.724,151.558,150.8,99.755,21.117,1.824,0.0,0.0,0.0,113.1,1
20250923,16,164.482,162.015,161.205,98.753,22.387,0.0,0.0,0.0,0.0,120.904,1
20250924,16,177.009,171.698,170.839,96.956,24.539,1.524,0.0,0.0,0.0,128.129,1
20250925,16,159.268,154.752,153.978,97.432,21.971,1.356,0.0,0.0,0.0,115.484,1
20250926,16,131.093,127.656,127.017,95.774,18.398,1.139,0.0,0.0,0.0,95.263,1
20250927,16,163.752,161.296,160.49,97.54,22.565,0.0,0.0,0.0,0.0,120.367,1
20250928,16,153.861,146.224,145.493,97.436,21.224,3.516,0.0,0.574,0.0,109.12,1
20250929,16,164.186,161.182,160.377,96.879,22.779,0.334,0.0,0.216,0.0,120.282,1
20250930,16,155.203,151.61,150.852,95.999,21.73,0.828,0.0,0.0,0.0,113.139,1
20251001,16,155.042,152.716,151.952,96.013,21.704,0.0,0.0,0.0,0.0,113.964,1
20251002,16,148.279,146.055,145.325,96.485,20.656,0.0,0.0,0.0,0.0,108.993,1
20251003,16,151.887,149.608,148.86,100.0,20.415,0.0,0.0,0.0,0.0,111.645,1
20251004,16,167.738,165.222,164.395,97.695,23.077,0.0,0.0,0.0,0.0,123.297,1
20251005,16,162.122,156.794,156.01,97.939,22.249,1.814,0.0,0.0,0.0,117.007,1
20251006,16,154.976,148.44,147.698,95.904,21.72,2.759,0.0,0.0,0.0,110.773,1
20251007,16,146.343,138.383,137.691,94.902,20.726,3.999,0.0,0.0,0.0,103.269,1
20251008,16,148.413,145.941,145.211,99.537,20.041,0.168,0.0,0.0,0.0,108.908,1
20251009,16,157.742,152.625,151.861,98.213,21.588,1.771,0.0,0.0,0.0,113.896,1
20251010,16,186.034,179.556,178.659,96.51,25.909,2.012,0.0,0.0,0.0,133.994,1
20251011,16,166.723,159.907,159.107,97.291,23.033,2.628,0.0,0.0,0.0,119.33,1
20251012,16,176.343,172.176,171.315,99.291,23.871,0.876,0.0,0.0,0.0,128.486,1
20251013,16,148.357,144.863,144.138,99.339,20.073,0.869,0.0,0.0,0.0,108.104,1
20251014,16,159.247,155.291,154.514,99.424,21.528,0.999,0.0,0.0,0.0,115.886,1
20251015,16,183.273,175.653,174.775,99.105,24.856,2.698,0.0,0.0,0.0,131.081,1
20251016,16,223.303,218.316,217.225,97.791,30.692,0.744,0.0,0.0,0.0,162.919,1
20251017,16,182.308,178.813,177.919,100.0,24.504,0.424,0.0,0.0,0.0,133.439,1
20251018,16,211.589,204.255,203.233,96.809,29.377,1.996,0.0,0.0,0.0,152.425,1
20251019,16,135.253,132.387,131.725,96.775,18.785,0.628,0.0,0.0,0.0,98.794,1
20251020,16,129.116,123.525,122.907,97.988,17.711,2.873,0.0,0.0,0.0,92.181,1
20251021,16,169.878,164.149,163.328,99.146,23.03,1.901,0.0,0.0,0.0,122.496,1
20251022,16,177.381,174.332,173.46,96.24,24.773,0.222,0.0,0.0,0.0,130.095,1
20251023,16,175.387,165.743,164.914,97.431,24.195,4.06,0.0,0.0,0.0,123.686,1
20251024,16,187.154,181.86,180.951,97.476,25.806,1.349,0.0,0.0,0.0,135.713,1
20251025,16,190.31,186.844,185.91,97.058,26.355,0.326,0.0,0.0,0.0,139.433,1
20251026,16,202.395,195.994,195.014,97.41,27.927,1.688,0.0,0.0,0.0,146.261,1
20251027,16,165.729,160.214,159.413,97.333,22.886,1.856,0.0,0.215,0.0,119.56,1
20251028,16,176.965,172.85,171.986,96.267,24.708,0.838,0.0,0.0,0.0,128.99,1
20251029,16,169.8,164.639,163.815,98.848,23.089,1.563,0.473,0.0,0.0,122.861,1
20251030,16,178.137,171.391,170.534,100.0,23.943,2.322,0.0,0.0,0.0,127.901,1
20251031,16,204.549,196.401,195.419,96.994,28.345,2.521,0.0,0.0,0.0,146.564,1
20251101,16,151.298,144.854,144.129,97.427,20.873,2.801,0.0,0.0,0.0,108.097,1
20251102,16,192.755,189.864,188.914,99.072,26.151,0.0,0.0,0.0,0.0,141.686,1
20251103,16,196.277,188.665,187.722,95.986,27.485,2.414,0.0,0.0,0.0,140.791,1
20251104,16,204.649,190.736,189.782,95.49,28.806,5.379,0.0,0.0,0.0,142.337,1
20251105,16,178.14,172.563,171.7,95.793,24.995,1.656,0.0,0.0,0.0,128.775,1
20251106,16,166.75,163.384,162.567,97.408,23.009,0.527,0.0,0.0,0.0,121.925,1
20251107,16,176.867,174.214,173.343,99.119,23.984,0.0,0.0,0.0,0.0,130.007,1
20251108,16,197.77,192.015,191.055,96.794,27.462,1.432,0.0,0.0,0.0,143.291,1
20251109,16,181.278,174.466,173.593,96.171,25.335,2.292,0.0,0.0,0.0,130.195,1
20251110,16,205.733,198.663,197.669,96.252,28.729,1.966,0.0,0.0,0.0,148.252,1
20251111,16,171.179,165.817,164.988,97.327,23.64,1.657,0.0,0.0,0.0,123.741,1
20251112,16,172.9,169.279,168.433,96.671,24.039,0.603,0.0,0.0,0.0,126.324,1
20251113,16,173.01,169.288,168.442,96.81,24.02,0.661,0.0,0.0,0.0,126.331,1
20251114,16,169.581,162.318,161.506,97.195,23.451,2.825,0.0,0.0,0.0,121.129,1
20251115,16,170.117,166.582,165.749,97.285,23.503,0.587,0.0,0.0,0.0,124.312,1
20251116,16,154.094,151.193,150.437,97.75,21.188,0.388,0.0,0.0,0.0,112.828,1
20251117,16,202.071,196.439,195.457,99.67,27.25,1.307,0.0,0.0,0.0,146.593,1
20251118,16,206.487,199.542,198.544,95.221,29.147,1.892,0.0,0.0,0.0,148.908,1
20251119,16,186.836,177.865,176.976,97.569,25.738,3.352,0.0,0.0,0.0,132.732,1
20251120,16,229.063,224.83,223.706,94.851,32.459,0.353,0.0,0.0,0.0,167.779,1
20251121,16,197.127,191.257,190.301,95.345,27.789,1.501,0.0,0.0,0.0,142.725,1
20251122,16,208.258,202.748,201.734,96.601,28.977,1.163,0.0,0.0,0.0,151.301,1
20251123,16,160.428,153.716,152.947,96.34,22.382,2.725,0.0,0.0,0.0,114.71,1
20251124,16,168.687,161.863,161.053,95.169,23.824,2.585,0.214,0.0,0.0,120.79,1
20251125,16,157.996,153.715,152.947,100.0,21.236,1.228,0.0,0.0,0.0,114.71,1
20251126,16,152.981,149.783,149.034,96.851,21.23,0.599,0.0,0.0,0.0,111.776,1
20251127,16,202.778,199.258,198.262,98.192,27.757,0.239,0.0,0.0,0.0,148.697,1
20251128,16,178.097,173.146,172.28,97.055,24.664,1.3,0.0,0.0,0.0,129.21,1
20251129,16,196.006,187.089,186.153,98.695,26.693,3.096,0.0,0.0,0.0,139.615,1
20251130,16,202.754,199.143,198.148,96.42,28.264,0.285,0.0,0.0,0.0,148.611,1
20251201,16,196.508,190.952,189.997,99.237,26.615,1.347,0.0,0.0,0.0,142.498,1
20251202,16,212.601,206.909,205.875,98.401,29.04,1.195,0.0,0.0,0.0,154.406,1
20251203,16,190.574,185.481,184.554,96.965,26.417,1.19,0.0,0.0,0.0,138.415,1
20251204,16,218.38,206.279,205.248,99.764,29.422,4.103,0.0,0.0,0.0,153.936,1
20251205,16,184.379,178.624,177.73,96.487,25.685,1.646,0.0,0.0,0.0,133.298,1
20251206,16,190.853,186.012,185.082,97.121,26.413,1.052,0.0,0.0,0.0,138.812,1
20251207,16,221.671,217.092,216.006,97.388,30.594,0.574,0.0,0.0,0.0,162.005,1
20251208,16,165.334,162.541,161.728,99.116,22.42,0.192,0.0,0.0,0.0,121.296,1
20251209,16,186.473,183.616,182.697,98.605,25.418,0.033,0.0,0.0,0.0,137.023,1
20251210,16,238.469,234.466,233.293,96.804,33.111,0.182,0.0,0.0,0.0,174.97,1
20251211,16,200.394,194.155,193.184,95.998,28.058,1.638,0.0,0.0,0.0,144.888,1
20251212,16,190.264,187.41,186.473,96.113,26.607,0.0,0.0,0.0,0.0,139.855,1
20251213,16,209.695,203.187,202.171,96.439,29.226,1.628,0.0,0.0,0.0,151.628,1
20251214,16,217.368,214.107,213.037,95.553,30.576,0.0,0.0,0.0,0.0,159.777,1
20251215,16,153.199,148.485,147.743,97.037,21.22,1.601,0.0,0.0,0.0,110.807,1
20251216,16,236.131,232.553,231.39,96.148,33.01,0.016,0.0,0.0,0.0,173.542,1
20251217,16,188.458,184.93,184.005,99.963,25.34,0.378,0.0,0.0,0.0,138.004,1
20251218,16,204.237,198.423,197.43,96.543,28.434,1.367,0.0,0.0,0.0,148.073,1
20251219,16,211.732,205.65,204.622,99.462,28.613,1.393,0.0,0.0,0.0,153.466,1
20251220,16,225.716,217.013,215.928,99.274,30.56,2.391,0.0,0.0,0.0,161.946,1
20251221,16,149.648,145.005,144.28,97.632,20.602,1.627,0.0,0.0,0.0,108.21,1
20251222,16,226.635,223.236,222.119,95.423,31.923,0.0,0.0,0.0,0.0,166.59,1
20251223,16,253.586,248.088,246.848,98.806,34.496,0.678,0.0,0.0,0.0,185.136,1
20251224,16,207.142,198.205,197.214,96.348,28.897,2.858,0.0,0.0,0.0,147.91,1
20251225,16,178.902,172.518,171.655,99.146,24.253,2.1,0.0,0.0,0.0,128.742,1
20251226,16,204.196,195.231,194.255,94.294,29.106,2.934,0.0,0.0,0.0,145.691,1
20251227,16,198.081,195.11,194.134,97.184,27.395,0.0,0.0,0.0,0.0,145.601,1
20251228,16,228.231,224.808,223.684,96.869,31.668,0.0,0.0,0.0,0.0,167.763,1
20251229,16,207.823,203.841,202.822,95.269,29.32,0.422,0.0,0.0,0.0,152.116,1
20251230,16,179.84,172.747,171.883,95.777,25.238,2.482,0.0,0.0,0.0,128.912,1
20251231,16,228.218,221.275,220.168,95.895,31.988,1.566,0.0,0.0,0.0,165.126,1
20240101,17,107.403,105.006,104.481,98.958,18.089,0.743,0.0,0.0,0.0,78.361,1
20240102,17,101.099,97.203,96.717,96.892,17.39,2.39,0.0,0.0,0.0,72.538,1
20240103,17,121.895,116.769,116.185,97.223,20.896,2.746,0.0,0.0,0.0,87.139,1
20240104,17,95.02,92.595,92.132,93.317,16.971,1.068,0.0,0.0,0.0,69.099,1
20240105,17,96.606,92.487,92.024,96.628,16.663,2.807,0.0,0.0,0.0,69.018,1
20240106,17,112.747,111.056,110.501,97.661,19.241,0.0,0.0,0.0,0.0,82.875,1
20240107,17,107.564,104.275,103.753,97.498,18.387,1.582,0.0,0.0,0.0,77.815,1
20240108,17,99.278,95.018,94.543,98.113,16.865,2.834,0.0,0.0,0.0,70.907,1
20240109,17,115.645,112.01,111.45,97.803,19.707,1.668,0.0,0.0,0.0,83.587,1
20240110,17,110.345,107.881,107.341,94.869,19.385,0.744,0.0,0.0,0.0,80.506,1
20240111,17,84.502,83.235,82.818,98.433,14.308,0.0,0.0,0.0,0.0,62.114,1
20240112,17,90.964,87.642,87.204,98.193,15.44,2.185,0.0,0.0,0.0,65.403,1
20240113,17,111.741,109.837,109.288,97.914,19.02,0.207,0.0,0.0,0.0,81.966,1
20240114,17,118.858,114.685,114.111,95.688,20.702,2.041,0.0,0.0,0.0,85.584,1
20240115,17,116.171,114.428,113.856,97.646,19.829,0.0,0.0,0.0,0.0,85.392,1
20240116,17,120.48,118.672,118.079,99.547,20.171,0.0,0.0,0.252,0.0,88.559,1
20240117,17,106.554,104.956,104.431,97.389,18.235,0.0,0.0,0.0,0.0,78.323,1
20240118,17,120.595,114.566,113.994,97.839,20.543,3.552,0.408,0.0,0.0,85.495,1
20240119,17,114.939,109.726,109.177,98.213,19.505,3.082,0.0,0.0,0.0,81.883,1
20240120,17,127.351,122.039,121.429,98.143,21.627,2.712,0.0,0.0,0.0,91.072,1
20240121,17,132.877,130.884,130.23,96.688,22.905,0.0,0.0,0.0,0.0,97.672,1
20240122,17,124.823,120.904,120.299,99.701,20.866,1.665,0.0,0.0,0.0,90.224,1
20240123,17,121.643,119.213,118.617,98.359,20.612,0.505,0.0,0.0,0.0,88.963,1
20240124,17,112.208,106.641,106.108,96.743,19.331,3.514,0.0,0.0,0.0,79.581,1
20240125,17,103.257,100.897,100.392,96.73,17.791,0.798,0.0,0.0,0.0,75.294,1
20240126,17,117.798,116.031,115.451,99.973,19.638,0.0,0.0,0.0,0.0,86.588,1
20240127,17,137.431,132.893,132.229,97.615,23.465,1.83,0.0,0.0,0.0,99.171,1
20240128,17,108.959,107.325,106.788,99.708,18.213,0.0,0.0,0.0,0.0,80.091,1
20240129,17,111.846,110.049,109.499,97.179,19.182,0.109,0.0,0.0,0.0,82.124,1
20240130,17,108.664,104.155,103.634,98.25,18.433,2.69,0.0,0.0,0.0,77.725,1
20240131,17,104.927,101.376,100.87,100.0,17.488,1.913,0.0,0.0,0.0,75.652,1
20240201,17,118.718,115.033,114.458,97.676,20.257,1.629,0.0,0.0,0.0,85.843,1
20240202,17,126.139,121.125,120.52,99.659,21.095,2.513,0.204,0.0,0.0,90.39,1
20240203,17,109.518,105.88,105.351,96.618,18.892,1.849,0.0,0.0,0.0,79.013,1
20240204,17,113.54,109.13,108.584,100.0,18.923,2.421,0.0,0.0,0.0,81.438,1
20240205,17,125.334,118.02,117.43,99.054,21.089,4.402,0.0,0.0,0.0,88.072,1
20240206,17,120.943,118.352,117.76,97.839,20.603,0.652,0.0,0.0,0.0,88.32,1
20240207,17,103.092,98.885,98.391,97.75,17.577,2.62,0.0,0.0,0.0,73.793,1
20240208,17,129.061,124.915,124.291,98.161,21.913,1.738,0.0,0.0,0.0,93.218,1
20240209,17,110.671,109.011,108.466,94.696,19.478,0.0,0.0,0.0,0.0,81.35,1
20240210,17,101.896,98.391,97.899,97.2,17.472,1.969,0.0,0.0,0.0,73.424,1
20240211,17,127.042,122.807,122.193,97.832,21.643,1.861,0.0,0.0,0.0,91.645,1
20240212,17,122.046,117.424,116.837,95.825,21.227,2.322,0.0,0.15,0.0,87.628,1
20240213,17,123.667,120.801,120.197,97.38,21.166,0.83,0.0,0.0,0.0,90.148,1
20240214,17,128.105,124.561,123.938,98.936,21.58,1.286,0.0,0.0,0.0,92.954,1
20240215,17,107.998,105.665,105.136,98.85,18.209,0.671,0.0,0.0,0.0,78.852,1
20240216,17,102.434,99.185,98.69,93.44,18.271,1.696,0.0,0.0,0.0,74.017,1
20240217,17,124.656,120.585,119.982,99.639,20.851,1.793,0.0,0.0,0.0,89.986,1
20240218,17,119.254,115.668,115.09,95.601,20.79,1.53,0.0,0.0,0.0,86.317,1
20240219,17,125.02,120.39,119.788,96.492,21.594,2.237,0.0,0.0,0.0,89.841,1
20240220,17,129.884,127.936,127.296,97.249,22.26,0.0,0.0,0.007,0.0,95.472,1
20240221,17,119.314,115.409,114.832,99.091,20.068,1.799,0.0,0.0,0.0,86.124,1
20240222,17,135.482,131.511,130.853,96.047,23.51,1.453,0.0,0.0,0.0,98.14,1
20240223,17,102.518,98.804,98.31,98.012,17.433,2.155,0.0,0.0,0.0,73.732,1
20240224,17,89.969,87.692,87.254,95.374,15.722,1.046,0.0,0.0,0.0,65.44,1
20240225,17,123.402,117.716,117.128,96.135,21.394,3.155,0.0,0.0,0.0,87.846,1
20240226,17,109.781,106.69,106.156,96.511,18.958,1.336,0.0,0.0,0.0,79.617,1
20240227,17,124.198,120.696,120.093,96.545,21.44,1.339,0.0,0.0,0.0,90.07,1
20240228,17,106.401,100.93,100.425,98.667,17.973,3.697,0.0,0.0,0.0,75.319,1
20240229,17,106.444,104.002,103.482,97.874,18.126,0.807,0.0,0.0,0.0,77.611,1
20240301,17,87.539,85.18,84.754,100.0,14.59,1.213,0.0,0.0,0.0,63.565,1
20240302,17,120.83,116.23,115.649,97.192,20.72,2.342,0.0,0.0,0.0,86.737,1
20240303,17,118.177,115.386,114.809,95.692,20.583,0.874,0.0,0.0,0.0,86.107,1
20240304,17,108.525,105.654,105.126,96.387,18.765,1.163,0.0,0.0,0.0,78.844,1
20240305,17,137.805,132.301,131.639,97.322,23.6,2.532,0.0,0.0,0.0,98.73,1
20240306,17,137.497,128.95,128.306,97.588,23.482,4.788,0.0,0.0,0.0,96.229,1
20240307,17,142.712,138.69,137.997,99.298,23.954,1.339,0.0,0.0,0.0,103.497,1
20240308,17,120.443,118.124,117.533,96.694,20.76,0.432,0.0,0.0,0.0,88.15,1
20240309,17,130.857,127.193,126.557,96.372,22.63,1.32,0.0,0.0,0.0,94.917,1
20240310,17,125.25,122.559,121.946,96.058,21.732,0.658,0.0,0.019,0.0,91.46,1
20240311,17,130.678,127.463,126.826,97.543,22.328,0.975,0.0,0.0,0.0,95.12,1
20240312,17,117.833,113.846,113.277,97.591,20.124,1.912,0.0,0.0,0.0,84.958,1
20240313,17,153.459,149.931,149.181,97.756,26.164,0.811,0.0,0.0,0.0,111.886,1
20240314,17,119.141,114.128,113.558,98.584,20.142,2.749,0.0,0.0,0.0,85.168,1
20240315,17,144.447,139.947,139.247,99.037,24.309,1.64,0.0,0.0,0.0,104.435,1
20240316,17,147.604,139.52,138.823,99.122,24.818,4.037,0.0,0.0,0.0,104.117,1
20240317,17,104.548,101.303,100.797,97.24,17.919,1.628,0.0,0.0,0.0,75.597,1
20240318,17,118.684,116.155,115.575,96.648,20.467,0.64,0.0,0.0,0.0,86.681,1
20240319,17,132.737,128.426,127.784,96.714,22.874,1.774,0.0,0.0,0.0,95.838,1
20240320,17,131.335,127.322,126.685,97.345,22.486,1.579,0.0,0.0,0.0,95.014,1
20240321,17,127.42,125.335,124.709,98.02,21.666,0.138,0.0,0.0,0.0,93.531,1
20240322,17,135.894,130.281,129.63,99.311,22.806,2.671,0.0,0.0,0.0,97.222,1
20240323,17,108.262,104.069,103.548,99.017,18.223,2.41,0.0,0.0,0.0,77.661,1
20240324,17,133.291,129.173,128.527,97.605,22.76,1.613,0.0,0.0,0.0,96.395,1
20240325,17,137.097,131.901,131.241,99.764,22.903,2.325,0.0,0.0,0.0,98.431,1
20240326,17,154.972,148.467,147.724,97.567,26.473,2.739,0.0,0.0,0.0,110.793,1
20240327,17,116.714,114.964,114.389,96.691,20.118,0.0,0.0,0.0,0.0,85.792,1
20240328,17,116.258,112.615,112.052,97.648,19.843,1.658,0.0,0.0,0.0,84.039,1
20240329,17,136.654,132.744,132.08,98.696,23.076,1.382,0.0,0.0,0.0,99.06,1
20240330,17,138.209,133.848,133.179,99.014,23.264,1.681,0.0,0.0,0.0,99.884,1
20240331,17,110.039,107.625,107.087,98.876,18.548,0.704,0.0,0.0,0.0,80.315,1
20240401,17,127.448,123.111,122.495,96.167,22.088,1.932,0.0,0.0,0.0,91.871,1
20240402,17,152.894,147.702,146.963,98.328,25.916,1.925,0.0,0.0,0.0,110.222,1
20240403,17,97.415,95.953,95.474,99.36,16.34,0.0,0.0,0.0,0.0,71.605,1
20240404,17,158.467,153.258,152.492,98.005,26.949,1.814,0.0,0.0,0.0,114.369,1
20240405,17,143.119,140.896,140.191,97.267,24.523,0.054,0.0,0.0,0.0,105.144,1
20240406,17,129.422,127.481,126.843,99.24,21.736,0.0,0.0,0.0,0.0,95.133,1
20240407,17,136.233,130.909,130.255,97.275,23.342,2.445,0.0,0.0,0.0,97.691,1
20240408,17,127.769,123.162,122.546,98.094,21.709,2.138,0.0,0.0,0.0,91.91,1
20240409,17,122.657,115.625,115.047,97.523,20.962,4.297,0.0,0.0,0.0,86.285,1
20240410,17,141.621,139.497,138.8,96.504,24.459,0.0,0.0,0.0,0.0,104.1,1
20240411,17,108.07,104.607,104.084,95.781,18.805,1.731,0.0,0.0,0.0,78.063,1
20240412,17,154.656,149.757,149.008,97.228,26.511,1.693,0.296,0.0,0.0,111.756,1
20240413,17,139.587,136.582,135.899,98.104,23.714,0.662,0.0,0.0,0.0,101.924,1
20240414,17,135.568,133.534,132.866,98.723,22.887,0.0,0.0,0.0,0.0,99.65,1
20240415,17,137.248,134.145,133.474,97.413,23.482,0.773,0.0,0.0,0.0,100.105,1
20240416,17,132.786,130.411,129.759,96.489,22.936,0.293,0.0,0.0,0.0,97.32,1
20240417,17,166.689,159.835,159.036,97.649,28.45,2.652,0.0,0.0,0.0,119.277,1
20240418,17,131.326,128.122,127.481,98.262,22.275,0.955,0.0,0.0,0.0,95.611,1
20240419,17,138.915,135.013,134.337,98.288,23.556,1.33,0.0,0.0,0.0,100.753,1
20240420,17,136.33,130.646,129.993,98.053,23.173,2.71,0.204,0.0,0.0,97.495,1
20240421,17,145.388,143.207,142.491,95.821,25.288,0.0,0.396,0.0,0.0,106.868,1
20240422,17,172.539,169.951,169.101,97.002,29.645,0.0,0.0,0.0,0.0,126.826,1
20240423,17,127.356,125.445,124.818,96.542,21.986,0.0,0.0,0.0,0.0,93.614,1
20240424,17,139.665,133.536,132.868,99.173,23.472,2.933,0.0,0.0,0.0,99.651,1
20240425,17,139.288,133.343,132.676,100.0,23.215,2.811,0.0,0.065,0.0,99.507,1
20240426,17,135.255,132.374,131.712,96.851,23.275,0.64,0.0,0.0,0.0,98.784,1
20240427,17,132.978,127.73,127.091,94.601,23.428,2.484,0.0,0.0,0.0,95.318,1
20240428,17,143.817,141.327,140.62,96.867,24.745,0.235,0.0,0.0,0.0,105.465,1
20240429,17,153.481,149.346,148.6,97.557,26.221,1.212,0.0,0.0,0.0,111.45,1
20240430,17,147.257,143.94,143.22,100.0,24.543,0.764,0.0,0.0,0.0,107.415,1
20240501,17,143.874,137.396,136.709,96.588,24.826,3.048,0.0,0.0,0.0,102.532,1
20240502,17,143.321,141.171,140.465,98.144,24.338,0.0,0.0,0.0,0.0,105.349,1
20240503,17,134.922,132.898,132.234,96.166,23.383,0.0,0.0,0.0,0.0,99.175,1
20240504,17,129.113,125.246,124.62,97.238,22.13,1.517,0.0,0.0,0.0,93.465,1
20240505,17,137.941,134.577,133.904,97.38,23.609,0.953,0.0,0.0,0.0,100.428,1
20240506,17,154.686,150.183,149.432,96.273,26.779,1.433,0.0,0.0,0.0,112.074,1
20240507,17,138.457,134.103,133.432,98.337,23.466,1.67,0.0,0.0,0.0,100.074,1
20240508,17,149.731,145.26,144.533,97.054,25.712,1.509,0.0,0.0,0.0,108.4,1
20240509,17,166.747,162.2,161.389,97.442,28.521,1.245,0.0,0.0,0.0,121.042,1
20240510,17,148.772,142.693,141.98,97.66,25.389,2.626,0.0,0.0,0.0,106.485,1
20240511,17,169.811,164.748,163.924,94.903,29.822,1.504,0.0,0.0,0.0,122.943,1
20240512,17,153.849,150.33,149.578,98.52,26.027,0.799,0.0,0.0,0.0,112.184,1
20240513,17,143.585,137.466,136.779,98.163,24.379,2.804,0.0,0.0,0.0,102.584,1
20240514,17,159.469,156.941,156.157,100.0,26.578,0.086,0.0,0.0,0.0,117.118,1
20240515,17,146.709,141.63,140.922,98.884,24.727,1.992,0.0,0.0,0.0,105.692,1
20240516,17,140.374,133.416,132.749,100.0,23.396,3.509,0.0,0.0,0.0,99.562,1
20240517,17,151.555,148.956,148.211,98.135,25.739,0.218,0.0,0.0,0.0,111.158,1
20240518,17,166.43,163.054,162.239,99.491,27.88,0.537,0.0,0.0,0.0,121.679,1
20240519,17,143.957,137.559,136.871,98.464,24.367,2.989,0.0,0.0,0.0,102.653,1
20240520,17,129.303,126.416,125.784,97.975,21.996,0.743,0.0,0.0,0.0,94.338,1
20240521,17,156.642,154.292,153.521,97.224,26.852,0.0,0.0,0.0,0.0,115.14,1
20240522,17,126.253,124.359,123.737,97.712,21.535,0.0,0.0,0.0,0.0,92.803,1
20240523,17,191.5,184.768,183.844,99.416,32.104,2.046,0.0,0.0,0.0,137.883,1
20240524,17,150.435,144.755,144.032,95.364,26.291,2.31,0.0,0.0,0.0,108.024,1
20240525,17,157.522,151.862,151.103,98.414,26.677,2.125,0.0,0.0,0.0,113.327,1
20240526,17,181.044,173.356,172.489,97.928,30.812,2.788,0.0,0.0,0.0,129.367,1
20240527,17,163.975,160.059,159.259,94.754,28.842,0.901,0.0,0.0,0.0,119.444,1
20240528,17,171.753,168.816,167.972,96.383,29.7,0.213,0.0,0.0,0.0,125.979,1
20240529,17,155.511,153.178,152.412,96.97,26.728,0.0,0.0,0.0,0.0,114.309,1
20240530,17,160.422,155.399,154.622,96.714,27.645,1.656,0.0,0.0,0.0,115.966,1
20240531,17,148.564,145.942,145.213,95.448,25.942,0.269,0.0,0.0,0.0,108.909,1
20240601,17,167.519,160.317,159.515,98.369,28.383,2.842,0.0,0.0,0.0,119.636,1
20240602,17,175.121,171.527,170.669,98.981,29.487,0.561,0.0,0.0,0.0,128.002,1
20240603,17,136.425,132.687,132.024,96.998,23.441,1.259,0.0,0.0,0.0,99.018,1
20240604,17,162.088,157.366,156.58,96.622,27.959,1.434,0.0,0.0,0.0,117.435,1
20240605,17,161.067,158.651,157.858,95.412,28.135,0.0,0.0,0.0,0.0,118.393,1
20240606,17,166.659,160.866,160.061,97.295,28.549,2.006,0.0,0.0,0.0,120.046,1
20240607,17,187.951,184.105,183.184,97.949,31.981,0.555,0.0,0.0,0.0,137.388,1
20240608,17,149.562,142.89,142.176,98.508,25.305,3.006,0.0,0.0,0.0,106.632,1
20240609,17,136.079,129.482,128.834,97.954,23.153,3.399,0.0,0.0,0.0,96.626,1
20240610,17,142.459,138.948,138.253,94.345,25.166,0.979,0.0,0.0,0.0,103.69,1
20240611,17,171.533,167.313,166.477,98.344,29.07,0.974,0.172,0.0,0.0,124.857,1
20240612,17,158.886,154.221,153.45,97.476,27.167,1.458,0.0,0.0,0.0,115.088,1
20240613,17,155.249,150.387,149.635,96.396,26.842,1.656,0.0,0.0,0.0,112.226,1
20240614,17,148.675,140.181,139.48,97.13,25.511,4.278,0.0,0.0,0.0,104.61,1
20240615,17,166.962,163.759,162.94,96.503,28.835,0.424,0.0,0.0,0.0,122.205,1
20240616,17,165.742,159.604,158.806,96.804,28.536,2.237,0.0,0.0,0.0,119.105,1
20240617,17,163.605,160.263,159.462,98.871,27.579,0.551,0.0,0.0,0.0,119.596,1
20240618,17,163.994,157.122,156.337,96.374,28.361,2.731,0.0,0.0,0.0,117.253,1
20240619,17,170.801,165.663,164.834,98.819,28.807,1.532,0.0,0.0,0.0,123.626,1
20240620,17,195.363,190.102,189.151,97.959,33.239,1.211,0.0,0.0,0.0,141.864,1
20240621,17,150.777,146.66,145.927,98.069,25.624,1.249,0.0,0.0,0.0,109.445,1
20240622,17,131.858,129.881,129.231,96.853,22.69,0.0,0.0,0.0,0.0,96.923,1
20240623,17,166.535,160.846,160.042,98.224,28.257,1.945,0.1,0.0,0.0,120.032,1
20240624,17,154.406,151.151,150.395,98.319,26.174,0.618,0.0,0.0,0.0,112.796,1
20240625,17,149.858,144.339,143.618,98.428,25.375,2.216,0.0,0.0,0.0,107.713,1
20240626,17,148.575,145.391,144.664,96.317,25.709,0.653,0.0,0.0,0.0,108.498,1
20240627,17,135.147,131.035,130.379,95.634,23.553,1.567,0.0,0.0,0.0,97.785,1
20240628,17,143.382,135.495,134.818,96.708,24.71,4.062,0.0,0.0,0.0,101.113,1
20240629,17,189.131,184.252,183.331,98.36,32.047,1.096,0.0,0.0,0.0,137.498,1
20240630,17,143.035,140.889,140.185,98.472,24.209,0.0,0.0,0.0,0.0,105.139,1
20240701,17,167.996,164.282,163.461,97.141,28.823,0.722,0.0,0.0,0.0,122.595,1
20240702,17,174.475,169.614,168.766,98.427,29.544,1.306,0.0,0.0,0.0,126.574,1
20240703,17,191.313,185.844,184.915,98.761,32.285,1.38,0.0,0.0,0.0,138.686,1
20240704,17,146.947,144.724,144.001,96.04,25.501,0.012,0.0,0.0,0.0,108.001,1
20240705,17,166.726,162.644,161.831,100.0,27.788,0.962,0.0,0.0,0.0,121.373,1
20240706,17,172.691,170.1,169.25,95.876,30.02,0.0,0.0,0.0,0.0,126.937,1
20240707,17,192.14,183.348,182.431,96.943,33.033,3.123,0.0,0.0,0.0,136.823,1
20240708,17,155.652,147.655,146.917,96.927,26.765,3.693,0.0,0.0,0.0,110.188,1
20240709,17,185.983,179.302,178.406,96.456,32.136,2.124,0.0,0.0,0.0,133.804,1
20240710,17,158.83,152.838,152.074,98.393,26.904,2.307,0.0,0.0,0.0,114.055,1
20240711,17,184.449,181.601,180.693,98.49,31.213,0.044,0.0,0.0,0.0,135.52,1
20240712,17,172.181,169.055,168.21,95.544,30.035,0.321,0.0,0.0,0.0,126.157,1
20240713,17,159.543,156.646,155.863,96.14,27.658,0.321,0.0,0.0,0.0,116.897,1
20240714,17,158.238,153.932,153.162,97.737,26.984,1.24,0.0,0.0,0.0,114.872,1
20240715,17,169.71,163.86,163.041,96.705,29.249,1.977,0.0,0.0,0.0,122.281,1
20240716,17,168.224,163.092,162.276,95.36,29.401,1.574,0.0,0.0,0.0,121.707,1
20240717,17,156.05,152.439,151.676,97.178,26.764,0.826,0.0,0.0,0.0,113.757,1
20240718,17,191.127,184.205,183.284,95.986,33.187,2.154,0.0,0.0,0.0,137.463,1
20240719,17,156.318,153.973,153.203,97.289,26.779,0.0,0.0,0.0,0.0,114.902,1
20240720,17,194.795,191.873,190.913,97.064,33.448,0.0,0.0,0.0,0.0,143.185,1
20240721,17,168.336,163.184,162.368,95.338,29.428,1.584,0.0,0.0,0.0,121.776,1
20240722,17,181.417,178.258,177.367,97.804,30.915,0.245,0.0,0.0,0.0,133.025,1
20240723,17,190.991,185.337,184.41,96.789,32.888,1.483,0.0,0.0,0.0,138.308,1
20240724,17,198.697,195.716,194.738,97.511,33.962,0.0,0.0,0.0,0.0,146.053,1
20240725,17,221.792,216.277,215.196,100.0,36.965,1.001,0.0,0.0,0.0,161.397,1
20240726,17,164.915,161.592,160.784,97.169,28.287,0.523,0.0,0.0,0.0,120.588,1
20240727,17,167.347,164.837,164.013,98.275,28.381,0.0,0.0,0.0,0.0,123.01,1
20240728,17,187.25,178.242,177.351,94.914,32.881,3.361,0.0,0.0,0.0,133.013,1
20240729,17,171.635,169.061,168.216,100.0,28.606,0.0,0.0,0.0,0.0,126.162,1
20240730,17,173.771,168.388,167.546,99.549,29.093,1.622,0.0,0.0,0.0,125.66,1
20240731,17,170.805,164.459,163.637,95.284,29.876,2.249,0.0,0.0,0.0,122.727,1
20240801,17,170.138,165.784,164.955,96.888,29.267,1.075,0.0,0.0,0.0,123.717,1
20240802,17,185.835,180.01,179.11,100.0,30.972,1.659,0.0,0.0,0.0,134.332,1
20240803,17,139.91,132.891,132.227,97.353,23.952,3.57,0.0,0.351,0.0,99.17,1
20240804,17,188.869,181.03,180.125,97.819,32.18,2.69,0.804,0.0,0.0,135.094,1
20240805,17,143.933,140.741,140.037,95.212,25.195,0.729,0.0,0.0,0.0,105.028,1
20240806,17,186.506,179.202,178.306,96.129,32.336,2.453,0.0,0.0,0.0,133.73,1
20240807,17,142.7,140.559,139.856,97.209,24.466,0.0,0.095,0.0,0.0,104.892,1
20240808,17,185.817,182.364,181.452,95.655,32.376,0.364,0.0,0.0,0.0,136.089,1
20240809,17,178.14,171.312,170.456,96.7,30.703,2.369,0.0,0.0,0.0,127.842,1
20240810,17,152.74,148.015,147.275,94.992,26.799,1.618,0.0,0.0,0.0,110.456,1
20240811,17,159.312,154.404,153.632,97.592,27.207,1.605,0.0,0.0,0.0,115.224,1
20240812,17,162.72,160.089,159.288,98.876,27.428,0.119,0.0,0.0,0.0,119.466,1
20240813,17,206.366,199.71,198.712,98.439,34.94,1.751,0.0,0.0,0.0,149.034,1
20240814,17,126.984,123.801,123.182,95.668,22.122,1.022,0.0,0.0,0.0,92.386,1
20240815,17,179.666,171.689,170.831,97.703,30.648,2.984,0.0,0.0,0.0,128.123,1
20240816,17,166.349,160.775,159.971,99.411,27.889,1.879,0.0,0.0,0.0,119.978,1
20240817,17,161.532,159.109,158.314,97.167,27.707,0.0,0.0,0.0,0.0,118.735,1
20240818,17,161.514,156.533,155.751,97.59,27.584,1.608,0.0,0.0,0.0,116.813,1
20240819,17,172.508,169.92,169.071,97.467,29.499,0.0,0.0,0.0,0.0,126.803,1
20240820,17,151.746,147.019,146.284,100.0,25.291,1.64,0.0,0.0,0.0,109.713,1
20240821,17,178.39,174.655,173.782,99.812,29.788,0.603,0.0,0.0,0.0,130.336,1
20240822,17,151.69,147.733,146.994,96.592,26.174,1.126,0.0,0.0,0.0,110.246,1
20240823,17,189.604,182.441,181.529,96.063,32.896,2.312,0.0,0.0,0.0,136.147,1
20240824,17,177.482,173.298,172.432,96.198,30.749,0.871,0.0,0.0,0.0,129.324,1
20240825,17,180.938,175.247,174.37,95.697,31.512,1.671,0.0,0.0,0.0,130.778,1
20240826,17,149.075,146.839,146.105,96.334,25.791,0.0,0.0,0.0,0.0,109.579,1
20240827,17,156.147,152.202,151.441,97.697,26.638,1.042,0.0,0.0,0.0,113.581,1
20240828,17,142.999,139.914,139.214,97.71,24.392,0.668,0.0,0.0,0.0,104.411,1
20240829,17,144.274,141.886,141.176,97.483,24.667,0.158,0.0,0.0,0.0,105.882,1
20240830,17,141.042,135.893,135.213,98.416,23.885,2.184,0.0,0.0,0.0,101.41,1
20240831,17,129.244,124.061,123.441,96.888,22.233,2.549,0.512,0.0,0.0,92.58,1
20240901,17,150.593,146.284,145.553,98.732,25.421,1.382,0.0,0.0,0.0,109.165,1
20240902,17,164.096,161.33,160.523,95.634,28.598,0.189,0.0,0.0,0.0,120.392,1
20240903,17,150.489,142.342,141.63,96.756,25.922,3.973,0.0,0.0,0.0,106.223,1
20240904,17,150.596,143.726,143.007,98.211,25.557,3.109,0.0,0.0,0.0,107.256,1
20240905,17,157.564,152.593,151.83,96.329,27.262,1.68,0.0,0.0,0.0,113.873,1
20240906,17,171.192,166.267,165.436,96.227,29.651,1.398,0.0,0.0,0.0,124.077,1
20240907,17,164.84,161.511,160.704,97.104,28.293,0.527,0.0,0.0,0.0,120.528,1
20240908,17,153.414,147.833,147.094,96.675,26.448,2.171,0.0,0.0,0.0,110.32,1
20240909,17,163.279,160.83,160.026,96.113,28.314,0.0,0.0,0.0,0.0,120.019,1
20240910,17,170.481,166.647,165.813,96.612,29.41,0.761,0.0,0.0,0.0,124.36,1
20240911,17,152.5,146.625,145.892,96.911,26.227,2.388,0.0,0.0,0.0,109.419,1
20240912,17,134.775,132.073,131.413,93.709,23.971,0.512,0.0,0.0,0.0,98.56,1
20240913,17,142.985,139.817,139.118,95.507,24.952,0.726,0.0,0.0,0.0,104.339,1
20240914,17,150.661,148.401,147.659,98.153,25.583,0.0,0.0,0.0,0.0,110.744,1
20240915,17,168.463,162.327,161.515,96.24,29.174,2.175,0.0,0.0,0.0,121.136,1
20240916,17,151.178,145.492,144.765,95.323,26.433,2.295,0.0,0.0,0.0,108.574,1
20240917,17,132.703,129.867,129.218,96.946,22.814,0.647,0.0,0.0,0.0,96.914,1
20240918,17,125.877,121.858,121.249,95.69,21.924,1.718,0.0,0.0,0.0,90.937,1
20240919,17,156.848,151.07,150.314,95.892,27.261,2.217,0.0,0.0,0.0,112.736,1
20240920,17,162.769,157.391,156.604,97.299,27.881,1.832,0.0,0.0,0.0,117.453,1
20240921,17,141.416,137.79,137.101,97.741,24.114,1.08,0.0,0.0,0.0,102.826,1
20240922,17,143.628,141.474,140.766,98.063,24.411,0.0,0.0,0.0,0.0,105.575,1
20240923,17,181.838,176.559,175.677,96.821,31.301,1.424,0.0,0.0,0.0,131.757,1
20240924,17,159.344,154.795,154.021,98.481,26.967,1.376,0.0,0.0,0.0,115.516,1
20240925,17,124.964,118.317,117.726,97.04,21.463,3.877,0.0,0.0,0.0,88.294,1
20240926,17,144.76,142.589,141.876,94.785,25.454,0.0,0.0,0.0,0.0,106.407,1
20240927,17,156.347,150.576,149.823,96.016,27.139,2.224,0.0,0.0,0.0,112.367,1
20240928,17,145.561,143.377,142.661,99.241,24.446,0.0,0.0,0.0,0.0,106.995,1
20240929,17,190.25,186.476,185.544,100.0,31.708,0.491,0.0,0.0,0.0,139.158,1
20240930,17,146.782,144.58,143.857,97.937,24.979,0.0,0.0,0.0,0.0,107.893,1
20241001,17,125.91,122.159,121.548,96.86,21.665,1.501,0.0,0.0,0.0,91.161,1
20241002,17,124.012,120.396,119.794,96.218,21.481,1.437,0.0,0.0,0.0,89.846,1
20241003,17,148.112,145.435,144.708,96.099,25.687,0.312,0.0,0.0,0.0,108.531,1
20241004,17,148.738,146.507,145.775,96.53,25.681,0.0,0.0,0.0,0.0,109.331,1
20241005,17,134.887,132.432,131.77,96.658,23.259,0.325,0.0,0.0,0.0,98.827,1
20241006,17,158.103,152.055,151.294,98.156,26.846,2.361,0.0,0.0,0.0,113.471,1
20241007,17,163.872,158.782,157.988,96.714,28.24,1.631,0.0,0.0,0.0,118.491,1
20241008,17,141.713,136.411,135.729,96.547,24.464,2.276,0.0,0.0,0.0,101.797,1
20241009,17,140.874,138.761,138.067,100.0,23.479,0.0,0.0,0.0,0.0,103.55,1
20241010,17,116.924,113.695,113.127,96.732,20.146,1.281,0.0,0.0,0.0,84.845,1
20241011,17,147.99,145.675,144.947,96.259,25.624,0.065,0.0,0.0,0.0,108.71,1
20241012,17,159.577,155.922,155.143,97.299,27.335,0.802,0.0,0.0,0.0,116.357,1
20241013,17,128.872,124.4,123.778,96.974,22.149,2.0,0.0,0.0,0.0,92.834,1
20241014,17,136.94,132.999,132.334,98.384,23.198,1.399,0.0,0.0,0.0,99.251,1
20241015,17,170.619,164.453,163.631,97.961,29.028,2.146,0.0,0.0,0.0,122.723,1
20241016,17,128.873,123.784,123.165,97.318,22.071,2.487,0.0,0.0,0.0,92.373,1
20241017,17,124.822,122.049,121.439,97.588,21.318,0.732,0.0,0.0,0.0,91.079,1
20241018,17,139.533,136.194,135.513,94.513,24.606,0.906,0.0,0.062,0.0,101.635,1
20241019,17,132.804,129.587,128.939,97.222,22.766,0.937,0.0,0.0,0.0,96.704,1
20241020,17,153.757,150.968,150.213,98.753,25.95,0.318,0.0,0.0,0.0,112.66,1
20241021,17,163.58,157.762,156.973,98.859,27.578,2.088,0.0,0.0,0.0,117.73,1
20241022,17,114.572,111.206,110.65,96.651,19.757,1.46,0.0,0.0,0.0,82.987,1
20241023,17,141.441,134.552,133.88,97.746,24.117,3.422,0.0,0.0,0.0,100.41,1
20241024,17,132.146,130.164,129.513,95.737,23.005,0.0,0.0,0.0,0.0,97.135,1
20241025,17,151.333,148.12,147.379,96.543,26.125,0.633,0.0,0.0,0.0,110.535,1
20241026,17,136.722,134.579,133.906,98.684,23.091,0.069,0.0,0.0,0.0,100.43,1
20241027,17,132.603,128.925,128.28,97.657,22.631,1.293,0.0,0.0,0.0,96.21,1
20241028,17,134.08,129.195,128.549,98.866,22.603,2.176,0.0,0.0,0.0,96.412,1
20241029,17,152.733,148.013,147.272,97.827,26.021,1.615,0.0,0.0,0.0,110.454,1
20241030,17,140.365,136.696,136.013,95.984,24.373,1.131,0.0,0.0,0.0,102.009,1
20241031,17,125.161,122.814,122.2,97.66,21.36,0.381,0.096,0.0,0.0,91.65,1
20241101,17,117.981,114.066,113.495,95.71,20.545,1.847,0.0,0.0,0.0,85.121,1
20241102,17,128.504,124.806,124.182,97.518,21.962,1.399,0.0,0.0,0.0,93.136,1
20241103,17,121.186,119.074,118.479,95.915,21.058,0.246,0.0,0.0,0.0,88.859,1
20241104,17,119.764,117.068,116.483,97.448,20.483,0.762,0.0,0.0,0.0,87.362,1
20241105,17,114.455,112.299,111.738,100.0,19.076,0.389,0.0,0.0,0.0,83.803,1
20241106,17,127.694,124.643,124.019,99.259,21.441,0.904,0.0,0.0,0.0,93.014,1
20241107,17,137.626,135.562,134.884,99.997,22.938,0.0,0.0,0.0,0.0,101.163,1
20241108,17,131.819,129.842,129.193,99.974,21.976,0.0,0.0,0.0,0.0,96.895,1
20241109,17,123.453,121.368,120.761,99.057,20.771,0.192,0.0,0.0,0.0,90.571,1
20241110,17,124.476,120.46,119.857,96.504,21.498,1.753,0.0,0.0,0.0,89.893,1
20241111,17,131.264,129.126,128.481,95.776,22.842,0.131,0.0,0.0,0.0,96.361,1
20241112,17,120.133,118.331,117.74,99.55,20.113,0.0,0.0,0.0,0.0,88.305,1
20241113,17,134.444,129.279,128.633,96.888,23.127,2.378,0.0,0.0,0.0,96.474,1
20241114,17,153.088,150.656,149.903,97.413,26.192,0.09,0.0,0.168,0.0,112.427,1
20241115,17,142.542,137.599,136.911,96.812,24.539,1.998,0.0,0.0,0.0,102.683,1
20241116,17,118.999,116.396,115.814,99.775,19.878,0.698,0.0,0.0,0.0,86.861,1
20241117,17,116.936,112.532,111.969,97.549,19.979,2.301,0.0,0.0,0.0,83.977,1
20241118,17,116.854,111.45,110.893,98.535,19.765,3.172,0.0,0.0,0.0,83.17,1
20241119,17,133.396,130.237,129.586,97.416,22.823,0.881,0.0,0.0,0.0,97.19,1
20241120,17,116.091,114.35,113.778,97.647,19.815,0.0,0.0,0.0,0.0,85.333,1
20241121,17,109.743,107.473,106.936,99.033,18.469,0.577,0.0,0.0,0.0,80.202,1
20241122,17,110.263,108.609,108.066,99.835,18.407,0.0,0.0,0.0,0.0,81.049,1
20241123,17,124.211,122.184,121.573,97.255,21.286,0.134,0.0,0.0,0.0,91.179,1
20241124,17,109.428,107.339,106.803,96.518,18.896,0.415,0.0,0.0,0.0,80.102,1
20241125,17,134.298,127.275,126.638,97.974,22.846,3.787,0.0,0.0,0.0,94.979,1
20241126,17,111.569,109.292,108.745,98.735,18.833,0.55,0.0,0.0,0.0,81.559,1
20241127,17,135.522,132.771,132.108,95.299,23.701,0.538,0.0,0.0,0.0,99.081,1
20241128,17,134.267,130.91,130.256,98.762,22.658,1.015,0.0,0.0,0.0,97.692,1
20241129,17,120.804,118.866,118.272,96.945,20.768,0.106,0.0,0.0,0.0,88.704,1
20241130,17,120.332,116.095,115.515,97.843,20.497,2.051,0.0,0.0,0.0,86.636,1
20241201,17,114.812,111.484,110.927,96.993,19.729,1.419,0.0,0.0,0.0,83.195,1
20241202,17,121.132,115.511,114.934,97.645,20.676,3.188,0.0,0.0,0.0,86.2,1
20241203,17,123.261,119.173,118.577,98.375,20.883,1.844,0.0,0.0,0.0,88.933,1
20241204,17,116.556,111.822,111.263,95.625,20.315,2.6,0.0,0.0,0.0,83.447,1
20241205,17,115.95,113.018,112.453,98.512,19.617,1.044,0.0,0.0,0.0,84.34,1
20241206,17,119.168,115.607,115.029,96.304,20.624,1.512,0.0,0.0,0.0,86.271,1
20241207,17,132.845,130.572,129.919,100.0,22.141,0.214,0.0,0.0,0.0,97.439,1
20241208,17,109.098,106.942,106.407,95.102,19.119,0.483,0.0,0.0,0.0,79.805,1
20241209,17,115.343,111.314,110.758,97.994,19.617,2.023,0.0,0.0,0.0,83.068,1
20241210,17,133.097,129.43,128.783,97.388,22.778,1.274,0.0,0.0,0.0,96.587,1
20241211,17,130.106,125.801,125.172,96.739,22.415,1.837,0.0,0.0,0.0,93.879,1
20241212,17,130.545,127.591,126.953,99.032,21.97,0.775,0.0,0.0,0.0,95.215,1
20241213,17,114.809,111.345,110.789,99.25,19.279,1.54,0.0,0.0,0.0,83.091,1
20241214,17,116.885,112.85,112.286,98.521,19.773,1.982,0.0,0.0,0.0,84.214,1
20241215,17,122.497,120.66,120.056,98.974,20.628,0.0,0.0,0.0,0.0,90.042,1
20241216,17,130.03,126.767,126.133,100.0,21.672,1.025,0.0,0.0,0.0,94.6,1
20241217,17,114.182,109.089,108.543,98.441,19.332,3.006,0.298,0.0,0.0,81.408,1
20241218,17,111.009,107.724,107.185,96.358,19.201,1.482,0.0,0.0,0.0,80.389,1
20241219,17,133.619,128.752,128.108,97.433,22.857,2.175,0.0,0.0,0.0,96.081,1
20241220,17,117.082,113.065,112.5,98.552,19.8,1.96,0.0,0.0,0.0,84.375,1
20241221,17,132.06,128.314,127.672,96.919,22.71,1.357,0.0,0.0,0.0,95.754,1
20241222,17,120.143,118.341,117.749,96.39,20.774,0.0,0.0,0.0,0.0,88.312,1
20241223,17,104.697,101.259,100.753,98.172,17.774,1.811,0.0,0.0,0.0,75.565,1
20241224,17,108.235,106.41,105.878,94.75,19.039,0.189,0.0,0.0,0.0,79.408,1
20241225,17,113.011,107.939,107.399,97.594,19.299,3.033,0.0,0.0,0.0,80.549,1
20241226,17,112.918,109.898,109.349,97.096,19.383,1.192,0.0,0.239,0.0,82.011,1
20241227,17,110.15,107.012,106.477,99.009,18.542,1.369,0.0,0.0,0.0,79.858,1
20241228,17,127.836,124.908,124.284,97.268,21.904,0.802,0.0,0.0,0.0,93.213,1
20241229,17,115.719,113.928,113.358,94.427,20.425,0.048,0.0,0.0,0.0,85.019,1
20241230,17,98.943,97.458,96.971,97.08,16.986,0.0,0.0,0.0,0.0,72.728,1
20241231,17,99.257,97.713,97.224,97.544,16.959,0.056,0.0,0.0,0.0,72.918,1
20250101,17,122.495,119.121,118.525,98.062,20.819,1.273,0.0,0.246,0.0,88.894,1
20250102,17,110.739,106.393,105.861,94.339,19.564,2.461,0.0,0.0,0.0,79.396,1
20250103,17,107.239,104.472,103.949,96.488,18.524,1.097,0.0,0.0,0.0,77.962,1
20250104,17,89.412,87.171,86.735,96.42,15.455,1.021,0.0,0.0,0.0,65.051,1
20250105,17,102.372,98.692,98.198,97.3,17.536,2.127,0.0,0.0,0.0,73.649,1
20250106,17,116.605,112.488,111.925,97.325,19.968,2.062,0.0,0.0,0.0,83.944,1
20250107,17,100.851,97.833,97.344,97.534,17.234,1.515,0.0,0.0,0.0,73.008,1
20250108,17,100.295,97.248,96.762,100.0,16.716,1.562,0.0,0.0,0.0,72.571,1
20250109,17,111.082,106.736,106.202,96.533,19.179,2.45,0.0,0.0,0.0,79.652,1
20250110,17,137.991,132.979,132.314,97.697,23.541,2.165,0.0,0.0,0.0,99.235,1
20250111,17,109.318,106.212,105.681,97.435,18.699,1.362,0.0,0.0,0.0,79.261,1
20250112,17,115.819,114.082,113.511,98.454,19.606,0.0,0.0,0.0,0.0,85.134,1
20250113,17,101.373,98.723,98.229,98.192,17.207,1.131,0.0,0.0,0.0,73.672,1
20250114,17,113.928,112.219,111.658,98.237,19.329,0.0,0.0,0.0,0.0,83.744,1
20250115,17,117.095,113.914,113.344,98.569,19.799,1.235,0.0,0.0,0.0,85.008,1
20250116,17,107.174,104.234,103.713,97.702,18.282,1.262,0.0,0.0,0.0,77.785,1
20250117,17,93.187,91.789,91.33,98.597,15.752,0.0,0.0,0.0,0.0,68.497,1
20250118,17,120.621,118.811,118.217,95.967,20.948,0.0,0.0,0.0,0.0,88.663,1
20250119,17,112.871,110.838,110.284,97.804,19.234,0.306,0.0,0.0,0.0,82.713,1
20250120,17,129.398,125.37,124.743,97.778,22.056,1.637,0.0,0.0,0.0,93.557,1
20250121,17,119.428,116.974,116.389,97.452,20.425,0.564,0.0,0.0,0.0,87.292,1
20250122,17,94.408,91.063,90.608,97.951,16.064,2.075,0.0,0.0,0.0,67.956,1
20250123,17,109.876,105.581,105.053,97.411,18.799,2.445,0.0,0.0,0.0,78.79,1
20250124,17,119.797,114.236,113.665,98.037,20.366,3.19,0.0,0.0,0.0,85.248,1
20250125,17,121.98,117.895,117.305,98.954,20.545,1.877,0.0,0.0,0.0,87.979,1
20250126,17,119.419,117.628,117.04,98.685,20.168,0.0,0.0,0.0,0.0,87.78,1
20250127,17,115.679,113.729,113.161,97.219,19.831,0.188,0.0,0.0,0.0,84.87,1
20250128,17,115.154,112.703,112.139,99.161,19.355,0.638,0.0,0.0,0.0,84.105,1
20250129,17,101.28,98.591,98.098,98.826,17.081,1.172,0.0,0.0,0.0,73.573,1
20250130,17,107.339,105.729,105.2,98.408,18.179,0.0,0.0,0.0,0.0,78.9,1
20250131,17,102.166,99.908,99.408,97.359,17.49,0.721,0.0,0.0,0.0,74.556,1
20250201,17,94.878,92.678,92.215,99.503,15.892,0.831,0.0,0.025,0.0,69.161,1
20250202,17,125.54,123.656,123.038,98.305,21.284,0.0,0.0,0.0,0.0,92.279,1
20250203,17,106.251,102.361,101.849,96.631,18.326,2.194,0.0,0.0,0.0,76.387,1
20250204,17,113.326,110.825,110.271,95.509,19.776,0.718,0.0,0.0,0.0,82.703,1
20250205,17,112.145,107.21,106.674,96.289,19.411,2.945,0.0,0.0,0.0,80.005,1
20250206,17,110.646,107.207,106.671,94.831,19.446,1.633,0.0,0.0,0.0,80.003,1
20250207,17,114.773,111.821,111.262,94.678,20.204,1.088,0.0,0.0,0.0,83.446,1
20250208,17,103.429,101.315,100.808,98.484,17.504,0.553,0.0,0.0,0.0,75.606,1
20250209,17,119.793,115.597,115.019,97.158,20.55,2.033,0.0,0.0,0.0,86.265,1
20250210,17,124.341,120.61,120.007,98.374,21.066,1.524,0.0,0.0,0.0,90.005,1
20250211,17,121.892,115.751,115.173,97.373,20.863,3.591,0.0,0.0,0.0,86.38,1
20250212,17,120.625,117.376,116.789,96.12,20.916,1.211,0.0,0.0,0.0,87.592,1
20250213,17,116.726,114.975,114.4,96.885,20.08,0.0,0.0,0.0,0.0,85.8,1
20250214,17,119.561,117.39,116.803,97.504,20.437,0.32,0.0,0.0,0.0,87.602,1
20250215,17,113.756,110.843,110.288,96.46,19.655,1.077,0.0,0.0,0.0,82.716,1
20250216,17,112.09,107.268,106.732,98.408,18.984,2.844,0.0,0.0,0.0,80.049,1
20250217,17,136.45,133.586,132.918,99.458,22.866,0.608,0.0,0.0,0.0,99.689,1
20250218,17,116.251,112.087,111.527,96.4,20.099,2.113,0.0,0.0,0.0,83.645,1
20250219,17,111.971,108.116,107.576,98.568,18.933,1.972,0.0,0.0,0.0,80.682,1
20250220,17,112.746,111.055,110.5,93.73,20.048,0.0,0.0,0.0,0.0,82.875,1
20250221,17,123.338,120.469,119.866,97.772,21.025,0.839,0.0,0.0,0.0,89.9,1
20250222,17,106.695,101.892,101.383,97.256,18.284,3.047,0.0,0.0,0.0,76.037,1
20250223,17,134.697,131.175,130.519,98.957,22.686,1.132,0.0,0.0,0.0,97.889,1
20250224,17,121.397,117.254,116.668,96.919,20.876,1.941,0.0,0.0,0.0,87.501,1
20250225,17,113.576,111.757,111.199,98.768,19.165,0.103,0.0,0.0,0.0,83.399,1
20250226,17,123.194,119.64,119.042,97.874,20.978,1.406,0.0,0.0,0.0,89.281,1
20250227,17,121.287,117.447,116.86,96.082,21.039,1.691,0.0,0.0,0.0,87.645,1
20250228,17,112.935,111.241,110.685,94.937,19.826,0.0,0.0,0.0,0.0,83.014,1
20250301,17,112.669,108.596,108.053,98.759,19.014,2.147,0.0,0.0,0.0,81.04,1
20250302,17,118.501,116.723,116.14,94.51,20.897,0.0,0.0,0.0,0.0,87.105,1
20250303,17,101.301,97.681,97.192,94.967,17.778,2.106,0.0,0.0,0.0,72.894,1
20250304,17,139.671,135.74,135.061,99.421,23.414,1.335,0.0,0.0,0.0,101.296,1
20250305,17,149.278,145.951,145.221,100.0,24.88,0.74,0.0,0.0,0.0,108.916,1
20250306,17,124.007,121.311,120.705,97.848,21.122,0.684,0.0,0.0,0.0,90.529,1
20250307,17,121.659,115.04,114.465,96.263,21.064,4.0,0.0,0.0,0.0,85.849,1
20250308,17,133.418,129.527,128.879,96.78,22.976,1.439,0.0,0.0,0.0,96.659,1
20250309,17,112.928,107.96,107.42,97.603,19.284,2.943,0.0,0.0,0.0,80.565,1
20250310,17,120.941,117.213,116.627,93.985,21.447,1.606,0.0,0.0,0.0,87.471,1
20250311,17,116.971,114.15,113.579,100.0,19.495,0.925,0.0,0.0,0.0,85.184,1
20250312,17,144.59,142.421,141.709,99.555,24.206,0.0,0.0,0.0,0.0,106.282,1
20250313,17,103.513,101.8,101.291,96.942,17.796,0.157,0.0,0.0,0.0,75.969,1
20250314,17,115.585,113.851,113.282,99.253,19.409,0.0,0.0,0.0,0.0,84.961,1
20250315,17,129.965,125.135,124.509,95.721,22.629,2.25,0.0,0.0,0.0,93.382,1
20250316,17,129.799,127.276,126.64,100.0,21.633,0.45,0.0,0.194,0.0,94.98,1
20250317,17,106.203,104.105,103.585,96.971,18.253,0.482,0.0,0.0,0.0,77.689,1
20250318,17,132.552,130.564,129.911,96.972,22.782,0.0,0.0,0.0,0.0,97.433,1
20250319,17,152.653,150.364,149.612,97.569,26.076,0.0,0.151,0.0,0.0,112.209,1
20250320,17,120.253,117.825,117.236,99.169,20.21,0.526,0.0,0.0,0.0,87.927,1
20250321,17,157.659,152.699,151.936,100.0,26.277,1.671,0.239,0.0,0.0,113.952,1
20250322,17,130.632,126.913,126.279,96.824,22.486,1.367,0.0,0.0,0.0,94.709,1
20250323,17,148.173,145.545,144.817,97.111,25.43,0.278,0.0,0.0,0.0,108.613,1
20250324,17,113.415,109.73,109.181,99.221,19.051,1.776,0.0,0.0,0.0,81.886,1
20250325,17,155.05,152.724,151.96,96.86,26.679,0.0,0.0,0.0,0.0,113.97,1
20250326,17,139.04,136.954,136.27,98.365,23.558,0.0,0.0,0.0,0.0,102.202,1
20250327,17,121.725,118.409,117.817,97.551,20.797,1.242,0.0,0.0,0.0,88.363,1
20250328,17,143.656,141.501,140.794,100.0,23.943,0.0,0.0,0.0,0.0,105.595,1
20250329,17,132.393,127.974,127.334,98.519,22.397,1.866,0.0,0.0,0.0,95.5,1
20250330,17,104.32,102.16,101.649,97.597,17.815,0.579,0.0,0.0,0.0,76.237,1
20250331,17,117.49,114.262,113.691,97.845,20.013,1.266,0.0,0.0,0.0,85.268,1
20250401,17,101.369,99.469,98.972,97.116,17.396,0.38,0.0,0.0,0.0,74.229,1
20250402,17,144.008,137.332,136.645,98.723,24.312,3.184,0.0,0.0,0.0,102.484,1
20250403,17,135.42,132.49,131.828,95.913,23.532,0.674,0.0,0.0,0.0,98.871,1
20250404,17,112.513,109.481,108.933,97.489,19.235,1.213,0.0,0.0,0.0,81.7,1
20250405,17,135.051,132.261,131.6,96.66,23.286,0.575,0.0,0.0,0.0,98.7,1
20250406,17,125.026,121.261,120.654,97.332,21.409,1.535,0.0,0.0,0.0,90.491,1
20250407,17,138.731,134.845,134.171,96.054,24.072,1.321,0.0,0.0,0.0,100.628,1
20250408,17,138.693,135.586,134.908,99.757,23.172,0.752,0.0,0.0,0.0,101.181,1
20250409,17,155.149,152.441,151.679,96.761,26.724,0.249,0.0,0.0,0.0,113.759,1
20250410,17,128.396,124.077,123.457,96.216,22.241,1.892,0.0,0.0,0.0,92.593,1
20250411,17,142.664,135.449,134.772,99.933,23.793,3.611,0.0,0.0,0.0,101.079,1
20250412,17,144.666,142.496,141.783,97.178,24.811,0.0,0.0,0.0,0.0,106.338,1
20250413,17,121.519,117.505,116.918,95.797,21.142,1.83,0.193,0.0,0.0,87.688,1
20250414,17,123.126,121.279,120.673,96.192,21.333,0.0,0.0,0.0,0.0,90.505,1
20250415,17,118.96,114.058,113.488,97.427,20.35,2.66,0.0,0.0,0.0,85.116,1
20250416,17,145.297,142.654,141.94,97.501,24.837,0.324,0.0,0.0,0.0,106.455,1
20250417,17,157.258,152.32,151.558,100.0,26.21,1.666,0.0,0.0,0.0,113.669,1
20250418,17,149.396,145.159,144.433,99.686,24.978,1.356,0.0,0.0,0.0,108.325,1
20250419,17,126.983,120.691,120.088,95.727,22.108,3.507,0.0,0.0,0.0,90.066,1
20250420,17,134.042,128.459,127.817,96.219,23.218,2.705,0.0,0.0,0.0,95.863,1
20250421,17,130.745,127.734,127.095,98.479,22.127,0.815,0.0,0.0,0.0,95.322,1
20250422,17,140.318,136.461,135.779,98.624,23.713,1.268,0.0,0.67,0.0,101.834,1
20250423,17,139.196,132.004,131.344,99.642,23.283,3.723,0.067,0.0,0.0,98.508,1
20250424,17,132.74,129.308,128.662,99.189,22.304,1.102,0.0,0.0,0.0,96.496,1
20250425,17,148.271,142.499,141.787,95.033,26.004,2.429,0.0,0.0,0.0,106.34,1
20250426,17,139.036,135.009,134.334,95.737,24.204,1.418,0.0,0.0,0.0,100.75,1
20250427,17,166.172,161.712,160.903,97.095,28.524,1.202,0.0,0.0,0.0,120.678,1
20250428,17,135.359,133.329,132.662,96.721,23.325,0.0,0.0,0.0,0.0,99.496,1
20250429,17,160.751,158.339,157.548,98.468,27.209,0.0,0.0,0.0,0.0,118.161,1
20250430,17,134.696,130.654,130.0,95.843,23.423,1.524,0.0,0.0,0.0,97.5,1
20250501,17,136.516,132.275,131.613,97.784,23.268,1.631,0.0,0.0,0.0,98.71,1
20250502,17,159.764,153.183,152.418,97.597,27.283,2.659,0.0,0.0,0.0,114.313,1
20250503,17,161.331,156.24,155.459,93.628,28.719,1.681,0.0,0.0,0.0,116.594,1
20250504,17,128.275,123.914,123.294,96.855,22.073,1.929,0.0,0.0,0.0,92.471,1
20250505,17,160.707,153.765,152.996,100.0,26.785,2.863,0.0,0.0,0.0,114.747,1
20250506,17,125.012,123.136,122.521,97.79,21.306,0.0,0.0,0.0,0.0,91.891,1
20250507,17,131.982,130.002,129.352,98.75,22.275,0.0,0.0,0.0,0.0,97.014,1
20250508,17,137.412,131.339,130.682,96.315,23.778,2.964,0.0,0.0,0.0,98.012,1
20250509,17,157.869,153.508,152.74,94.835,27.744,1.282,0.0,0.0,0.0,114.555,1
20250510,17,170.346,164.64,163.817,99.304,28.59,1.878,0.0,0.0,0.0,122.863,1
20250511,17,140.8,138.287,137.596,97.896,23.971,0.289,0.0,0.0,0.0,103.197,1
20250512,17,149.249,142.979,142.264,97.087,25.621,2.742,0.0,0.0,0.0,106.698,1
20250513,17,149.571,145.6,144.872,96.361,25.87,1.173,0.0,0.0,0.0,108.654,1
20250514,17,147.086,142.959,142.245,96.139,25.499,1.325,0.0,0.545,0.0,106.683,1
20250515,17,147.495,143.149,142.433,97.077,25.323,1.469,0.0,0.0,0.0,106.825,1
20250516,17,135.276,133.247,132.581,95.968,23.493,0.0,0.0,0.0,0.0,99.436,1
20250517,17,165.44,162.958,162.144,98.761,27.919,0.0,0.0,0.0,0.0,121.608,1
20250518,17,158.865,155.814,155.035,100.0,26.478,0.427,0.0,0.0,0.0,116.276,1
20250519,17,182.669,179.705,178.807,97.562,31.206,0.124,0.0,0.0,0.0,134.105,1
20250520,17,156.552,153.439,152.671,96.456,27.051,0.496,0.0,0.0,0.0,114.504,1
20250521,17,158.919,156.535,155.752,97.091,27.28,0.0,0.0,0.0,0.0,116.814,1
20250522,17,158.651,154.76,153.987,96.936,27.278,0.967,0.0,0.0,0.0,115.49,1
20250523,17,160.88,153.829,153.059,96.675,27.736,2.927,0.0,0.0,0.0,114.795,1
20250524,17,137.805,135.738,135.059,97.105,23.652,0.0,0.0,0.0,0.0,101.295,1
20250525,17,156.022,150.797,150.043,98.844,26.308,1.878,0.0,0.0,0.0,112.532,1
20250526,17,145.182,143.004,142.289,93.459,25.891,0.0,0.0,0.0,0.0,106.717,1
20250527,17,156.553,152.233,151.472,97.835,26.67,1.279,0.0,0.551,0.0,113.604,1
20250528,17,154.837,147.387,146.65,96.009,26.879,3.362,0.0,0.0,0.0,109.988,1
20250529,17,172.58,169.991,169.141,99.631,28.87,0.0,0.0,0.0,0.0,126.856,1
20250530,17,161.94,159.429,158.632,96.196,28.057,0.051,0.0,0.0,0.0,118.974,1
20250531,17,139.088,136.698,136.015,98.976,23.421,0.221,0.0,0.0,0.0,102.011,1
20250601,17,171.557,166.608,165.775,98.438,29.047,1.406,0.0,0.0,0.0,124.331,1
20250602,17,174.502,170.102,169.252,99.314,29.284,1.037,0.0,0.0,0.0,126.939,1
20250603,17,146.847,141.858,141.149,96.636,25.326,1.926,0.0,0.0,0.0,105.862,1
20250604,17,171.955,165.985,165.155,97.932,29.264,2.002,0.044,0.0,0.0,123.866,1
20250605,17,164.552,158.399,157.607,99.189,27.65,2.274,0.0,0.0,0.0,118.205,1
20250606,17,146.27,142.312,141.601,100.0,24.378,1.224,0.0,0.0,0.0,106.201,1
20250607,17,176.977,171.54,170.682,98.753,29.869,1.596,0.0,0.0,0.0,128.012,1
20250608,17,135.64,132.076,131.416,95.894,23.575,1.145,0.0,0.0,0.0,98.562,1
20250609,17,171.675,167.604,166.766,97.415,29.372,0.884,0.0,0.0,0.0,125.075,1
20250610,17,176.482,167.619,166.781,95.541,30.786,3.576,0.0,0.0,0.0,125.085,1
20250611,17,154.605,150.597,149.845,97.454,26.441,1.109,0.0,0.0,0.0,112.383,1
20250612,17,172.791,165.532,164.704,99.086,29.064,2.742,0.0,0.0,0.0,123.528,1
20250613,17,190.278,179.217,178.321,97.374,32.568,4.379,0.0,0.0,0.0,133.741,1
20250614,17,173.462,170.354,169.502,98.63,29.312,0.296,0.0,0.422,0.0,127.127,1
20250615,17,135.477,133.445,132.778,98.386,22.95,0.0,0.0,0.0,0.0,99.583,1
20250616,17,134.146,129.383,128.736,99.086,22.564,2.082,0.0,0.0,0.0,96.552,1
20250617,17,197.383,192.736,191.772,96.534,34.078,0.867,0.0,0.0,0.0,143.829,1
20250618,17,189.13,183.737,182.818,97.439,32.35,1.372,0.0,0.0,0.0,137.114,1
20250619,17,171.566,166.766,165.932,99.5,28.738,1.318,0.0,0.0,0.0,124.449,1
20250620,17,149.895,140.96,140.255,96.83,25.8,4.529,0.0,0.0,0.0,105.192,1
20250621,17,193.834,187.353,186.416,97.765,33.044,1.872,0.0,0.0,0.0,139.812,1
20250622,17,172.203,167.436,166.599,100.0,28.7,1.287,0.0,0.0,0.0,124.949,1
20250623,17,181.777,176.073,175.193,100.0,30.296,1.663,0.0,0.0,0.0,131.394,1
20250624,17,168.447,164.513,163.691,99.363,28.255,0.848,0.0,0.0,0.0,122.768,1
20250625,17,156.981,148.88,148.136,96.985,26.977,3.716,0.0,0.0,0.0,111.102,1
20250626,17,174.272,169.354,168.507,100.0,29.045,1.343,0.0,0.0,0.0,126.38,1
20250627,17,182.347,178.179,177.288,98.77,30.77,0.798,0.0,0.0,0.0,132.966,1
20250628,17,164.752,162.281,161.47,97.958,28.031,0.0,0.0,0.0,0.0,121.102,1
20250629,17,140.641,138.045,137.355,98.725,23.743,0.351,0.0,0.0,0.0,103.016,1
20250630,17,164.241,157.293,156.507,97.012,28.217,2.772,0.0,0.0,0.0,117.38,1
20250701,17,182.971,178.819,177.925,100.0,30.495,0.781,0.0,0.0,0.0,133.444,1
20250702,17,176.198,169.915,169.065,95.609,30.715,2.097,0.0,0.0,0.0,126.799,1
20250703,17,184.012,176.049,175.169,95.802,32.012,2.87,0.0,0.0,0.0,131.377,1
20250704,17,144.831,138.489,137.796,98.065,24.615,2.923,0.0,0.0,0.0,103.347,1
20250705,17,157.859,151.998,151.238,96.878,27.158,2.247,0.0,0.061,0.0,113.428,1
20250706,17,161.887,155.498,154.721,97.251,27.744,2.483,0.0,0.0,0.0,116.041,1
20250707,17,182.608,179.869,178.97,98.56,30.879,0.0,0.0,0.0,0.0,134.227,1
20250708,17,182.184,176.997,176.112,97.791,31.05,1.368,0.0,0.0,0.0,132.084,1
20250709,17,181.193,171.514,170.657,97.582,30.947,3.9,0.0,0.0,0.0,127.993,1
20250710,17,145.385,143.204,142.488,99.529,24.346,0.0,0.0,0.0,0.0,106.866,1
20250711,17,185.644,177.31,176.424,95.884,32.269,3.034,0.0,0.0,0.0,132.318,1
20250712,17,155.309,151.479,150.722,96.183,26.912,0.981,0.0,0.0,0.0,113.041,1
20250713,17,196.254,190.314,189.362,96.75,33.808,1.55,0.0,0.0,0.0,142.022,1
20250714,17,190.106,180.826,179.922,98.414,32.195,3.433,0.0,0.26,0.0,134.941,1
20250715,17,164.983,162.508,161.696,98.207,27.999,0.0,0.0,0.0,0.0,121.272,1
20250716,17,167.039,163.979,163.159,99.087,28.096,0.337,0.0,0.0,0.0,122.369,1
20250717,17,161.744,159.318,158.522,99.937,26.974,0.0,0.0,0.0,0.0,118.891,1
20250718,17,173.532,167.165,166.329,99.909,28.948,2.202,0.0,0.0,0.0,124.747,1
20250719,17,145.777,140.692,139.988,96.288,25.233,2.019,0.0,0.0,0.0,104.991,1
20250720,17,152.872,150.575,149.822,97.436,26.149,0.003,0.0,0.0,0.0,112.366,1
20250721,17,188.167,182.311,181.399,96.536,32.486,1.637,0.0,0.0,0.0,136.05,1
20250722,17,216.416,207.271,206.235,100.0,36.069,2.767,0.32,0.0,0.0,154.676,1
20250723,17,182.964,175.568,174.69,99.236,30.729,2.581,0.0,0.0,0.0,131.018,1
20250724,17,172.361,168.414,167.572,98.08,29.289,0.802,0.0,0.0,0.0,125.679,1
20250725,17,182.372,179.497,178.6,100.0,30.395,0.077,0.0,0.0,0.0,133.95,1
20250726,17,190.898,184.818,183.893,98.057,32.447,1.711,0.0,0.0,0.0,137.92,1
20250727,17,134.048,127.14,126.505,98.511,22.679,3.709,0.0,0.0,0.0,94.879,1
20250728,17,174.832,170.367,169.515,96.85,30.086,1.07,0.0,0.0,0.0,127.136,1
20250729,17,177.652,173.7,172.832,97.216,30.457,0.735,0.0,0.0,0.0,129.624,1
20250730,17,170.098,167.071,166.235,99.646,28.45,0.284,0.0,0.0,0.0,124.677,1
20250731,17,181.094,176.559,175.676,94.966,31.782,1.02,0.0,0.0,0.0,131.757,1
20250801,17,181.515,178.792,177.898,97.21,31.121,0.0,0.0,0.0,0.0,133.424,1
20250802,17,155.495,151.096,150.34,98.869,26.212,1.35,0.0,0.0,0.0,112.755,1
20250803,17,137.425,134.097,133.427,95.162,24.069,0.936,0.0,0.0,0.0,100.07,1
20250804,17,174.553,169.177,168.331,96.098,30.273,1.604,0.0,0.0,0.0,126.248,1
20250805,17,159.112,153.613,152.845,96.551,27.466,1.986,0.0,0.0,0.0,114.634,1
20250806,17,133.667,130.692,130.038,95.568,23.311,0.736,0.0,0.0,0.0,97.529,1
20250807,17,152.76,148.219,147.478,98.961,25.727,1.495,0.0,0.0,0.0,110.608,1
20250808,17,159.36,155.829,155.05,96.474,27.531,0.726,0.0,0.0,0.0,116.288,1
20250809,17,165.773,158.296,157.505,96.856,28.526,3.056,0.0,0.0,0.0,118.128,1
20250810,17,189.339,186.499,185.567,96.64,32.654,0.0,0.0,0.0,0.0,139.175,1
20250811,17,167.453,164.941,164.117,99.018,28.186,0.0,0.0,0.0,0.0,123.087,1
20250812,17,170.144,166.496,165.663,100.0,28.357,0.654,0.0,0.0,0.0,124.247,1
20250813,17,144.938,142.764,142.05,95.205,25.373,0.0,0.0,0.0,0.0,106.537,1
20250814,17,148.044,143.652,142.934,96.677,25.522,1.489,0.0,0.176,0.0,107.2,1
20250815,17,194.975,187.776,186.837,96.089,33.819,2.226,0.0,0.0,0.0,140.128,1
20250816,17,173.506,167.101,166.266,95.804,30.184,2.225,0.0,0.0,0.0,124.699,1
20250817,17,178.181,172.388,171.526,98.097,30.273,1.778,0.0,0.0,0.0,128.645,1
20250818,17,174.317,170.878,170.024,98.564,29.476,0.48,0.283,0.0,0.0,127.518,1
20250819,17,162.826,156.509,155.726,96.663,28.075,2.416,0.0,0.0,0.0,116.795,1
20250820,17,170.405,166.48,165.648,97.415,29.154,0.815,0.0,0.0,0.0,124.236,1
20250821,17,159.09,156.703,155.92,97.833,27.102,0.0,0.0,0.0,0.0,116.94,1
20250822,17,126.892,123.386,122.769,100.0,21.149,1.283,0.0,0.0,0.0,92.077,1
20250823,17,175.77,171.613,170.755,98.664,29.692,0.878,0.0,0.0,0.0,128.066,1
20250824,17,182.087,174.403,173.531,97.232,31.212,2.762,0.0,0.0,0.0,130.148,1
20250825,17,144.07,136.313,135.632,95.325,25.189,3.943,0.0,0.0,0.0,101.724,1
20250826,17,158.025,154.066,153.296,97.332,27.06,1.02,0.0,0.0,0.0,114.972,1
20250827,17,159.513,156.578,155.795,100.0,26.586,0.345,0.0,0.0,0.0,116.846,1
20250828,17,143.953,141.601,140.893,98.496,24.358,0.136,0.0,0.0,0.0,105.669,1
20250829,17,155.844,152.188,151.427,95.568,27.179,0.859,0.0,0.0,0.0,113.57,1
20250830,17,178.691,174.287,173.416,96.213,30.954,0.979,0.0,0.0,0.0,130.062,1
20250831,17,168.657,160.763,159.959,95.551,29.418,3.229,0.0,0.0,0.0,119.97,1
20250901,17,157.3,153.629,152.861,98.094,26.726,0.847,0.0,0.0,0.0,114.646,1
20250902,17,161.889,158.821,158.027,99.957,26.993,0.401,0.0,0.0,0.0,118.52,1
20250903,17,146.677,144.084,143.364,95.814,25.514,0.272,0.0,0.0,0.0,107.523,1
20250904,17,162.162,154.169,153.399,94.99,28.453,3.481,0.0,0.0,0.0,115.049,1
20250905,17,159.891,153.209,152.443,96.249,27.687,2.72,0.0,0.0,0.0,114.332,1
20250906,17,162.546,155.918,155.138,95.644,28.325,2.617,0.0,0.0,0.0,116.354,1
20250907,17,180.322,171.778,170.919,98.7,30.449,3.287,0.0,0.0,0.0,128.189,1
20250908,17,147.068,143.264,142.547,94.655,25.895,1.104,0.0,0.0,0.0,106.911,1
20250909,17,162.925,160.481,159.678,96.258,28.21,0.0,0.0,0.0,0.0,119.759,1
20250910,17,169.345,163.613,162.795,92.528,30.503,1.913,0.0,0.0,0.0,122.097,1
20250911,17,120.987,117.756,117.167,96.355,20.927,1.188,0.0,0.0,0.0,87.875,1
20250912,17,128.838,125.757,125.128,96.992,22.139,0.905,0.0,0.0,0.0,93.846,1
20250913,17,180.015,175.598,174.72,96.504,31.089,0.968,0.0,0.0,0.0,131.04,1
20250914,17,166.245,163.646,162.828,96.837,28.613,0.064,0.0,0.0,0.0,122.121,1
20250915,17,162.726,160.285,159.484,96.933,27.979,0.0,0.0,0.0,0.0,119.613,1
20250916,17,150.156,146.504,145.772,97.361,25.704,0.946,0.0,0.0,0.0,109.329,1
20250917,17,126.807,121.78,121.171,95.595,22.108,2.502,0.0,0.0,0.0,90.878,1
20250918,17,151.595,145.865,145.136,98.133,25.747,2.314,0.0,0.0,0.0,108.852,1
20250919,17,155.828,150.583,149.83,96.373,26.949,1.894,0.0,0.0,0.0,112.373,1
20250920,17,162.858,159.005,158.21,95.4,28.452,0.879,0.0,0.0,0.0,118.658,1
20250921,17,159.365,154.453,153.681,99.379,26.727,1.606,0.0,0.0,0.0,115.26,1
20250922,17,145.961,140.767,140.063,95.111,25.577,2.09,0.0,0.0,0.0,105.047,1
20250923,17,163.803,160.378,159.576,95.853,28.482,0.6,0.0,0.0,0.0,119.682,1
20250924,17,154.244,148.144,147.404,97.155,26.46,2.492,0.0,0.0,0.0,110.553,1
20250925,17,124.908,121.789,121.181,96.845,21.496,1.012,0.0,0.0,0.0,90.885,1
20250926,17,163.73,161.274,160.468,98.122,27.811,0.0,0.0,0.0,0.0,120.351,1
20250927,17,139.172,137.084,136.399,96.186,24.115,0.0,0.0,0.0,0.0,102.299,1
20250928,17,119.812,114.419,113.846,94.303,21.175,3.047,0.0,0.0,0.0,85.385,1
20250929,17,130.434,125.971,125.341,100.0,21.739,1.951,0.0,0.0,0.0,94.006,1
20250930,17,123.788,121.931,121.322,96.477,21.385,0.0,0.0,0.0,0.0,90.991,1
20251001,17,140.516,138.409,137.717,96.352,24.306,0.0,0.0,0.0,0.0,103.288,1
20251002,17,151.486,146.03,145.299,97.255,25.96,2.134,0.0,0.158,0.0,108.975,1
20251003,17,152.686,150.395,149.643,98.538,25.825,0.0,0.0,0.0,0.0,112.233,1
20251004,17,136.751,131.146,130.491,94.341,24.159,2.638,0.0,0.0,0.0,97.868,1
20251005,17,144.839,139.16,138.464,99.982,24.144,2.458,0.0,0.0,0.0,103.848,1
20251006,17,153.723,151.417,150.66,94.836,27.015,0.0,0.0,0.0,0.0,112.995,1
20251007,17,128.68,124.096,123.475,98.78,21.712,2.094,0.596,0.0,0.0,92.606,1
20251008,17,156.787,153.385,152.618,96.147,27.178,0.68,0.0,0.0,0.0,114.464,1
20251009,17,156.74,151.665,150.907,97.079,26.909,1.764,0.0,0.0,0.0,113.18,1
20251010,17,160.885,156.383,155.601,98.11,27.331,1.318,0.0,0.0,0.0,116.701,1
20251011,17,129.037,124.52,123.898,98.028,21.939,2.031,0.0,0.0,0.0,92.923,1
20251012,17,166.584,161.022,160.217,99.646,27.863,1.867,0.0,0.0,0.0,120.163,1
20251013,17,148.898,146.664,145.931,97.574,25.433,0.0,0.0,0.0,0.0,109.448,1
20251014,17,143.59,138.112,137.421,96.919,24.692,2.35,0.0,0.0,0.0,103.066,1
20251015,17,142.34,134.605,133.932,95.288,24.896,3.993,0.0,0.0,0.0,100.449,1
20251016,17,125.57,121.234,120.628,96.004,21.799,1.983,0.0,0.0,0.0,90.471,1
20251017,17,124.561,121.505,120.897,98.161,21.149,0.968,0.0,0.0,0.0,90.673,1
20251018,17,126.047,123.852,123.232,98.677,21.289,0.245,0.0,0.0,0.0,92.424,1
20251019,17,139.562,137.469,136.782,98.088,23.714,0.0,0.776,0.0,0.0,102.586,1
20251020,17,167.311,164.801,163.977,97.946,28.47,0.0,0.0,0.0,0.0,122.983,1
20251021,17,132.691,129.093,128.447,95.77,23.092,1.23,0.0,0.0,0.0,96.336,1
20251022,17,135.854,132.679,132.015,97.354,23.258,0.85,0.0,0.0,0.0,99.011,1
20251023,17,169.812,167.264,166.428,96.706,29.266,0.0,0.0,0.0,0.0,124.821,1
20251024,17,149.313,144.935,144.21,96.016,25.918,1.454,0.0,0.0,0.0,108.158,1
20251025,17,134.989,132.964,132.3,95.46,23.568,0.0,0.0,0.0,0.0,99.225,1
20251026,17,139.313,136.103,135.423,97.178,23.893,0.816,0.0,0.0,0.0,101.567,1
20251027,17,110.245,107.522,106.984,96.99,18.944,0.985,0.0,0.0,0.0,80.238,1
20251028,17,170.363,163.123,162.308,99.989,28.397,2.791,0.0,0.0,0.0,121.731,1
20251029,17,150.95,148.686,147.942,99.719,25.229,0.0,0.0,0.0,0.0,110.957,1
20251030,17,133.502,130.168,129.517,96.542,23.047,1.013,0.0,0.0,0.0,97.138,1
20251031,17,143.136,140.967,140.262,97.338,24.508,0.016,0.0,0.0,0.0,105.197,1
20251101,17,141.509,138.078,137.388,100.0,23.585,0.938,0.0,0.451,0.0,103.041,1
20251102,17,121.064,117.632,117.044,97.51,20.692,1.355,0.0,0.0,0.0,87.783,1
20251103,17,107.969,106.349,105.818,97.049,18.542,0.0,0.0,0.0,0.0,79.363,1
20251104,17,133.703,130.077,129.427,98.811,22.552,1.23,0.0,0.0,0.0,97.07,1
20251105,17,160.528,154.653,153.88,96.36,27.765,2.193,0.0,0.0,0.0,115.41,1
20251106,17,133.031,130.86,130.206,93.948,23.6,0.134,0.0,0.0,0.0,97.655,1
20251107,17,128.313,122.944,122.329,98.039,21.813,2.725,0.0,0.0,0.0,91.747,1
20251108,17,134.393,130.068,129.418,95.659,23.415,1.744,0.0,0.0,0.0,97.063,1
20251109,17,145.48,138.08,137.39,97.856,24.778,3.641,0.0,0.0,0.0,103.043,1
20251110,17,114.573,110.824,110.27,97.493,19.587,1.799,0.0,0.0,0.0,82.703,1
20251111,17,129.376,125.171,124.545,96.559,22.331,1.777,0.0,0.0,0.0,93.409,1
20251112,17,139.887,133.29,132.624,93.835,24.846,3.265,0.0,0.0,0.0,99.468,1
20251113,17,139.035,135.553,134.875,99.335,23.328,1.02,0.0,0.0,0.0,101.156,1
20251114,17,122.187,118.277,117.686,98.982,20.574,1.726,0.0,0.0,0.0,88.264,1
20251115,17,126.83,124.889,124.264,98.54,21.452,0.031,0.0,0.0,0.0,93.198,1
20251116,17,112.147,110.465,109.913,95.959,19.478,0.0,0.0,0.0,0.0,82.434,1
20251117,17,133.405,130.3,129.648,95.595,23.259,0.84,0.0,0.0,0.0,97.236,1
20251118,17,132.15,127.98,127.34,97.337,22.628,1.681,0.0,0.0,0.0,95.505,1
20251119,17,146.445,141.619,140.911,96.762,25.224,1.823,0.0,0.0,0.0,105.683,1
20251120,17,118.498,116.721,116.137,96.851,20.392,0.0,0.0,0.0,0.0,87.103,1
20251121,17,105.528,103.401,102.884,98.382,17.877,0.523,0.0,0.0,0.0,77.163,1
20251122,17,127.888,125.082,124.456,95.696,22.273,0.705,0.0,0.0,0.0,93.342,1
20251123,17,138.652,134.725,134.052,100.0,23.109,1.352,0.0,0.0,0.0,100.539,1
20251124,17,120.127,118.325,117.733,97.601,20.513,0.0,0.0,0.0,0.0,88.3,1
20251125,17,137.031,134.975,134.3,97.91,23.326,0.0,0.0,0.0,0.0,100.725,1
20251126,17,111.16,109.081,108.535,99.088,18.697,0.377,0.0,0.0,0.0,81.401,1
20251127,17,125.504,121.456,120.848,98.081,21.326,1.752,0.0,0.0,0.0,90.636,1
20251128,17,117.492,115.73,115.151,94.588,20.703,0.0,0.0,0.0,0.0,86.363,1
20251129,17,113.597,111.893,111.333,98.855,19.152,0.0,0.0,0.0,0.0,83.5,1
20251130,17,103.274,98.716,98.223,94.124,18.287,2.958,0.0,0.0,0.0,73.667,1
20251201,17,132.884,130.336,129.684,97.858,22.632,0.424,0.0,0.4,0.0,97.263,1
20251202,17,112.245,110.009,109.459,96.853,19.315,0.5,0.0,0.0,0.0,82.094,1
20251203,17,118.36,116.585,116.002,99.684,19.789,0.0,0.0,0.0,0.0,87.001,1
20251204,17,124.717,121.166,120.56,96.832,21.466,1.368,0.0,0.0,0.0,90.42,1
20251205,17,107.842,103.713,103.195,98.075,18.327,2.364,0.0,0.0,0.0,77.396,1
20251206,17,118.398,115.827,115.248,94.795,20.816,0.682,0.0,0.0,0.0,86.436,1
20251207,17,115.712,110.709,110.155,99.511,19.38,2.867,0.0,0.0,0.0,82.617,1
20251208,17,123.757,120.319,119.718,97.852,21.079,1.297,0.0,0.345,0.0,89.788,1
20251209,17,142.368,137.416,136.729,99.029,23.961,2.008,0.0,0.0,0.0,102.547,1
20251210,17,99.089,97.514,97.027,97.325,16.969,0.09,0.0,0.0,0.0,72.77,1
20251211,17,128.189,125.213,124.587,96.736,22.086,0.834,0.0,0.0,0.0,93.44,1
20251212,17,103.572,100.363,99.861,99.29,17.385,1.622,0.0,0.0,0.0,74.896,1
20251213,17,105.698,101.187,100.681,95.7,18.408,2.81,0.0,0.0,0.0,75.511,1
20251214,17,111.942,110.021,109.471,95.289,19.58,0.22,0.0,0.0,0.0,82.103,1
20251215,17,93.205,90.262,89.811,97.315,15.963,1.683,0.0,0.0,0.0,67.358,1
20251216,17,129.807,126.068,125.438,99.874,21.662,1.401,0.0,0.0,0.0,94.078,1
20251217,17,115.803,113.182,112.616,95.177,20.279,0.775,0.0,0.0,0.0,84.462,1
20251218,17,120.654,116.295,115.713,100.0,20.109,2.145,0.0,0.0,0.0,86.785,1
20251219,17,120.943,117.711,117.122,96.996,20.781,1.19,0.0,0.0,0.0,87.842,1
20251220,17,104.939,102.356,101.844,99.123,17.644,0.976,0.0,0.0,0.0,76.383,1
20251221,17,114.845,111.796,111.237,97.625,19.607,1.173,0.0,0.0,0.0,83.428,1
20251222,17,102.387,97.599,97.111,96.43,17.696,3.225,0.0,0.0,0.0,72.833,1
20251223,17,103.069,101.523,101.016,95.769,17.937,0.0,0.0,0.0,0.0,75.762,1
20251224,17,109.321,107.33,106.794,98.557,18.487,0.326,0.0,0.0,0.0,80.095,1
20251225,17,107.135,105.528,105.001,98.69,18.093,0.0,0.0,0.0,0.0,78.75,1
20251226,17,117.826,116.059,115.479,97.44,20.154,0.0,0.0,0.0,0.0,86.609,1
20251227,17,108.314,104.977,104.453,94.546,19.094,1.605,0.0,0.0,0.0,78.339,1
20251228,17,116.637,111.736,111.177,95.665,20.321,2.743,0.0,0.412,0.0,83.383,1
20251229,17,122.63,120.79,120.186,96.691,21.138,0.0,0.201,0.0,0.0,90.14,1
20251230,17,130.38,127.551,126.914,98.149,22.14,0.68,0.0,0.0,0.0,95.185,1
20251231,17,97.246,92.163,91.703,98.626,16.433,3.783,0.0,0.0,0.0,68.777,1
